Entity,Code,Year,Annual CO₂ emissions from coal
Afghanistan,AFG,1949,14656
Afghanistan,AFG,1950,21068
Afghanistan,AFG,1951,25648
Afghanistan,AFG,1952,31707.998
Afghanistan,AFG,1953,37949
Afghanistan,AFG,1954,42502
Afghanistan,AFG,1955,62288
Afghanistan,AFG,1956,62288
Afghanistan,AFG,1957,76944
Afghanistan,AFG,1958,91600
Afghanistan,AFG,1959,109920
Afghanistan,AFG,1960,127115
Afghanistan,AFG,1961,175872
Afghanistan,AFG,1962,296784
Afghanistan,AFG,1963,263808
Afghanistan,AFG,1964,300448
Afghanistan,AFG,1965,381056
Afghanistan,AFG,1966,428688
Afghanistan,AFG,1967,399376
Afghanistan,AFG,1968,332429
Afghanistan,AFG,1969,362736
Afghanistan,AFG,1970,436974
Afghanistan,AFG,1971,359072
Afghanistan,AFG,1972,190528
Afghanistan,AFG,1973,310745
Afghanistan,AFG,1974,304695
Afghanistan,AFG,1975,398689
Afghanistan,AFG,1976,425024
Afghanistan,AFG,1977,450672
Afghanistan,AFG,1978,576226
Afghanistan,AFG,1979,351744
Afghanistan,AFG,1980,315762
Afghanistan,AFG,1981,333424
Afghanistan,AFG,1982,384720
Afghanistan,AFG,1983,384720
Afghanistan,AFG,1984,392556
Afghanistan,AFG,1985,399794
Afghanistan,AFG,1986,425024
Afghanistan,AFG,1987,442824
Afghanistan,AFG,1988,366400
Afghanistan,AFG,1989,337088
Afghanistan,AFG,1990,278464
Afghanistan,AFG,1991,249627
Afghanistan,AFG,1992,21984
Afghanistan,AFG,1993,18320
Afghanistan,AFG,1994,14693
Afghanistan,AFG,1995,14656
Afghanistan,AFG,1996,7328
Afghanistan,AFG,1997,3664
Afghanistan,AFG,1998,3664
Afghanistan,AFG,1999,3664
Afghanistan,AFG,2000,3664
Afghanistan,AFG,2001,69616
Afghanistan,AFG,2002,54960
Afghanistan,AFG,2003,91600
Afghanistan,AFG,2004,91600
Afghanistan,AFG,2005,106256
Afghanistan,AFG,2006,160944
Afghanistan,AFG,2007,747456
Afghanistan,AFG,2008,1077216
Afghanistan,AFG,2009,1513232
Afghanistan,AFG,2010,2246032
Afghanistan,AFG,2011,3749476
Afghanistan,AFG,2012,2821280
Afghanistan,AFG,2013,2970278
Afghanistan,AFG,2014,3238976
Afghanistan,AFG,2015,2439270
Afghanistan,AFG,2016,2420868
Afghanistan,AFG,2017,2893420
Afghanistan,AFG,2018,3220656
Afghanistan,AFG,2019,3273106
Afghanistan,AFG,2020,3634688
Afghanistan,AFG,2021,2993488
Afghanistan,AFG,2022,3488128
Afghanistan,AFG,2023,3866678
Afghanistan,AFG,2024,3894407
Africa,,1884,21984
Africa,,1885,36640
Africa,,1886,47632
Africa,,1887,47632
Africa,,1888,80608
Africa,,1889,131904
Africa,,1890,296784
Africa,,1891,296784
Africa,,1892,479984
Africa,,1893,1799024
Africa,,1894,2432896
Africa,,1895,3337904
Africa,,1896,4257568
Africa,,1897,4777856
Africa,,1898,6049264
Africa,,1899,5517984
Africa,,1900,2330304
Africa,,1901,3909488
Africa,,1902,5825760
Africa,,1903,7895920
Africa,,1904,8910848
Africa,,1905,10262864
Africa,,1906,11717472
Africa,,1907,12930256
Africa,,1908,13402912
Africa,,1909,15385136
Africa,,1910,17411328
Africa,,1911,16854400
Africa,,1912,17869328
Africa,,1913,19565760
Africa,,1914,19243328
Africa,,1915,19514464
Africa,,1916,23072208
Africa,,1917,24918864
Africa,,1918,23856304
Africa,,1919,24750932
Africa,,1920,27593584
Africa,,1921,27425040
Africa,,1922,23435402
Africa,,1923,28571872
Africa,,1924,30126222
Africa,,1925,31623984
Africa,,1926,33902990
Africa,,1927,33269120
Africa,,1928,33815056
Africa,,1929,34589910
Africa,,1930,32554640
Africa,,1931,28307124
Africa,,1932,25354880
Africa,,1933,27290204
Africa,,1934,31323508
Africa,,1935,34742940
Africa,,1936,37764850
Africa,,1937,40582330
Africa,,1938,42559696
Africa,,1939,43957376
Africa,,1940,46039320
Africa,,1941,49442016
Africa,,1942,54303980
Africa,,1943,55236530
Africa,,1944,61370588
Africa,,1945,62303170
Africa,,1946,62937748
Africa,,1947,62414836
Africa,,1948,64359092
Africa,,1949,68580430
Africa,,1950,68866190
Africa,,1951,72675500
Africa,,1952,79331280
Africa,,1953,79031190
Africa,,1954,81751460
Africa,,1955,91667560
Africa,,1956,95583120
Africa,,1957,99291560
Africa,,1958,103144250
Africa,,1959,101675750
Africa,,1960,103525576
Africa,,1961,105003010
Africa,,1962,106668824
Africa,,1963,109186570
Africa,,1964,115604430
Africa,,1965,124891080
Africa,,1966,123843820
Africa,,1967,127101050
Africa,,1968,132504056
Africa,,1969,135191330
Africa,,1970,140100460
Africa,,1971,149912160
Africa,,1972,153929400
Africa,,1973,154291950
Africa,,1974,157244400
Africa,,1975,162189950
Africa,,1976,171910020
Africa,,1977,176696930
Africa,,1978,178679440
Africa,,1979,197366240
Africa,,1980,212400670
Africa,,1981,237344160
Africa,,1982,250235650
Africa,,1983,260947090
Africa,,1984,286066370
Africa,,1985,294700860
Africa,,1986,305791040
Africa,,1987,312524580
Africa,,1988,322726180
Africa,,1989,313485150
Africa,,1990,295752770
Africa,,1991,306503330
Africa,,1992,288343100
Africa,,1993,318592200
Africa,,1994,330425760
Africa,,1995,346602100
Africa,,1996,352715000
Africa,,1997,360172740
Africa,,1998,354765060
Africa,,1999,365702000
Africa,,2000,369389900
Africa,,2001,371111000
Africa,,2002,360107200
Africa,,2003,389992420
Africa,,2004,416820100
Africa,,2005,411531900
Africa,,2006,417738180
Africa,,2007,428637570
Africa,,2008,452892100
Africa,,2009,422720220
Africa,,2010,441332130
Africa,,2011,431856480
Africa,,2012,431065950
Africa,,2013,425584450
Africa,,2014,453966850
Africa,,2015,428488300
Africa,,2016,424532930
Africa,,2017,418783330
Africa,,2018,446359970
Africa,,2019,468423680
Africa,,2020,430713570
Africa,,2021,433185950
Africa,,2022,426734900
Africa,,2023,436679700
Africa,,2024,445053400
Albania,ALB,1933,0
Albania,ALB,1934,0
Albania,ALB,1935,0
Albania,ALB,1936,0
Albania,ALB,1937,0
Albania,ALB,1938,0
Albania,ALB,1939,0
Albania,ALB,1940,0
Albania,ALB,1941,0
Albania,ALB,1942,0
Albania,ALB,1943,0
Albania,ALB,1944,0
Albania,ALB,1945,0
Albania,ALB,1946,21984
Albania,ALB,1947,0
Albania,ALB,1948,7328
Albania,ALB,1949,0
Albania,ALB,1950,43432
Albania,ALB,1951,73280
Albania,ALB,1952,76197
Albania,ALB,1953,113584
Albania,ALB,1954,157552
Albania,ALB,1955,219840
Albania,ALB,1956,249152
Albania,ALB,1957,274800
Albania,ALB,1958,289456
Albania,ALB,1959,337088
Albania,ALB,1960,326096
Albania,ALB,1961,321914
Albania,ALB,1962,362736
Albania,ALB,1963,282128
Albania,ALB,1964,333424
Albania,ALB,1965,395046
Albania,ALB,1966,477005
Albania,ALB,1967,523952
Albania,ALB,1968,589904
Albania,ALB,1969,688832
Albania,ALB,1970,891225
Albania,ALB,1971,989280
Albania,ALB,1972,1080880
Albania,ALB,1973,1168816
Albania,ALB,1974,1210141
Albania,ALB,1975,1260416
Albania,ALB,1976,1272350
Albania,ALB,1977,1699007
Albania,ALB,1978,2126321
Albania,ALB,1979,2680752
Albania,ALB,1980,2322976
Albania,ALB,1981,2645408
Albania,ALB,1982,2879904
Albania,ALB,1983,3103408
Albania,ALB,1984,3400192
Albania,ALB,1985,3722624
Albania,ALB,1986,3707968
Albania,ALB,1987,3737280
Albania,ALB,1988,4017755
Albania,ALB,1989,4056048
Albania,ALB,1990,2498848
Albania,ALB,1991,1480256
Albania,ALB,1992,799927
Albania,ALB,1993,599947
Albania,ALB,1994,168544
Albania,ALB,1995,161216
Albania,ALB,1996,113584
Albania,ALB,1997,43968
Albania,ALB,1998,54845
Albania,ALB,1999,110056
Albania,ALB,2000,69531
Albania,ALB,2001,80608
Albania,ALB,2002,84272
Albania,ALB,2003,84272
Albania,ALB,2004,84272
Albania,ALB,2005,73216
Albania,ALB,2006,73210
Albania,ALB,2007,73280
Albania,ALB,2008,102592
Albania,ALB,2009,406704
Albania,ALB,2010,447008
Albania,ALB,2011,586240
Albania,ALB,2012,685697
Albania,ALB,2013,846384
Albania,ALB,2014,1095536
Albania,ALB,2015,322432
Albania,ALB,2016,190528
Albania,ALB,2017,439680
Albania,ALB,2018,847006
Albania,ALB,2019,450672
Albania,ALB,2020,571584
Albania,ALB,2021,861040
Albania,ALB,2022,542272
Albania,ALB,2023,513625.03
Albania,ALB,2024,495061
Algeria,DZA,1916,0
Algeria,DZA,1917,3664
Algeria,DZA,1918,14656
Algeria,DZA,1919,15267
Algeria,DZA,1920,18320
Algeria,DZA,1921,25648
Algeria,DZA,1922,22442
Algeria,DZA,1923,10992
Algeria,DZA,1924,22798
Algeria,DZA,1925,25648
Algeria,DZA,1926,36640
Algeria,DZA,1927,54960
Algeria,DZA,1928,43968
Algeria,DZA,1929,42056
Algeria,DZA,1930,43968
Algeria,DZA,1931,57074
Algeria,DZA,1932,65952
Algeria,DZA,1933,80608
Algeria,DZA,1934,91600
Algeria,DZA,1935,99819
Algeria,DZA,1936,18320
Algeria,DZA,1937,36640
Algeria,DZA,1938,32976
Algeria,DZA,1939,51296
Algeria,DZA,1940,146560
Algeria,DZA,1941,212512
Algeria,DZA,1942,392048
Algeria,DZA,1943,311440
Algeria,DZA,1944,316441
Algeria,DZA,1945,428688
Algeria,DZA,1946,568849
Algeria,DZA,1947,545936
Algeria,DZA,1948,598165
Algeria,DZA,1949,706336
Algeria,DZA,1950,1883296
Algeria,DZA,1951,2040848
Algeria,DZA,1952,1842992
Algeria,DZA,1953,1547625
Algeria,DZA,1954,1483920
Algeria,DZA,1955,1593840
Algeria,DZA,1956,1761093
Algeria,DZA,1957,1974896
Algeria,DZA,1958,1810016
Algeria,DZA,1959,1461936
Algeria,DZA,1960,1256752
Algeria,DZA,1961,765313
Algeria,DZA,1962,406441
Algeria,DZA,1963,252815.98
Algeria,DZA,1964,282128
Algeria,DZA,1965,263955
Algeria,DZA,1966,271136
Algeria,DZA,1967,190445
Algeria,DZA,1968,201602
Algeria,DZA,1969,450525
Algeria,DZA,1970,970960
Algeria,DZA,1971,901344
Algeria,DZA,1972,648528
Algeria,DZA,1973,820736
Algeria,DZA,1974,699824
Algeria,DZA,1975,791333
Algeria,DZA,1976,586185
Algeria,DZA,1977,604560
Algeria,DZA,1978,571584
Algeria,DZA,1979,894016
Algeria,DZA,1980,1608496
Algeria,DZA,1981,1909095
Algeria,DZA,1982,1974896
Algeria,DZA,1983,3147595
Algeria,DZA,1984,4026735.8
Algeria,DZA,1985,3077760
Algeria,DZA,1986,2726016
Algeria,DZA,1987,2967840
Algeria,DZA,1988,2975038
Algeria,DZA,1989,2986160
Algeria,DZA,1990,2942192
Algeria,DZA,1991,2689376
Algeria,DZA,1992,2377936
Algeria,DZA,1993,1923600
Algeria,DZA,1994,2286238
Algeria,DZA,1995,1934592
Algeria,DZA,1996,1406976
Algeria,DZA,1997,1381328
Algeria,DZA,1998,2110464
Algeria,DZA,1999,2172665
Algeria,DZA,2000,1960240
Algeria,DZA,2001,2095808
Algeria,DZA,2002,2608768
Algeria,DZA,2003,2788304
Algeria,DZA,2004,1923600
Algeria,DZA,2005,2363280
Algeria,DZA,2006,2700368
Algeria,DZA,2007,3011808
Algeria,DZA,2008,3008246
Algeria,DZA,2009,1593840
Algeria,DZA,2010,1216486
Algeria,DZA,2011,1121149
Algeria,DZA,2012,1106528
Algeria,DZA,2013,776768
Algeria,DZA,2014,578912
Algeria,DZA,2015,534944
Algeria,DZA,2016,0
Algeria,DZA,2017,923350
Algeria,DZA,2018,1546208
Algeria,DZA,2019,1275100
Algeria,DZA,2020,575261
Algeria,DZA,2021,1176169
Algeria,DZA,2022,758448
Algeria,DZA,2023,734113
Algeria,DZA,2024,605761
Andorra,AND,1990,0
Andorra,AND,1991,0
Andorra,AND,1992,0
Andorra,AND,1993,0
Andorra,AND,1994,0
Andorra,AND,1995,0
Andorra,AND,1996,0
Andorra,AND,1997,0
Andorra,AND,1998,0
Andorra,AND,1999,0
Andorra,AND,2000,0
Andorra,AND,2001,0
Andorra,AND,2002,0
Andorra,AND,2003,0
Andorra,AND,2004,0
Andorra,AND,2005,0
Andorra,AND,2006,0
Andorra,AND,2007,0
Andorra,AND,2008,0
Andorra,AND,2009,0
Andorra,AND,2010,0
Andorra,AND,2011,0
Andorra,AND,2012,0
Andorra,AND,2013,0
Andorra,AND,2014,0
Andorra,AND,2015,0
Andorra,AND,2016,0
Andorra,AND,2017,0
Andorra,AND,2018,0
Andorra,AND,2019,0
Andorra,AND,2020,0
Andorra,AND,2021,0
Andorra,AND,2022,0
Andorra,AND,2023,0
Andorra,AND,2024,0
Angola,AGO,1950,59796
Angola,AGO,1951,95264
Angola,AGO,1952,120912
Angola,AGO,1953,69616
Angola,AGO,1954,76143
Angola,AGO,1955,84272
Angola,AGO,1956,40304
Angola,AGO,1957,80608
Angola,AGO,1958,43968
Angola,AGO,1959,54960
Angola,AGO,1960,123751
Angola,AGO,1961,62794
Angola,AGO,1962,91316
Angola,AGO,1963,21984
Angola,AGO,1964,76944
Angola,AGO,1965,54960
Angola,AGO,1966,87936
Angola,AGO,1967,54960
Angola,AGO,1968,102368
Angola,AGO,1969,91721
Angola,AGO,1970,47583
Angola,AGO,1971,29281
Angola,AGO,1972,7322
Angola,AGO,1973,21984
Angola,AGO,1974,0
Angola,AGO,1975,0
Angola,AGO,1976,0
Angola,AGO,1977,0
Angola,AGO,1978,0
Angola,AGO,1979,0
Angola,AGO,1980,0
Angola,AGO,1981,0
Angola,AGO,1982,0
Angola,AGO,1983,0
Angola,AGO,1984,0
Angola,AGO,1985,0
Angola,AGO,1986,0
Angola,AGO,1987,0
Angola,AGO,1988,0
Angola,AGO,1989,0
Antigua and Barbuda,ATG,1950,2443
Antigua and Barbuda,ATG,1951,11166
Antigua and Barbuda,ATG,1952,2443
Antigua and Barbuda,ATG,1953,2443
Antigua and Barbuda,ATG,1954,0
Antigua and Barbuda,ATG,1955,2443
Antigua and Barbuda,ATG,1956,2443
Argentina,ARG,1856,16651
Argentina,ARG,1857,40757
Argentina,ARG,1858,52768
Argentina,ARG,1859,33825
Argentina,ARG,1860,41522
Argentina,ARG,1861,50365
Argentina,ARG,1862,41491
Argentina,ARG,1863,61083
Argentina,ARG,1864,51953
Argentina,ARG,1865,89168
Argentina,ARG,1866,141423
Argentina,ARG,1867,101799
Argentina,ARG,1868,150623
Argentina,ARG,1869,174755
Argentina,ARG,1870,160446
Argentina,ARG,1871,173509
Argentina,ARG,1872,169208
Argentina,ARG,1873,187797
Argentina,ARG,1874,222817
Argentina,ARG,1875,129876
Argentina,ARG,1876,127019
Argentina,ARG,1877,100473
Argentina,ARG,1878,80873
Argentina,ARG,1879,191650
Argentina,ARG,1880,194096
Argentina,ARG,1881,308238
Argentina,ARG,1882,344096
Argentina,ARG,1883,481405
Argentina,ARG,1884,657415
Argentina,ARG,1885,761540
Argentina,ARG,1886,784439
Argentina,ARG,1887,1207669
Argentina,ARG,1888,1198649
Argentina,ARG,1889,1967535
Argentina,ARG,1890,1452580
Argentina,ARG,1891,1083523
Argentina,ARG,1892,1684981
Argentina,ARG,1893,1670885
Argentina,ARG,1894,1947204
Argentina,ARG,1895,2339746
Argentina,ARG,1896,2283952
Argentina,ARG,1897,2237196
Argentina,ARG,1898,2226631
Argentina,ARG,1899,2642508
Argentina,ARG,1900,2025777.1
Argentina,ARG,1901,2407750
Argentina,ARG,1902,2554854
Argentina,ARG,1903,2922669
Argentina,ARG,1904,3738865
Argentina,ARG,1905,4654740
Argentina,ARG,1906,6213628
Argentina,ARG,1907,5458138
Argentina,ARG,1908,5887324
Argentina,ARG,1909,5454093
Argentina,ARG,1910,6914247
Argentina,ARG,1911,8437358
Argentina,ARG,1912,8545437
Argentina,ARG,1913,9288228
Argentina,ARG,1914,8169474.5
Argentina,ARG,1915,5283444
Argentina,ARG,1916,3815566
Argentina,ARG,1917,1843432
Argentina,ARG,1918,939068
Argentina,ARG,1919,2787155
Argentina,ARG,1920,4839460
Argentina,ARG,1921,3786248
Argentina,ARG,1922,4645840
Argentina,ARG,1923,5741236
Argentina,ARG,1924,7657790
Argentina,ARG,1925,7269305
Argentina,ARG,1926,6515195
Argentina,ARG,1927,8383240.5
Argentina,ARG,1928,7736317
Argentina,ARG,1929,7797564
Argentina,ARG,1930,7690381
Argentina,ARG,1931,6568786
Argentina,ARG,1932,6128572
Argentina,ARG,1933,6251066
Argentina,ARG,1934,7001347
Argentina,ARG,1935,6771670
Argentina,ARG,1936,7208057
Argentina,ARG,1937,7854982
Argentina,ARG,1938,7223369
Argentina,ARG,1939,6871197
Argentina,ARG,1940,5152440
Argentina,ARG,1941,2685712
Argentina,ARG,1942,1385368
Argentina,ARG,1943,1549469
Argentina,ARG,1944,1648800
Argentina,ARG,1945,2044512
Argentina,ARG,1946,3041120
Argentina,ARG,1947,3254453
Argentina,ARG,1948,5814768
Argentina,ARG,1949,3598048
Argentina,ARG,1950,3561408
Argentina,ARG,1951,5470352
Argentina,ARG,1952,4507177
Argentina,ARG,1953,3114400
Argentina,ARG,1954,3722253
Argentina,ARG,1955,3209664
Argentina,ARG,1956,3814224
Argentina,ARG,1957,3359888
Argentina,ARG,1958,3781248
Argentina,ARG,1959,3729952
Argentina,ARG,1960,3905824
Argentina,ARG,1961,3539424
Argentina,ARG,1962,2007872.1
Argentina,ARG,1963,2304656
Argentina,ARG,1964,2557304
Argentina,ARG,1965,2601440
Argentina,ARG,1966,2586784
Argentina,ARG,1967,2938857
Argentina,ARG,1968,2366944
Argentina,ARG,1969,2590448
Argentina,ARG,1970,3286608
Argentina,ARG,1971,2927536
Argentina,ARG,1972,2857920
Argentina,ARG,1973,2879904
Argentina,ARG,1974,3367216
Argentina,ARG,1975,3594384
Argentina,ARG,1976,3242640
Argentina,ARG,1977,2703934
Argentina,ARG,1978,3836071
Argentina,ARG,1979,3601712
Argentina,ARG,1980,2865248
Argentina,ARG,1981,2956848
Argentina,ARG,1982,2660158
Argentina,ARG,1983,2191072
Argentina,ARG,1984,2147178
Argentina,ARG,1985,2773547
Argentina,ARG,1986,3392864
Argentina,ARG,1987,3777584
Argentina,ARG,1988,4023193
Argentina,ARG,1989,4143983.8
Argentina,ARG,1990,3140048
Argentina,ARG,1991,2938528
Argentina,ARG,1992,3107072
Argentina,ARG,1993,2528239
Argentina,ARG,1994,3561301
Argentina,ARG,1995,3740944
Argentina,ARG,1996,3114315
Argentina,ARG,1997,2806624
Argentina,ARG,1998,3154704
Argentina,ARG,1999,2788304
Argentina,ARG,2000,2359677
Argentina,ARG,2001,2007817
Argentina,ARG,2002,1579184
Argentina,ARG,2003,2480461
Argentina,ARG,2004,2531824
Argentina,ARG,2005,3667664
Argentina,ARG,2006,3968029
Argentina,ARG,2007,3759264
Argentina,ARG,2008,3975440
Argentina,ARG,2009,3304860
Argentina,ARG,2010,4081696
Argentina,ARG,2011,4825488
Argentina,ARG,2012,5078401
Argentina,ARG,2013,4840051
Argentina,ARG,2014,5536412
Argentina,ARG,2015,5466688
Argentina,ARG,2016,4191616
Argentina,ARG,2017,4279552
Argentina,ARG,2018,4356496
Argentina,ARG,2019,2143397
Argentina,ARG,2020,3224392
Argentina,ARG,2021,4510384
Argentina,ARG,2022,4730780
Argentina,ARG,2023,4226369
Argentina,ARG,2024,3161684
Armenia,ARM,1830,41
Armenia,ARM,1831,49
Armenia,ARM,1832,32
Armenia,ARM,1833,41
Armenia,ARM,1850,250.99998
Armenia,ARM,1855,762
Armenia,ARM,1858,1070
Armenia,ARM,1859,1134
Armenia,ARM,1860,1380
Armenia,ARM,1861,1784
Armenia,ARM,1862,1598
Armenia,ARM,1863,1605
Armenia,ARM,1864,1752
Armenia,ARM,1865,1631
Armenia,ARM,1866,5729
Armenia,ARM,1867,6473
Armenia,ARM,1868,4924
Armenia,ARM,1869,7003
Armenia,ARM,1870,7670
Armenia,ARM,1871,10798
Armenia,ARM,1872,11029
Armenia,ARM,1873,9396
Armenia,ARM,1874,10877
Armenia,ARM,1875,11586
Armenia,ARM,1876,13217
Armenia,ARM,1877,11818
Armenia,ARM,1878,16013
Armenia,ARM,1879,15024
Armenia,ARM,1880,17925
Armenia,ARM,1881,16332.001
Armenia,ARM,1882,16895
Armenia,ARM,1883,19584
Armenia,ARM,1884,15512
Armenia,ARM,1885,14856
Armenia,ARM,1886,15067
Armenia,ARM,1887,13385
Armenia,ARM,1888,13403
Armenia,ARM,1889,15714.999
Armenia,ARM,1890,16453
Armenia,ARM,1891,16016.001
Armenia,ARM,1892,17328
Armenia,ARM,1893,20101
Armenia,ARM,1894,23165
Armenia,ARM,1895,21639
Armenia,ARM,1896,22737
Armenia,ARM,1897,26792
Armenia,ARM,1898,29792
Armenia,ARM,1899,38101
Armenia,ARM,1900,41685
Armenia,ARM,1901,38270
Armenia,ARM,1902,38035
Armenia,ARM,1903,41016
Armenia,ARM,1904,49126
Armenia,ARM,1905,53447
Armenia,ARM,1906,61096
Armenia,ARM,1907,72187
Armenia,ARM,1908,72943
Armenia,ARM,1909,76078
Armenia,ARM,1910,71011
Armenia,ARM,1911,79973
Armenia,ARM,1912,99047
Armenia,ARM,1913,117212
Armenia,ARM,1914,94917
Armenia,ARM,1915,74920
Armenia,ARM,1916,79613
Armenia,ARM,1917,75749
Armenia,ARM,1918,28626
Armenia,ARM,1919,16752
Armenia,ARM,1920,16008.999
Armenia,ARM,1921,19675
Armenia,ARM,1922,23887
Armenia,ARM,1923,25946
Armenia,ARM,1924,35646
Armenia,ARM,1925,32263
Armenia,ARM,1926,56932
Armenia,ARM,1927,73077
Armenia,ARM,1928,87335
Armenia,ARM,1929,83812
Armenia,ARM,1930,83815
Armenia,ARM,1931,99755
Armenia,ARM,1932,136040
Armenia,ARM,1933,168706
Armenia,ARM,1934,215518
Armenia,ARM,1935,258033
Armenia,ARM,1936,306526
Armenia,ARM,1937,308456
Armenia,ARM,1938,324868
Armenia,ARM,1939,330546
Armenia,ARM,1940,442883
Armenia,ARM,1941,356661
Armenia,ARM,1942,111713
Armenia,ARM,1943,141757
Armenia,ARM,1944,220358
Armenia,ARM,1945,387299
Armenia,ARM,1946,426814
Armenia,ARM,1947,509383.97
Armenia,ARM,1948,523755
Armenia,ARM,1949,587827
Armenia,ARM,1950,646967
Armenia,ARM,1951,701303
Armenia,ARM,1952,727057
Armenia,ARM,1953,745794
Armenia,ARM,1954,803213
Armenia,ARM,1955,889321
Armenia,ARM,1956,924247
Armenia,ARM,1957,957380
Armenia,ARM,1958,946678
Armenia,ARM,1959,934711
Armenia,ARM,1960,897660
Armenia,ARM,1961,840761
Armenia,ARM,1962,793737
Armenia,ARM,1963,801504
Armenia,ARM,1964,806175
Armenia,ARM,1965,818498
Armenia,ARM,1966,833357
Armenia,ARM,1967,817693
Armenia,ARM,1968,788596
Armenia,ARM,1969,786259
Armenia,ARM,1970,844103
Armenia,ARM,1971,838322
Armenia,ARM,1972,853075
Armenia,ARM,1973,846102
Armenia,ARM,1974,831516
Armenia,ARM,1975,847889
Armenia,ARM,1976,866850
Armenia,ARM,1977,873889
Armenia,ARM,1978,852424
Armenia,ARM,1979,853781
Armenia,ARM,1980,906199
Armenia,ARM,1981,794294
Armenia,ARM,1982,804800
Armenia,ARM,1983,793659
Armenia,ARM,1984,786425
Armenia,ARM,1985,918848
Armenia,ARM,1986,988489
Armenia,ARM,1987,985934
Armenia,ARM,1988,864515
Armenia,ARM,1989,815263
Armenia,ARM,1990,694219
Armenia,ARM,1991,603985
Armenia,ARM,1992,373728
Armenia,ARM,1993,7339
Armenia,ARM,1994,95264
Armenia,ARM,1995,7328
Armenia,ARM,1996,14656
Armenia,ARM,1997,14656
Armenia,ARM,1998,14640
Armenia,ARM,1999,7328
Armenia,ARM,2000,0
Armenia,ARM,2001,0
Armenia,ARM,2002,47574
Armenia,ARM,2003,73280
Armenia,ARM,2004,0
Armenia,ARM,2005,0
Armenia,ARM,2006,3664
Armenia,ARM,2007,7333
Armenia,ARM,2008,7328
Armenia,ARM,2009,3661
Armenia,ARM,2010,7328
Armenia,ARM,2011,7328
Armenia,ARM,2012,7328
Armenia,ARM,2013,3662
Armenia,ARM,2014,3662
Armenia,ARM,2015,3664
Armenia,ARM,2016,3667
Armenia,ARM,2017,3664
Armenia,ARM,2018,3664
Armenia,ARM,2019,10992
Armenia,ARM,2020,29328
Armenia,ARM,2021,43968
Armenia,ARM,2022,43968
Armenia,ARM,2023,40480
Armenia,ARM,2024,45893
Aruba,ABW,1926,0
Aruba,ABW,1927,0
Aruba,ABW,1928,0
Aruba,ABW,1929,0
Aruba,ABW,1930,0
Aruba,ABW,1931,0
Aruba,ABW,1932,0
Aruba,ABW,1933,0
Aruba,ABW,1934,0
Aruba,ABW,1935,0
Aruba,ABW,1936,0
Aruba,ABW,1937,0
Aruba,ABW,1938,0
Aruba,ABW,1939,0
Aruba,ABW,1940,0
Aruba,ABW,1941,0
Aruba,ABW,1942,0
Aruba,ABW,1943,0
Aruba,ABW,1944,0
Aruba,ABW,1945,0
Aruba,ABW,1946,0
Aruba,ABW,1947,0
Aruba,ABW,1948,0
Aruba,ABW,1949,0
Aruba,ABW,1950,0
Aruba,ABW,1951,0
Aruba,ABW,1952,0
Aruba,ABW,1953,0
Aruba,ABW,1954,0
Aruba,ABW,1955,0
Aruba,ABW,1956,0
Aruba,ABW,1957,0
Aruba,ABW,1958,0
Aruba,ABW,1959,0
Aruba,ABW,1960,0
Aruba,ABW,1961,0
Aruba,ABW,1962,0
Aruba,ABW,1963,0
Aruba,ABW,1964,0
Aruba,ABW,1965,0
Aruba,ABW,1966,0
Aruba,ABW,1967,0
Aruba,ABW,1968,0
Aruba,ABW,1969,0
Aruba,ABW,1970,0
Aruba,ABW,1971,0
Aruba,ABW,1972,0
Aruba,ABW,1973,0
Aruba,ABW,1974,0
Aruba,ABW,1975,0
Aruba,ABW,1976,0
Aruba,ABW,1977,0
Aruba,ABW,1978,0
Aruba,ABW,1979,0
Aruba,ABW,1980,0
Aruba,ABW,1981,0
Aruba,ABW,1982,0
Aruba,ABW,1983,0
Aruba,ABW,1984,0
Aruba,ABW,1985,0
Asia,,1830,2365
Asia,,1831,2837
Asia,,1832,1890
Asia,,1833,2365
Asia,,1850,14657
Asia,,1855,44449
Asia,,1858,456899
Asia,,1859,702674
Asia,,1860,722374
Asia,,1861,599485
Asia,,1862,641923
Asia,,1863,702833
Asia,,1864,679073
Asia,,1865,813236
Asia,,1866,1176948
Asia,,1867,598704
Asia,,1868,477087
Asia,,1869,691760
Asia,,1870,619292
Asia,,1871,839427
Asia,,1872,907541
Asia,,1873,822060
Asia,,1874,1486889
Asia,,1875,2486956
Asia,,1876,2513345
Asia,,1877,2540678
Asia,,1878,4946356
Asia,,1879,4976154
Asia,,1880,5405678
Asia,,1881,5537302
Asia,,1882,5777502
Asia,,1883,6471059
Asia,,1884,6807331
Asia,,1885,7088446
Asia,,1886,7413681
Asia,,1887,8722331
Asia,,1888,9651378
Asia,,1889,11384336
Asia,,1890,12369096
Asia,,1891,14189489
Asia,,1892,15109815
Asia,,1893,16253198
Asia,,1894,18966818
Asia,,1895,21688744
Asia,,1896,23182260
Asia,,1897,24695406
Asia,,1898,30085152
Asia,,1899,32033532
Asia,,1900,36354880
Asia,,1901,40878700
Asia,,1902,43762588
Asia,,1903,45274676
Asia,,1904,50664556
Asia,,1905,52337780
Asia,,1906,58515892
Asia,,1907,84195580
Asia,,1908,92481610
Asia,,1909,94434880
Asia,,1910,97503944
Asia,,1911,103739140
Asia,,1912,105983470
Asia,,1913,122141360
Asia,,1914,127387144
Asia,,1915,120470380
Asia,,1916,132062620
Asia,,1917,143997840
Asia,,1918,151687980
Asia,,1919,167024480
Asia,,1920,157559200
Asia,,1921,151447660
Asia,,1922,158001100
Asia,,1923,172000910
Asia,,1924,183813820
Asia,,1925,184185000
Asia,,1926,185921310
Asia,,1927,199729400
Asia,,1928,205428160
Asia,,1929,211306080
Asia,,1930,206660240
Asia,,1931,196425090
Asia,,1932,193904180
Asia,,1933,213511700
Asia,,1934,241948750
Asia,,1935,263301020
Asia,,1936,281984640
Asia,,1937,291280320
Asia,,1938,299365660
Asia,,1939,312861860
Asia,,1940,371567600
Asia,,1941,389884160
Asia,,1942,368449730
Asia,,1943,350167900
Asia,,1944,341232030
Asia,,1945,224285180
Asia,,1946,185763550
Asia,,1947,218714980
Asia,,1948,239768060
Asia,,1949,282799070
Asia,,1950,305085570
Asia,,1951,351603200
Asia,,1952,390030270
Asia,,1953,406437860
Asia,,1954,436420930
Asia,,1955,476244700
Asia,,1956,521427360
Asia,,1957,592440200
Asia,,1958,861233860
Asia,,1959,1061623230
Asia,,1960,1145830400
Asia,,1961,951408900
Asia,,1962,854558660
Asia,,1963,868188160
Asia,,1964,876271300
Asia,,1965,937532600
Asia,,1966,991401500
Asia,,1967,925027260
Asia,,1968,981403200
Asia,,1969,1098476300
Asia,,1970,1290899700
Asia,,1971,1379240700
Asia,,1972,1401287800
Asia,,1973,1448337800
Asia,,1974,1472058800
Asia,,1975,1619243000
Asia,,1976,1637520000
Asia,,1977,1743993500
Asia,,1978,1821841800
Asia,,1979,1894844200
Asia,,1980,1939128800
Asia,,1981,1978473900
Asia,,1982,2121740800
Asia,,1983,2230022000
Asia,,1984,2429583600
Asia,,1985,2656449300
Asia,,1986,2777708000
Asia,,1987,2939011600
Asia,,1988,3164298000
Asia,,1989,3216729600
Asia,,1990,3254735400
Asia,,1991,3371156000
Asia,,1992,3431676400
Asia,,1993,3565156400
Asia,,1994,3724001500
Asia,,1995,3941032200
Asia,,1996,4103725800
Asia,,1997,4108668700
Asia,,1998,3922540800
Asia,,1999,4116881400
Asia,,2000,4274939600
Asia,,2001,4359671000
Asia,,2002,4807834600
Asia,,2003,5507668000
Asia,,2004,5833265700
Asia,,2005,6527108600
Asia,,2006,7115938300
Asia,,2007,7664360000
Asia,,2008,8173211000
Asia,,2009,8563027500
Asia,,2010,9260066000
Asia,,2011,10121011000
Asia,,2012,10465574000
Asia,,2013,10569128000
Asia,,2014,10721767000
Asia,,2015,10642819000
Asia,,2016,10534015000
Asia,,2017,10810024000
Asia,,2018,11161663000
Asia,,2019,11437149000
Asia,,2020,11443860000
Asia,,2021,11928202000
Asia,,2022,12560106000
Asia,,2023,13057733000
Asia,,2024,13331079000
Asia (excl. China and India),,1830,2365
Asia (excl. China and India),,1831,2837
Asia (excl. China and India),,1832,1890
Asia (excl. China and India),,1833,2365
Asia (excl. China and India),,1850,14657
Asia (excl. China and India),,1855,44449
Asia (excl. China and India),,1858,62418
Asia (excl. China and India),,1859,66200
Asia (excl. China and India),,1860,79270
Asia (excl. China and India),,1861,102240
Asia (excl. China and India),,1862,91638
Asia (excl. China and India),,1863,92879
Asia (excl. China and India),,1864,102268
Asia (excl. China and India),,1865,246376
Asia (excl. China and India),,1866,537159
Asia (excl. China and India),,1867,598704
Asia (excl. China and India),,1868,477087
Asia (excl. China and India),,1869,691760
Asia (excl. China and India),,1870,619292
Asia (excl. China and India),,1871,839427
Asia (excl. China and India),,1872,907541
Asia (excl. China and India),,1873,822060
Asia (excl. China and India),,1874,1486889
Asia (excl. China and India),,1875,2486956
Asia (excl. China and India),,1876,2513345
Asia (excl. China and India),,1877,2540678
Asia (excl. China and India),,1878,3179478
Asia (excl. China and India),,1879,3365079
Asia (excl. China and India),,1880,3628855
Asia (excl. China and India),,1881,3797106
Asia (excl. China and India),,1882,3808411
Asia (excl. China and India),,1883,4180416
Asia (excl. China and India),,1884,4374144
Asia (excl. China and India),,1885,4834267
Asia (excl. China and India),,1886,4997069
Asia (excl. China and India),,1887,6000401
Asia (excl. China and India),,1888,6677463
Asia (excl. China and India),,1889,7996438
Asia (excl. China and India),,1890,8593347
Asia (excl. China and India),,1891,10135282
Asia (excl. China and India),,1892,10693794
Asia (excl. China and India),,1893,11793968
Asia (excl. China and India),,1894,14057349
Asia (excl. China and India),,1895,15526594
Asia (excl. China and India),,1896,16479753
Asia (excl. China and India),,1897,17614632
Asia (excl. China and India),,1898,22062560
Asia (excl. China and India),,1899,23162674
Asia (excl. China and India),,1900,25700568
Asia (excl. China and India),,1901,29326034
Asia (excl. China and India),,1902,30837196
Asia (excl. China and India),,1903,32323092
Asia (excl. China and India),,1904,36357150
Asia (excl. China and India),,1905,37678988
Asia (excl. China and India),,1906,41480264
Asia (excl. China and India),,1907,44889256
Asia (excl. China and India),,1908,47508948
Asia (excl. China and India),,1909,49514470
Asia (excl. China and India),,1910,51517384
Asia (excl. China and India),,1911,56964644
Asia (excl. China and India),,1912,63346188
Asia (excl. China and India),,1913,69666136
Asia (excl. China and India),,1914,71997860
Asia (excl. China and India),,1915,65264804
Asia (excl. China and India),,1916,71888056
Asia (excl. China and India),,1917,80260080
Asia (excl. China and India),,1918,80853260
Asia (excl. China and India),,1919,89625210
Asia (excl. China and India),,1920,86004020
Asia (excl. China and India),,1921,79071150
Asia (excl. China and India),,1922,84925990
Asia (excl. China and India),,1923,91252984
Asia (excl. China and India),,1924,98088990
Asia (excl. China and India),,1925,101831530
Asia (excl. China and India),,1926,105701060
Asia (excl. China and India),,1927,115478190
Asia (excl. China and India),,1928,118631640
Asia (excl. China and India),,1929,122331016
Asia (excl. China and India),,1930,115878750
Asia (excl. China and India),,1931,106991390
Asia (excl. China and India),,1932,108838520
Asia (excl. China and India),,1933,125322100
Asia (excl. China and India),,1934,141535650
Asia (excl. China and India),,1935,151162220
Asia (excl. China and India),,1936,168069950
Asia (excl. China and India),,1937,177744480
Asia (excl. China and India),,1938,189488140
Asia (excl. China and India),,1939,191479360
Asia (excl. China and India),,1940,231668260
Asia (excl. China and India),,1941,227125820
Asia (excl. China and India),,1942,192744720
Asia (excl. China and India),,1943,198338560
Asia (excl. China and India),,1944,193835920
Asia (excl. China and India),,1945,118157950
Asia (excl. China and India),,1946,99637140
Asia (excl. China and India),,1947,125547440
Asia (excl. China and India),,1948,150046820
Asia (excl. China and India),,1949,167033020
Asia (excl. China and India),,1950,175071280
Asia (excl. China and India),,1951,197173860
Asia (excl. China and India),,1952,206729390
Asia (excl. China and India),,1953,217227760
Asia (excl. China and India),,1954,220340590
Asia (excl. China and India),,1955,229430670
Asia (excl. China and India),,1956,251281660
Asia (excl. China and India),,1957,275806100
Asia (excl. China and India),,1958,277247700
Asia (excl. China and India),,1959,286661250
Asia (excl. China and India),,1960,309571040
Asia (excl. China and India),,1961,334042140
Asia (excl. China and India),,1962,339368200
Asia (excl. China and India),,1963,351637340
Asia (excl. China and India),,1964,368770000
Asia (excl. China and India),,1965,388080540
Asia (excl. China and India),,1966,404646750
Asia (excl. China and India),,1967,422325060
Asia (excl. China and India),,1968,444849120
Asia (excl. China and India),,1969,473922620
Asia (excl. China and India),,1970,501471520
Asia (excl. China and India),,1971,515837730
Asia (excl. China and India),,1972,496173500
Asia (excl. China and India),,1973,526772600
Asia (excl. China and India),,1974,550303100
Asia (excl. China and India),,1975,551248300
Asia (excl. China and India),,1976,558194050
Asia (excl. China and India),,1977,567855600
Asia (excl. China and India),,1978,529786720
Asia (excl. China and India),,1979,566688800
Asia (excl. China and India),,1980,619046700
Asia (excl. China and India),,1981,643054660
Asia (excl. China and India),,1982,659711170
Asia (excl. China and India),,1983,675639040
Asia (excl. China and India),,1984,743907300
Asia (excl. China and India),,1985,818774850
Asia (excl. China and India),,1986,847004800
Asia (excl. China and India),,1987,876894200
Asia (excl. China and India),,1988,954566100
Asia (excl. China and India),,1989,956981500
Asia (excl. China and India),,1990,911423500
Asia (excl. China and India),,1991,928367360
Asia (excl. China and India),,1992,905674900
Asia (excl. China and India),,1993,903388540
Asia (excl. China and India),,1994,887566700
Asia (excl. China and India),,1995,899592200
Asia (excl. China and India),,1996,938959800
Asia (excl. China and India),,1997,971203460
Asia (excl. China and India),,1998,953509000
Asia (excl. China and India),,1999,975431550
Asia (excl. China and India),,2000,1100445600
Asia (excl. China and India),,2001,1139675600
Asia (excl. China and India),,2002,1190692200
Asia (excl. China and India),,2003,1279943400
Asia (excl. China and India),,2004,1328079900
Asia (excl. China and India),,2005,1381372700
Asia (excl. China and India),,2006,1437133400
Asia (excl. China and India),,2007,1532033900
Asia (excl. China and India),,2008,1533090200
Asia (excl. China and India),,2009,1550209700
Asia (excl. China and India),,2010,1674934700
Asia (excl. China and India),,2011,1736986400
Asia (excl. China and India),,2012,1794143500
Asia (excl. China and India),,2013,1799327200
Asia (excl. China and India),,2014,1889479300
Asia (excl. China and India),,2015,1926880500
Asia (excl. China and India),,2016,1962727300
Asia (excl. China and India),,2017,2095106000
Asia (excl. China and India),,2018,2176645400
Asia (excl. China and India),,2019,2252632000
Asia (excl. China and India),,2020,2202679600
Asia (excl. China and India),,2021,2156703200
Asia (excl. China and India),,2022,2235305000
Asia (excl. China and India),,2023,2284794000
Asia (excl. China and India),,2024,2337026800
Australia,AUS,1805,236
Australia,AUS,1806,661
Australia,AUS,1807,629
Australia,AUS,1808,787
Australia,AUS,1809,1259
Australia,AUS,1810,1259
Australia,AUS,1811,2203
Australia,AUS,1812,2203
Australia,AUS,1813,2832
Australia,AUS,1814,3451
Australia,AUS,1815,2753
Australia,AUS,1816,2281
Australia,AUS,1817,2045
Australia,AUS,1818,1888
Australia,AUS,1819,3540
Australia,AUS,1820,6160
Australia,AUS,1821,3147
Australia,AUS,1822,3934.0002
Australia,AUS,1823,4720
Australia,AUS,1824,4720
Australia,AUS,1825,2870
Australia,AUS,1826,6360
Australia,AUS,1827,5902
Australia,AUS,1828,3786
Australia,AUS,1829,6031
Australia,AUS,1830,5748
Australia,AUS,1831,1421
Australia,AUS,1832,11239
Australia,AUS,1833,10718
Australia,AUS,1834,13358
Australia,AUS,1835,19498
Australia,AUS,1836,19897
Australia,AUS,1837,25305
Australia,AUS,1838,27094
Australia,AUS,1839,33487
Australia,AUS,1840,47605
Australia,AUS,1841,54819
Australia,AUS,1842,62779
Australia,AUS,1843,40692
Australia,AUS,1844,36374
Australia,AUS,1845,35125
Australia,AUS,1846,61308
Australia,AUS,1847,64088
Australia,AUS,1848,71507
Australia,AUS,1849,76336
Australia,AUS,1850,112052
Australia,AUS,1851,106379
Australia,AUS,1852,106055
Australia,AUS,1853,152321
Australia,AUS,1854,183526
Australia,AUS,1855,215678
Australia,AUS,1856,298886
Australia,AUS,1857,331100
Australia,AUS,1858,340483
Australia,AUS,1859,484948
Australia,AUS,1860,599769
Australia,AUS,1861,560575
Australia,AUS,1862,787635
Australia,AUS,1863,720450
Australia,AUS,1864,903160
Australia,AUS,1865,973508
Australia,AUS,1866,1280060
Australia,AUS,1867,1239852
Australia,AUS,1868,1532259
Australia,AUS,1869,1464684
Australia,AUS,1870,1402391
Australia,AUS,1871,1440910
Australia,AUS,1872,1636610
Australia,AUS,1873,1930549
Australia,AUS,1874,2125629
Australia,AUS,1875,2142736
Australia,AUS,1876,2158161
Australia,AUS,1877,2372097
Australia,AUS,1878,2561644
Australia,AUS,1879,2577875
Australia,AUS,1880,2417483
Australia,AUS,1881,2905113
Australia,AUS,1882,3449765
Australia,AUS,1883,4146751
Australia,AUS,1884,4531928
Australia,AUS,1885,4871322
Australia,AUS,1886,4829301
Australia,AUS,1887,5022818
Australia,AUS,1888,5609240
Australia,AUS,1889,6250296
Australia,AUS,1890,5450851
Australia,AUS,1891,6884677
Australia,AUS,1892,6459545
Australia,AUS,1893,5773102
Australia,AUS,1894,6521718
Australia,AUS,1895,6750805
Australia,AUS,1896,7167209
Australia,AUS,1897,7906717
Australia,AUS,1898,8513916
Australia,AUS,1899,8575691
Australia,AUS,1900,10046688
Australia,AUS,1901,11204512
Australia,AUS,1902,11285085
Australia,AUS,1903,11050624
Australia,AUS,1904,11376773
Australia,AUS,1905,11867751
Australia,AUS,1906,14179680
Australia,AUS,1907,15264224
Australia,AUS,1908,16564943
Australia,AUS,1909,14329904
Australia,AUS,1910,17436976
Australia,AUS,1911,19239664
Australia,AUS,1912,20785872
Australia,AUS,1913,22390704
Australia,AUS,1914,24479184
Australia,AUS,1915,21793472
Australia,AUS,1916,19272640
Australia,AUS,1917,20760224
Australia,AUS,1918,22940304
Australia,AUS,1919,21738512
Australia,AUS,1920,25732272
Australia,AUS,1921,23152816
Australia,AUS,1922,24343616
Australia,AUS,1923,24849248
Australia,AUS,1924,27069632
Australia,AUS,1925,28234784
Australia,AUS,1926,27853728
Australia,AUS,1927,28894304
Australia,AUS,1928,25908144
Australia,AUS,1929,23295712
Australia,AUS,1930,21679888
Australia,AUS,1931,19349584
Australia,AUS,1932,20217952
Australia,AUS,1933,21419744
Australia,AUS,1934,22489632
Australia,AUS,1935,24951840
Australia,AUS,1936,26725216
Australia,AUS,1937,28491310
Australia,AUS,1938,27857368
Australia,AUS,1939,31803520
Australia,AUS,1940,28689164
Australia,AUS,1941,34203440
Australia,AUS,1942,36222304
Australia,AUS,1943,34793364
Australia,AUS,1944,33990930
Australia,AUS,1945,32345790
Australia,AUS,1946,35057150
Australia,AUS,1947,37570656
Australia,AUS,1948,37911410
Australia,AUS,1949,37116320
Australia,AUS,1950,43968000
Australia,AUS,1951,46026364
Australia,AUS,1952,46987136
Australia,AUS,1953,48199230
Australia,AUS,1954,51112800
Australia,AUS,1955,51226384
Australia,AUS,1956,51233710
Australia,AUS,1957,51620972
Australia,AUS,1958,52648016
Australia,AUS,1959,56685744
Australia,AUS,1960,58924450
Australia,AUS,1961,56480404
Australia,AUS,1962,57570732
Australia,AUS,1963,58789496
Australia,AUS,1964,61802196
Australia,AUS,1965,63811840
Australia,AUS,1966,66917290
Australia,AUS,1967,68541496
Australia,AUS,1968,70856100
Australia,AUS,1969,72266984
Australia,AUS,1970,74674330
Australia,AUS,1971,72748424
Australia,AUS,1972,73999830
Australia,AUS,1973,79030230
Australia,AUS,1974,79195784
Australia,AUS,1975,84330370
Australia,AUS,1976,84598350
Australia,AUS,1977,90491280
Australia,AUS,1978,93310560
Australia,AUS,1979,94766730
Australia,AUS,1980,101824780
Australia,AUS,1981,104819390
Australia,AUS,1982,107584640
Australia,AUS,1983,105149340
Australia,AUS,1984,109101096
Australia,AUS,1985,119255860
Australia,AUS,1986,118774830
Australia,AUS,1987,126142370
Australia,AUS,1988,130359450
Australia,AUS,1989,141140830
Australia,AUS,1990,141877120
Australia,AUS,1991,146082830
Australia,AUS,1992,150048670
Australia,AUS,1993,150095870
Australia,AUS,1994,151376240
Australia,AUS,1995,155734560
Australia,AUS,1996,160388110
Australia,AUS,1997,167683120
Australia,AUS,1998,177614220
Australia,AUS,1999,183231000
Australia,AUS,2000,185796850
Australia,AUS,2001,190082200
Australia,AUS,2002,191146660
Australia,AUS,2003,195386030
Australia,AUS,2004,202225440
Australia,AUS,2005,200715380
Australia,AUS,2006,204400540
Australia,AUS,2007,203558740
Australia,AUS,2008,204687580
Australia,AUS,2009,206066480
Australia,AUS,2010,200634860
Australia,AUS,2011,192231920
Australia,AUS,2012,189243950
Australia,AUS,2013,176435890
Australia,AUS,2014,168218580
Australia,AUS,2015,174221580
Australia,AUS,2016,179593650
Australia,AUS,2017,176950750
Australia,AUS,2018,169336260
Australia,AUS,2019,164888430
Australia,AUS,2020,156621810
Australia,AUS,2021,151821200
Australia,AUS,2022,145999700
Australia,AUS,2023,140982400
Australia,AUS,2024,142549230
Austria,AUT,1807,168544
Austria,AUT,1819,252815.98
Austria,AUT,1820,333424
Austria,AUT,1821,359072
Austria,AUT,1822,366400
Austria,AUT,1823,348080
Austria,AUT,1824,399376
Austria,AUT,1825,403040
Austria,AUT,1826,458000
Austria,AUT,1827,476320
Austria,AUT,1828,458000
Austria,AUT,1829,476320
Austria,AUT,1830,494640
Austria,AUT,1831,479984
Austria,AUT,1832,512960.03
Austria,AUT,1833,428688
Austria,AUT,1834,586240
Austria,AUT,1835,633872
Austria,AUT,1836,674176
Austria,AUT,1837,707152
Austria,AUT,1838,850048
Austria,AUT,1839,1058896
Austria,AUT,1840,1168816
Austria,AUT,1841,1319040
Austria,AUT,1842,1458272
Austria,AUT,1843,1267744
Austria,AUT,1844,1593840
Austria,AUT,1845,1799024
Austria,AUT,1846,2114128
Austria,AUT,1847,2081152
Austria,AUT,1848,2333968
Austria,AUT,1849,2260688
Austria,AUT,1850,2326640
Austria,AUT,1851,2333968
Austria,AUT,1852,2810288
Austria,AUT,1853,3224320
Austria,AUT,1854,3176688
Austria,AUT,1855,3700640
Austria,AUT,1856,4231920
Austria,AUT,1857,4873120
Austria,AUT,1858,7243728
Austria,AUT,1859,5866064
Austria,AUT,1860,6148192
Austria,AUT,1861,6379024
Austria,AUT,1862,6353376
Austria,AUT,1863,5877056
Austria,AUT,1864,5063656
Austria,AUT,1865,5345776
Austria,AUT,1866,3579728
Austria,AUT,1867,4895104
Austria,AUT,1868,6034630
Austria,AUT,1869,6426656
Austria,AUT,1870,7269376
Austria,AUT,1871,10020996
Austria,AUT,1872,9863488
Austria,AUT,1873,10530336
Austria,AUT,1874,8943824
Austria,AUT,1875,7613678
Austria,AUT,1876,7756688
Austria,AUT,1877,6965264
Austria,AUT,1878,6917632
Austria,AUT,1879,8577542
Austria,AUT,1880,23299376
Austria,AUT,1881,9863488
Austria,AUT,1882,10222560
Austria,AUT,1883,11431680
Austria,AUT,1884,11061616
Austria,AUT,1885,11625872
Austria,AUT,1886,10981133
Austria,AUT,1887,11915226
Austria,AUT,1888,11589232
Austria,AUT,1889,12457481
Austria,AUT,1890,12651792
Austria,AUT,1891,14524096
Austria,AUT,1892,14011136
Austria,AUT,1893,17209808
Austria,AUT,1894,17708112
Austria,AUT,1895,19994448
Austria,AUT,1896,21163264
Austria,AUT,1897,22852368
Austria,AUT,1898,24292344
Austria,AUT,1899,24614752
Austria,AUT,1900,27696176
Austria,AUT,1901,28352032
Austria,AUT,1902,25695632
Austria,AUT,1903,25699296
Austria,AUT,1904,27208864
Austria,AUT,1905,28608512
Austria,AUT,1906,34177790
Austria,AUT,1907,42696590
Austria,AUT,1908,60030976
Austria,AUT,1909,43641904
Austria,AUT,1910,58785216
Austria,AUT,1911,49141570
Austria,AUT,1912,51688050
Austria,AUT,1913,60983616
Austria,AUT,1914,49654530
Austria,AUT,1915,35342944
Austria,AUT,1916,9086720
Austria,AUT,1917,3451488
Austria,AUT,1918,3337904
Austria,AUT,1919,3015472
Austria,AUT,1920,14282272
Austria,AUT,1921,19045472
Austria,AUT,1922,18268640
Austria,AUT,1923,17458960
Austria,AUT,1924,19602400
Austria,AUT,1925,18554496
Austria,AUT,1926,18103824
Austria,AUT,1927,19562096
Austria,AUT,1928,20203124
Austria,AUT,1929,23087028
Austria,AUT,1930,17601856
Austria,AUT,1931,16997296
Austria,AUT,1932,14183344
Austria,AUT,1933,13084439
Austria,AUT,1934,12794688
Austria,AUT,1935,12845984
Austria,AUT,1936,12483248
Austria,AUT,1937,14164761
Austria,AUT,1938,5290500
Austria,AUT,1939,5525782
Austria,AUT,1940,5671872
Austria,AUT,1941,5555736
Austria,AUT,1942,5536304
Austria,AUT,1943,5844080
Austria,AUT,1944,5668208
Austria,AUT,1945,3115562
Austria,AUT,1946,9895641
Austria,AUT,1947,14560736
Austria,AUT,1948,20668052
Austria,AUT,1949,22243546
Austria,AUT,1950,17432698
Austria,AUT,1951,18913568
Austria,AUT,1952,17441416
Austria,AUT,1953,16766464
Austria,AUT,1954,18328256
Austria,AUT,1955,19239664
Austria,AUT,1956,20022694
Austria,AUT,1957,20573360
Austria,AUT,1958,18635104
Austria,AUT,1959,17323392
Austria,AUT,1960,18089168
Austria,AUT,1961,17697120
Austria,AUT,1962,18131430
Austria,AUT,1963,19648086
Austria,AUT,1964,18983184
Austria,AUT,1965,18008560
Austria,AUT,1966,16883712
Austria,AUT,1967,15791840
Austria,AUT,1968,15419446
Austria,AUT,1969,15366816
Austria,AUT,1970,17841306
Austria,AUT,1971,15079964
Austria,AUT,1972,15666242
Austria,AUT,1973,15883440
Austria,AUT,1974,16635620
Austria,AUT,1975,14587367
Austria,AUT,1976,14294161
Austria,AUT,1977,12563856
Austria,AUT,1978,12857796
Austria,AUT,1979,14461808
Austria,AUT,1980,14218988
Austria,AUT,1981,14670656
Austria,AUT,1982,14161360
Austria,AUT,1983,14425168
Austria,AUT,1984,16886242
Austria,AUT,1985,16693184
Austria,AUT,1986,14762256
Austria,AUT,1987,14831872
Austria,AUT,1988,14311584
Austria,AUT,1989,13864576
Austria,AUT,1990,18138686
Austria,AUT,1991,18699824
Austria,AUT,1992,14385374
Austria,AUT,1993,13274503
Austria,AUT,1994,13458548
Austria,AUT,1995,15425162
Austria,AUT,1996,15068737
Austria,AUT,1997,16156546
Austria,AUT,1998,13706669
Austria,AUT,1999,13875619
Austria,AUT,2000,15750813
Austria,AUT,2001,16562099
Austria,AUT,2002,16735968
Austria,AUT,2003,17941356
Austria,AUT,2004,17766064
Austria,AUT,2005,17862354
Austria,AUT,2006,17866480
Austria,AUT,2007,17455682
Austria,AUT,2008,17028176
Austria,AUT,2009,12830027
Austria,AUT,2010,15497026
Austria,AUT,2011,15817696
Austria,AUT,2012,14686061
Austria,AUT,2013,14959016
Austria,AUT,2014,13800963
Austria,AUT,2015,14371226
Austria,AUT,2016,13333646
Austria,AUT,2017,14022619
Austria,AUT,2018,12294386
Austria,AUT,2019,13004641
Austria,AUT,2020,11370793
Austria,AUT,2021,12407522
Austria,AUT,2022,11663234
Austria,AUT,2023,11146232
Austria,AUT,2024,11154399
Azerbaijan,AZE,1830,244
Azerbaijan,AZE,1831,293
Azerbaijan,AZE,1832,195
Azerbaijan,AZE,1833,244
Azerbaijan,AZE,1850,1513
Azerbaijan,AZE,1855,4588
Azerbaijan,AZE,1858,6443
Azerbaijan,AZE,1859,6834
Azerbaijan,AZE,1860,4107
Azerbaijan,AZE,1861,5923
Azerbaijan,AZE,1862,5062
Azerbaijan,AZE,1863,4048.9998
Azerbaijan,AZE,1864,3916
Azerbaijan,AZE,1865,3291
Azerbaijan,AZE,1866,19513
Azerbaijan,AZE,1867,19928
Azerbaijan,AZE,1868,9969
Azerbaijan,AZE,1869,17231
Azerbaijan,AZE,1870,19708
Azerbaijan,AZE,1871,35151
Azerbaijan,AZE,1872,34750
Azerbaijan,AZE,1873,18777
Azerbaijan,AZE,1874,18631
Azerbaijan,AZE,1875,16278.001
Azerbaijan,AZE,1876,15721.999
Azerbaijan,AZE,1877,11569
Azerbaijan,AZE,1878,16434
Azerbaijan,AZE,1879,13810
Azerbaijan,AZE,1880,16795
Azerbaijan,AZE,1881,13239
Azerbaijan,AZE,1882,13486
Azerbaijan,AZE,1883,15877.999
Azerbaijan,AZE,1884,10567
Azerbaijan,AZE,1885,9472
Azerbaijan,AZE,1886,9556
Azerbaijan,AZE,1887,7907.0005
Azerbaijan,AZE,1888,7806
Azerbaijan,AZE,1889,9427
Azerbaijan,AZE,1890,9594
Azerbaijan,AZE,1891,8984
Azerbaijan,AZE,1892,9783
Azerbaijan,AZE,1893,11313
Azerbaijan,AZE,1894,13563
Azerbaijan,AZE,1895,11898
Azerbaijan,AZE,1896,12609
Azerbaijan,AZE,1897,14937
Azerbaijan,AZE,1898,16570
Azerbaijan,AZE,1899,21814
Azerbaijan,AZE,1900,23611
Azerbaijan,AZE,1901,21004
Azerbaijan,AZE,1902,21035
Azerbaijan,AZE,1903,23334
Azerbaijan,AZE,1904,28624
Azerbaijan,AZE,1905,33647
Azerbaijan,AZE,1906,38500
Azerbaijan,AZE,1907,46638
Azerbaijan,AZE,1908,47226
Azerbaijan,AZE,1909,48969
Azerbaijan,AZE,1910,44672
Azerbaijan,AZE,1911,52327
Azerbaijan,AZE,1912,68015
Azerbaijan,AZE,1913,84884
Azerbaijan,AZE,1914,64337
Azerbaijan,AZE,1915,47094
Azerbaijan,AZE,1916,49978
Azerbaijan,AZE,1917,48278
Azerbaijan,AZE,1918,17809
Azerbaijan,AZE,1919,9177
Azerbaijan,AZE,1920,8880
Azerbaijan,AZE,1921,11318
Azerbaijan,AZE,1922,13725
Azerbaijan,AZE,1923,14833
Azerbaijan,AZE,1924,21337
Azerbaijan,AZE,1925,18674
Azerbaijan,AZE,1926,35592
Azerbaijan,AZE,1927,46397
Azerbaijan,AZE,1928,59108
Azerbaijan,AZE,1929,53694
Azerbaijan,AZE,1930,47812
Azerbaijan,AZE,1931,56526
Azerbaijan,AZE,1932,82049
Azerbaijan,AZE,1933,105427
Azerbaijan,AZE,1934,138133
Azerbaijan,AZE,1935,170315
Azerbaijan,AZE,1936,206576
Azerbaijan,AZE,1937,205553
Azerbaijan,AZE,1938,216313
Azerbaijan,AZE,1939,220664
Azerbaijan,AZE,1940,313251
Azerbaijan,AZE,1941,243958
Azerbaijan,AZE,1942,60845
Azerbaijan,AZE,1943,81666
Azerbaijan,AZE,1944,129988
Azerbaijan,AZE,1945,294409
Azerbaijan,AZE,1946,321784
Azerbaijan,AZE,1947,382471
Azerbaijan,AZE,1948,385554
Azerbaijan,AZE,1949,430574
Azerbaijan,AZE,1950,470009
Azerbaijan,AZE,1951,510886
Azerbaijan,AZE,1952,520151.97
Azerbaijan,AZE,1953,524297
Azerbaijan,AZE,1954,561551
Azerbaijan,AZE,1955,613211
Azerbaijan,AZE,1956,615597
Azerbaijan,AZE,1957,614673
Azerbaijan,AZE,1958,580974
Azerbaijan,AZE,1959,556233
Azerbaijan,AZE,1960,515593
Azerbaijan,AZE,1961,463407
Azerbaijan,AZE,1962,421523
Azerbaijan,AZE,1963,415444
Azerbaijan,AZE,1964,408487
Azerbaijan,AZE,1965,408750
Azerbaijan,AZE,1966,412221
Azerbaijan,AZE,1967,398699
Azerbaijan,AZE,1968,378968
Azerbaijan,AZE,1969,374412
Azerbaijan,AZE,1970,407907
Azerbaijan,AZE,1971,404234
Azerbaijan,AZE,1972,408889
Azerbaijan,AZE,1973,403196
Azerbaijan,AZE,1974,393333
Azerbaijan,AZE,1975,398758
Azerbaijan,AZE,1976,405024
Azerbaijan,AZE,1977,405961
Azerbaijan,AZE,1978,393030
Azerbaijan,AZE,1979,388303
Azerbaijan,AZE,1980,412426
Azerbaijan,AZE,1981,355160
Azerbaijan,AZE,1982,357835
Azerbaijan,AZE,1983,350050
Azerbaijan,AZE,1984,343617
Azerbaijan,AZE,1985,402203
Azerbaijan,AZE,1986,404203
Azerbaijan,AZE,1987,401212
Azerbaijan,AZE,1988,414053
Azerbaijan,AZE,1989,412546
Azerbaijan,AZE,1990,342521
Azerbaijan,AZE,1991,251071.98
Azerbaijan,AZE,1992,65952
Azerbaijan,AZE,1993,10992
Azerbaijan,AZE,1994,3664
Azerbaijan,AZE,1995,14656
Azerbaijan,AZE,1996,14658
Azerbaijan,AZE,1997,14656
Azerbaijan,AZE,1998,3664
Azerbaijan,AZE,2007,21981
Azerbaijan,AZE,2008,14656
Azerbaijan,AZE,2009,14656
Azerbaijan,AZE,2010,21984
Azerbaijan,AZE,2011,18320
Azerbaijan,AZE,2012,14654
Azerbaijan,AZE,2013,10992
Azerbaijan,AZE,2014,7328
Azerbaijan,AZE,2015,10992
Azerbaijan,AZE,2016,3664
Azerbaijan,AZE,2017,3664
Azerbaijan,AZE,2018,3664
Azerbaijan,AZE,2019,3664
Azerbaijan,AZE,2020,3664
Azerbaijan,AZE,2021,0
Azerbaijan,AZE,2022,43972
Azerbaijan,AZE,2023,43972
Azerbaijan,AZE,2024,44092
Bahamas,BHS,1970,0
Bahamas,BHS,1971,3664
Bahamas,BHS,1972,0
Bahamas,BHS,1973,14656
Bahamas,BHS,1974,10992
Bahamas,BHS,1975,0
Bahamas,BHS,1976,0
Bahamas,BHS,1977,0
Bahamas,BHS,1978,0
Bahamas,BHS,1979,0
Bahamas,BHS,1980,0
Bahamas,BHS,1981,65952
Bahamas,BHS,1982,36640
Bahamas,BHS,1983,0
Bahamas,BHS,1984,0
Bahamas,BHS,1985,0
Bahamas,BHS,1986,0
Bahamas,BHS,1987,0
Bahamas,BHS,1988,0
Bahamas,BHS,1989,3664
Bahamas,BHS,1990,3664
Bahamas,BHS,1991,3671
Bahamas,BHS,1992,3671
Bahamas,BHS,1993,3664
Bahamas,BHS,1994,3672
Bahamas,BHS,1995,3664
Bahamas,BHS,1996,3671
Bahamas,BHS,1997,3664
Bahamas,BHS,1998,3657
Bahamas,BHS,1999,3671
Bahamas,BHS,2000,3664
Bahamas,BHS,2001,3671
Bahamas,BHS,2002,3664
Bahamas,BHS,2003,7328
Bahamas,BHS,2004,7328
Bahamas,BHS,2005,7328
Bahamas,BHS,2006,7328
Bahamas,BHS,2007,3664
Bahamas,BHS,2008,3671
Bahamas,BHS,2009,3670
Bahamas,BHS,2010,3670
Bahamas,BHS,2011,3664
Bahamas,BHS,2012,3664
Bahamas,BHS,2013,3664
Bahamas,BHS,2014,3664
Bahamas,BHS,2015,3664
Bahamas,BHS,2016,3664
Bahamas,BHS,2017,3664
Bahamas,BHS,2018,3664
Bahamas,BHS,2019,3664
Bahamas,BHS,2020,3664
Bahamas,BHS,2021,3664
Bahamas,BHS,2022,3664
Bahamas,BHS,2023,3787
Bahamas,BHS,2024,3926
Bahrain,BHR,1933,0
Bahrain,BHR,1934,0
Bahrain,BHR,1935,0
Bahrain,BHR,1936,0
Bahrain,BHR,1937,0
Bahrain,BHR,1938,0
Bahrain,BHR,1939,0
Bahrain,BHR,1940,0
Bahrain,BHR,1941,0
Bahrain,BHR,1942,0
Bahrain,BHR,1943,0
Bahrain,BHR,1944,0
Bahrain,BHR,1945,0
Bahrain,BHR,1946,0
Bahrain,BHR,1947,0
Bahrain,BHR,1948,0
Bahrain,BHR,1949,0
Bahrain,BHR,1970,0
Bahrain,BHR,1971,36640
Bahrain,BHR,1972,0
Bahrain,BHR,1973,36640
Bahrain,BHR,1974,0
Bahrain,BHR,1975,0
Bahrain,BHR,1976,0
Bahrain,BHR,1977,0
Bahrain,BHR,1978,0
Bahrain,BHR,1979,80572
Bahrain,BHR,1980,0
Bahrain,BHR,1981,0
Bahrain,BHR,1982,0
Bahrain,BHR,1983,0
Bahrain,BHR,1984,0
Bahrain,BHR,1985,0
Bahrain,BHR,1986,0
Bahrain,BHR,1987,0
Bangladesh,BGD,1946,117474
Bangladesh,BGD,1947,85971
Bangladesh,BGD,1948,79278
Bangladesh,BGD,1949,91978
Bangladesh,BGD,1950,498308
Bangladesh,BGD,1951,654445
Bangladesh,BGD,1952,669587
Bangladesh,BGD,1953,609289
Bangladesh,BGD,1954,547377
Bangladesh,BGD,1955,517180.97
Bangladesh,BGD,1956,659925
Bangladesh,BGD,1957,606976
Bangladesh,BGD,1958,655158
Bangladesh,BGD,1959,539351
Bangladesh,BGD,1960,725918
Bangladesh,BGD,1961,714527
Bangladesh,BGD,1962,763224
Bangladesh,BGD,1963,815158
Bangladesh,BGD,1964,800006
Bangladesh,BGD,1965,753231
Bangladesh,BGD,1966,643555
Bangladesh,BGD,1967,633229
Bangladesh,BGD,1968,682321
Bangladesh,BGD,1969,649588
Bangladesh,BGD,1970,615142
Bangladesh,BGD,1971,551603
Bangladesh,BGD,1972,355408
Bangladesh,BGD,1973,461664
Bangladesh,BGD,1974,410691
Bangladesh,BGD,1975,472656
Bangladesh,BGD,1976,447302
Bangladesh,BGD,1977,501968.03
Bangladesh,BGD,1978,421360
Bangladesh,BGD,1979,359072
Bangladesh,BGD,1980,446794
Bangladesh,BGD,1981,465328
Bangladesh,BGD,1982,567678
Bangladesh,BGD,1983,304112
Bangladesh,BGD,1984,117248
Bangladesh,BGD,1985,186797
Bangladesh,BGD,1986,282128
Bangladesh,BGD,1987,443344
Bangladesh,BGD,1988,381056
Bangladesh,BGD,1989,102592
Bangladesh,BGD,1990,1069611
Bangladesh,BGD,1991,340752
Bangladesh,BGD,1992,322432
Bangladesh,BGD,1993,120885
Bangladesh,BGD,1994,98928
Bangladesh,BGD,1995,1220112
Bangladesh,BGD,1996,677840
Bangladesh,BGD,1997,1227440
Bangladesh,BGD,1998,351799
Bangladesh,BGD,1999,175872
Bangladesh,BGD,2000,1253088
Bangladesh,BGD,2001,1330032
Bangladesh,BGD,2002,1329886
Bangladesh,BGD,2003,1370336
Bangladesh,BGD,2004,1450944
Bangladesh,BGD,2005,1604832
Bangladesh,BGD,2006,1810016
Bangladesh,BGD,2007,2209392
Bangladesh,BGD,2008,2469351
Bangladesh,BGD,2009,3015472
Bangladesh,BGD,2010,3073905
Bangladesh,BGD,2011,2835936
Bangladesh,BGD,2012,3422176
Bangladesh,BGD,2013,3748272
Bangladesh,BGD,2014,3510112
Bangladesh,BGD,2015,8606736
Bangladesh,BGD,2016,6071494
Bangladesh,BGD,2017,7151855
Bangladesh,BGD,2018,8182022
Bangladesh,BGD,2019,8680315
Bangladesh,BGD,2020,10548656
Bangladesh,BGD,2021,14216320
Bangladesh,BGD,2022,16148718
Bangladesh,BGD,2023,23837384
Bangladesh,BGD,2024,26008228
Barbados,BRB,1928,0
Barbados,BRB,1929,0
Barbados,BRB,1930,0
Barbados,BRB,1931,0
Barbados,BRB,1932,0
Barbados,BRB,1933,0
Barbados,BRB,1934,0
Barbados,BRB,1939,0
Barbados,BRB,1947,0
Barbados,BRB,1948,0
Barbados,BRB,1949,0
Barbados,BRB,1950,3664
Barbados,BRB,1951,3664
Barbados,BRB,1952,3664
Barbados,BRB,1953,3664
Barbados,BRB,1954,3664
Barbados,BRB,1955,3664
Barbados,BRB,1956,3664
Barbados,BRB,1957,3568
Barbados,BRB,1958,3577
Barbados,BRB,1959,3577
Barbados,BRB,1960,3664
Barbados,BRB,1961,3596
Barbados,BRB,1962,3613
Barbados,BRB,1963,0
Barbados,BRB,1964,0
Barbados,BRB,1965,0
Barbados,BRB,1966,3664
Barbados,BRB,1967,3625
Barbados,BRB,1968,0
Barbados,BRB,1969,0
Barbados,BRB,1970,0
Barbados,BRB,1971,0
Barbados,BRB,1972,0
Barbados,BRB,1973,0
Barbados,BRB,1974,0
Barbados,BRB,1975,0
Barbados,BRB,1976,0
Barbados,BRB,1977,0
Barbados,BRB,1978,0
Barbados,BRB,1979,0
Barbados,BRB,1980,0
Barbados,BRB,1981,0
Barbados,BRB,1982,0
Barbados,BRB,1983,0
Barbados,BRB,1984,0
Barbados,BRB,1985,0
Barbados,BRB,1986,0
Barbados,BRB,1987,0
Barbados,BRB,1988,0
Barbados,BRB,1989,0
Belarus,BLR,1830,511
Belarus,BLR,1831,613
Belarus,BLR,1832,409
Belarus,BLR,1833,511
Belarus,BLR,1850,3168
Belarus,BLR,1855,9606
Belarus,BLR,1858,13489
Belarus,BLR,1859,14307
Belarus,BLR,1860,16357.999
Belarus,BLR,1861,21410
Belarus,BLR,1862,19077
Belarus,BLR,1863,18630
Belarus,BLR,1864,19983
Belarus,BLR,1865,18305
Belarus,BLR,1866,68955
Belarus,BLR,1867,77044
Belarus,BLR,1868,55301
Belarus,BLR,1869,81019
Belarus,BLR,1870,89255
Belarus,BLR,1871,129335
Belarus,BLR,1872,131623
Belarus,BLR,1873,105297
Belarus,BLR,1874,118595
Belarus,BLR,1875,121294
Belarus,BLR,1876,133036
Belarus,BLR,1877,112844
Belarus,BLR,1878,154979
Belarus,BLR,1879,140803
Belarus,BLR,1880,168962
Belarus,BLR,1881,147095
Belarus,BLR,1882,151384
Belarus,BLR,1883,176394
Belarus,BLR,1884,131462
Belarus,BLR,1885,122792
Belarus,BLR,1886,124284
Belarus,BLR,1887,107354
Belarus,BLR,1888,106883
Belarus,BLR,1889,126818
Belarus,BLR,1890,131264
Belarus,BLR,1891,125754
Belarus,BLR,1892,136425
Belarus,BLR,1893,158054
Belarus,BLR,1894,185121
Belarus,BLR,1895,168490
Belarus,BLR,1896,177679
Belarus,BLR,1897,209831
Belarus,BLR,1898,233099
Belarus,BLR,1899,301711
Belarus,BLR,1900,328633
Belarus,BLR,1901,297759
Belarus,BLR,1902,296888
Belarus,BLR,1903,323946
Belarus,BLR,1904,391816
Belarus,BLR,1905,439595
Belarus,BLR,1906,502699.97
Belarus,BLR,1907,599694
Belarus,BLR,1908,606461
Belarus,BLR,1909,631118
Belarus,BLR,1910,583899
Belarus,BLR,1911,667587
Belarus,BLR,1912,841870
Belarus,BLR,1913,1015617.94
Belarus,BLR,1914,802898
Belarus,BLR,1915,615851
Belarus,BLR,1916,654092
Belarus,BLR,1917,626006
Belarus,BLR,1918,234361
Belarus,BLR,1919,130236
Belarus,BLR,1920,125117.01
Belarus,BLR,1921,156470
Belarus,BLR,1922,189764
Belarus,BLR,1923,205559
Belarus,BLR,1924,289863
Belarus,BLR,1925,260164
Belarus,BLR,1926,473045
Belarus,BLR,1927,609746
Belarus,BLR,1928,756878
Belarus,BLR,1929,712404
Belarus,BLR,1930,676047
Belarus,BLR,1931,804110
Belarus,BLR,1932,1128386
Belarus,BLR,1933,1418492
Belarus,BLR,1934,1835291
Belarus,BLR,1935,2229178
Belarus,BLR,1936,2680419
Belarus,BLR,1937,2684396
Belarus,BLR,1938,2822825
Belarus,BLR,1939,2874162
Belarus,BLR,1940,3962109
Belarus,BLR,1941,3057521
Belarus,BLR,1942,866388
Belarus,BLR,1943,1125397
Belarus,BLR,1944,1766330
Belarus,BLR,1945,3590336
Belarus,BLR,1946,3957303
Belarus,BLR,1947,4723992
Belarus,BLR,1948,4836186
Belarus,BLR,1949,5395303
Belarus,BLR,1950,5976438
Belarus,BLR,1951,6492369
Belarus,BLR,1952,6665044
Belarus,BLR,1953,6794463
Belarus,BLR,1954,7308036
Belarus,BLR,1955,8067130
Belarus,BLR,1956,8341774
Belarus,BLR,1957,8702246
Belarus,BLR,1958,8670483
Belarus,BLR,1959,8606847
Belarus,BLR,1960,8316473
Belarus,BLR,1961,7863960
Belarus,BLR,1962,7449716
Belarus,BLR,1963,7587556
Belarus,BLR,1964,7732366
Belarus,BLR,1965,7932968
Belarus,BLR,1966,8112270.5
Belarus,BLR,1967,7932728
Belarus,BLR,1968,7640269
Belarus,BLR,1969,7592847
Belarus,BLR,1970,7954861
Belarus,BLR,1971,8034096.5
Belarus,BLR,1972,8105701.5
Belarus,BLR,1973,8007693.5
Belarus,BLR,1974,7838796
Belarus,BLR,1975,8026388
Belarus,BLR,1976,8296906.5
Belarus,BLR,1977,8404936
Belarus,BLR,1978,8141473
Belarus,BLR,1979,8172105
Belarus,BLR,1980,8705112
Belarus,BLR,1981,7682030
Belarus,BLR,1982,7849660
Belarus,BLR,1983,7842419
Belarus,BLR,1984,7928546
Belarus,BLR,1985,9439868
Belarus,BLR,1986,10378156
Belarus,BLR,1987,10015883
Belarus,BLR,1988,11073956
Belarus,BLR,1989,10831585
Belarus,BLR,1990,10191824
Belarus,BLR,1991,9871781
Belarus,BLR,1992,8733977
Belarus,BLR,1993,7662683
Belarus,BLR,1994,6311524
Belarus,BLR,1995,5889383
Belarus,BLR,1996,5843294
Belarus,BLR,1997,5030430
Belarus,BLR,1998,4776861
Belarus,BLR,1999,4112023
Belarus,BLR,2000,4198119
Belarus,BLR,2001,3734734
Belarus,BLR,2002,3227302
Belarus,BLR,2003,3141658
Belarus,BLR,2004,2969914
Belarus,BLR,2005,2962914
Belarus,BLR,2006,2891994
Belarus,BLR,2007,2792911
Belarus,BLR,2008,2627722
Belarus,BLR,2009,2677126
Belarus,BLR,2010,2900571
Belarus,BLR,2011,2975091
Belarus,BLR,2012,5004253
Belarus,BLR,2013,4837888
Belarus,BLR,2014,4634267
Belarus,BLR,2015,4094111
Belarus,BLR,2016,3691615
Belarus,BLR,2017,3882257
Belarus,BLR,2018,3963576
Belarus,BLR,2019,4100521
Belarus,BLR,2020,3788818
Belarus,BLR,2021,3883312
Belarus,BLR,2022,3811820
Belarus,BLR,2023,3461648
Belarus,BLR,2024,3427354
Belgium,BEL,1802,6397344
Belgium,BEL,1830,6195824
Belgium,BEL,1831,4462752
Belgium,BEL,1832,4715568
Belgium,BEL,1833,4565344
Belgium,BEL,1834,4407792
Belgium,BEL,1835,4759536
Belgium,BEL,1836,5598592
Belgium,BEL,1837,5997968
Belgium,BEL,1838,6122544
Belgium,BEL,1839,6708784
Belgium,BEL,1840,7727376
Belgium,BEL,1841,7390288
Belgium,BEL,1842,7679744
Belgium,BEL,1843,7111824
Belgium,BEL,1844,7800656
Belgium,BEL,1845,8218352.5
Belgium,BEL,1846,8965808
Belgium,BEL,1847,9317552
Belgium,BEL,1848,8284303.5
Belgium,BEL,1849,8734976
Belgium,BEL,1850,9332208
Belgium,BEL,1851,10167600
Belgium,BEL,1852,11409696
Belgium,BEL,1853,11787088
Belgium,BEL,1854,13058496
Belgium,BEL,1855,13377264
Belgium,BEL,1856,13212384
Belgium,BEL,1857,13754656
Belgium,BEL,1858,14450816
Belgium,BEL,1859,14897824
Belgium,BEL,1860,15212928
Belgium,BEL,1861,16458689
Belgium,BEL,1862,16345104
Belgium,BEL,1863,17228128
Belgium,BEL,1864,18081840
Belgium,BEL,1865,19060128
Belgium,BEL,1866,20529392
Belgium,BEL,1867,22233152
Belgium,BEL,1868,20100704
Belgium,BEL,1869,21650576
Belgium,BEL,1870,24746656
Belgium,BEL,1871,23717072
Belgium,BEL,1872,25589376
Belgium,BEL,1873,28106544
Belgium,BEL,1874,25915472
Belgium,BEL,1875,26930400
Belgium,BEL,1876,26318512
Belgium,BEL,1877,25050768
Belgium,BEL,1878,27238176
Belgium,BEL,1879,27732816
Belgium,BEL,1880,30425856
Belgium,BEL,1881,30631040
Belgium,BEL,1882,32437394
Belgium,BEL,1883,34382976
Belgium,BEL,1884,33870016
Belgium,BEL,1885,33082256
Belgium,BEL,1886,32103970
Belgium,BEL,1887,33968944
Belgium,BEL,1888,36053760
Belgium,BEL,1889,36834190
Belgium,BEL,1890,39824016
Belgium,BEL,1891,37779504
Belgium,BEL,1892,37728210
Belgium,BEL,1893,36075744
Belgium,BEL,1894,39831344
Belgium,BEL,1895,40131790
Belgium,BEL,1896,42278896
Belgium,BEL,1897,43744496
Belgium,BEL,1898,45085520
Belgium,BEL,1899,47126370
Belgium,BEL,1900,49665520
Belgium,BEL,1901,46708670
Belgium,BEL,1902,48855776
Belgium,BEL,1903,52629696
Belgium,BEL,1904,50350690
Belgium,BEL,1905,50266416
Belgium,BEL,1906,57495490
Belgium,BEL,1907,58323550
Belgium,BEL,1908,57847230
Belgium,BEL,1909,57762960
Belgium,BEL,1910,61287730
Belgium,BEL,1911,61687104
Belgium,BEL,1912,64775856
Belgium,BEL,1913,66820364
Belgium,BEL,1914,40575136
Belgium,BEL,1915,34419616
Belgium,BEL,1916,45792670
Belgium,BEL,1917,36247950
Belgium,BEL,1918,33723456
Belgium,BEL,1919,44869344
Belgium,BEL,1920,55154190
Belgium,BEL,1921,50533890
Belgium,BEL,1922,55271440
Belgium,BEL,1923,70938700
Belgium,BEL,1924,75155970
Belgium,BEL,1925,76870720
Belgium,BEL,1926,76526260
Belgium,BEL,1927,89353920
Belgium,BEL,1928,84803140
Belgium,BEL,1929,93182850
Belgium,BEL,1930,89914700
Belgium,BEL,1931,80578530
Belgium,BEL,1932,64156640
Belgium,BEL,1933,69139680
Belgium,BEL,1934,70836110
Belgium,BEL,1935,67857280
Belgium,BEL,1936,70191250
Belgium,BEL,1937,85173340
Belgium,BEL,1938,74162800
Belgium,BEL,1939,72448270
Belgium,BEL,1940,61998544
Belgium,BEL,1941,64871116
Belgium,BEL,1942,60826050
Belgium,BEL,1943,57623730
Belgium,BEL,1944,32840466
Belgium,BEL,1945,38435360
Belgium,BEL,1946,55476624
Belgium,BEL,1947,74316910
Belgium,BEL,1948,76588590
Belgium,BEL,1949,73042190
Belgium,BEL,1950,68198420
Belgium,BEL,1951,79695660
Belgium,BEL,1952,73023520
Belgium,BEL,1953,70429410
Belgium,BEL,1954,72935580
Belgium,BEL,1955,76812696
Belgium,BEL,1956,80150000
Belgium,BEL,1957,77786010
Belgium,BEL,1958,66761740
Belgium,BEL,1959,66424660
Belgium,BEL,1960,67914980
Belgium,BEL,1961,66993590
Belgium,BEL,1962,68547210
Belgium,BEL,1963,71290450
Belgium,BEL,1964,65028670
Belgium,BEL,1965,61842508
Belgium,BEL,1966,58195310
Belgium,BEL,1967,56876270
Belgium,BEL,1968,58470110
Belgium,BEL,1969,55888996
Belgium,BEL,1970,49003764
Belgium,BEL,1971,40410256
Belgium,BEL,1972,42133520
Belgium,BEL,1973,45239410
Belgium,BEL,1974,48461376
Belgium,BEL,1975,38481836
Belgium,BEL,1976,41267630
Belgium,BEL,1977,38829948
Belgium,BEL,1978,43646748
Belgium,BEL,1979,47106816
Belgium,BEL,1980,47159344
Belgium,BEL,1981,46214030
Belgium,BEL,1982,45640210
Belgium,BEL,1983,36636336
Belgium,BEL,1984,42011424
Belgium,BEL,1985,40718030
Belgium,BEL,1986,36067132
Belgium,BEL,1987,36458096
Belgium,BEL,1988,33132340
Belgium,BEL,1989,40069504
Belgium,BEL,1990,41393524
Belgium,BEL,1991,40122108
Belgium,BEL,1992,38118492
Belgium,BEL,1993,36561770
Belgium,BEL,1994,38012820
Belgium,BEL,1995,36955412
Belgium,BEL,1996,34203420
Belgium,BEL,1997,31915682
Belgium,BEL,1998,33213780
Belgium,BEL,1999,28931274
Belgium,BEL,2000,31671610
Belgium,BEL,2001,28289752
Belgium,BEL,2002,28636592
Belgium,BEL,2003,27766146
Belgium,BEL,2004,28251918
Belgium,BEL,2005,26195950
Belgium,BEL,2006,25337382
Belgium,BEL,2007,23158202
Belgium,BEL,2008,23259024
Belgium,BEL,2009,15162389
Belgium,BEL,2010,17526192
Belgium,BEL,2011,16688971
Belgium,BEL,2012,15078114
Belgium,BEL,2013,15269164
Belgium,BEL,2014,14725232
Belgium,BEL,2015,14381215
Belgium,BEL,2016,13476286
Belgium,BEL,2017,13246920
Belgium,BEL,2018,13296542
Belgium,BEL,2019,13156461
Belgium,BEL,2020,10465875
Belgium,BEL,2021,11761746
Belgium,BEL,2022,11903091
Belgium,BEL,2023,10431393
Belgium,BEL,2024,11492162
Benin,BEN,1950,26090
Benin,BEN,1951,45658
Benin,BEN,1952,44017
Benin,BEN,1953,14413
Benin,BEN,1954,16386
Benin,BEN,1955,7372
Benin,BEN,1956,9655
Benin,BEN,1957,386
Benin,BEN,2014,164880
Benin,BEN,2015,98928
Benin,BEN,2016,186864
Benin,BEN,2017,175872
Benin,BEN,2018,0
Benin,BEN,2019,238160
Benin,BEN,2020,256480.02
Benin,BEN,2021,293286
Benin,BEN,2022,348080
Benin,BEN,2023,404770
Benin,BEN,2024,331805
Bermuda,BMU,1950,3664
Bermuda,BMU,1951,3664
Bermuda,BMU,1952,7328
Bermuda,BMU,1953,3817
Bermuda,BMU,1954,3511
Bermuda,BMU,1955,3664
Bermuda,BMU,1956,3664
Bermuda,BMU,1957,3664
Bermuda,BMU,1958,3664
Bermuda,BMU,1959,0
Bermuda,BMU,1960,0
Bermuda,BMU,1961,0
Bermuda,BMU,1962,0
Bermuda,BMU,1963,0
Bermuda,BMU,1964,0
Bermuda,BMU,1965,0
Bermuda,BMU,1966,0
Bermuda,BMU,1967,0
Bermuda,BMU,1969,0
Bermuda,BMU,1970,0
Bermuda,BMU,1971,0
Bermuda,BMU,1972,0
Bermuda,BMU,1973,0
Bermuda,BMU,1974,0
Bermuda,BMU,1975,3664
Bermuda,BMU,1976,0
Bermuda,BMU,1977,0
Bermuda,BMU,1978,0
Bermuda,BMU,1979,0
Bermuda,BMU,1980,0
Bermuda,BMU,1981,0
Bermuda,BMU,1982,0
Bermuda,BMU,1983,0
Bermuda,BMU,1984,0
Bermuda,BMU,1985,0
Bermuda,BMU,1986,0
Bermuda,BMU,1987,0
Bermuda,BMU,1988,0
Bermuda,BMU,1989,0
Bermuda,BMU,2009,0
Bermuda,BMU,2010,0
Bermuda,BMU,2011,0
Bermuda,BMU,2012,0
Bermuda,BMU,2013,0
Bermuda,BMU,2014,0
Bermuda,BMU,2015,0
Bermuda,BMU,2016,0
Bermuda,BMU,2017,0
Bermuda,BMU,2018,0
Bermuda,BMU,2019,0
Bermuda,BMU,2020,0
Bermuda,BMU,2021,0
Bermuda,BMU,2022,0
Bermuda,BMU,2023,0
Bermuda,BMU,2024,0
Bhutan,BTN,1970,0
Bhutan,BTN,1971,0
Bhutan,BTN,1972,0
Bhutan,BTN,1973,0
Bhutan,BTN,1974,0
Bhutan,BTN,1975,0
Bhutan,BTN,1976,0
Bhutan,BTN,1977,0
Bhutan,BTN,1978,0
Bhutan,BTN,1979,3664
Bhutan,BTN,1980,3664
Bhutan,BTN,1981,3206
Bhutan,BTN,1982,3664
Bhutan,BTN,1983,3257
Bhutan,BTN,1984,0
Bhutan,BTN,1985,0
Bhutan,BTN,1986,0
Bhutan,BTN,1987,43968
Bhutan,BTN,1988,47632
Bhutan,BTN,1989,0
Bhutan,BTN,1990,47632
Bhutan,BTN,1991,47632
Bhutan,BTN,1992,80608
Bhutan,BTN,1993,43968
Bhutan,BTN,1994,63400
Bhutan,BTN,1995,76944
Bhutan,BTN,1996,92759
Bhutan,BTN,1997,188661
Bhutan,BTN,1998,181279
Bhutan,BTN,1999,175872
Bhutan,BTN,2000,175872
Bhutan,BTN,2001,225306
Bhutan,BTN,2002,247293
Bhutan,BTN,2003,229109
Bhutan,BTN,2004,157552
Bhutan,BTN,2005,252815.98
Bhutan,BTN,2006,103542
Bhutan,BTN,2007,84272
Bhutan,BTN,2008,337088
Bhutan,BTN,2009,348080
Bhutan,BTN,2010,494640
Bhutan,BTN,2011,370064
Bhutan,BTN,2012,449180
Bhutan,BTN,2013,542272
Bhutan,BTN,2014,556928
Bhutan,BTN,2015,589904
Bhutan,BTN,2016,614013
Bhutan,BTN,2017,688832
Bhutan,BTN,2018,626544
Bhutan,BTN,2019,527616
Bhutan,BTN,2020,485740
Bhutan,BTN,2021,703488
Bhutan,BTN,2022,758448
Bhutan,BTN,2023,840759
Bhutan,BTN,2024,846788
Bolivia,BOL,1862,3978
Bolivia,BOL,1864,931
Bolivia,BOL,1865,5781
Bolivia,BOL,1866,1924
Bolivia,BOL,1867,2362
Bolivia,BOL,1868,5668
Bolivia,BOL,1869,3704
Bolivia,BOL,1870,2021
Bolivia,BOL,1871,5371
Bolivia,BOL,1872,10310
Bolivia,BOL,1873,13937
Bolivia,BOL,1874,8289
Bolivia,BOL,1875,10511
Bolivia,BOL,1876,16840
Bolivia,BOL,1877,12560
Bolivia,BOL,1878,22168
Bolivia,BOL,1879,28290
Bolivia,BOL,1880,34307
Bolivia,BOL,1881,43040
Bolivia,BOL,1882,51542
Bolivia,BOL,1883,43661
Bolivia,BOL,1884,54104
Bolivia,BOL,1885,37882
Bolivia,BOL,1886,21196
Bolivia,BOL,1887,33378
Bolivia,BOL,1888,43632
Bolivia,BOL,1915,26020
Bolivia,BOL,1916,110386
Bolivia,BOL,1917,91112
Bolivia,BOL,1918,92641
Bolivia,BOL,1919,63819.996
Bolivia,BOL,1920,102928
Bolivia,BOL,1921,71553
Bolivia,BOL,1922,57218
Bolivia,BOL,1923,70411
Bolivia,BOL,1924,71219
Bolivia,BOL,1925,40288
Bolivia,BOL,1926,60342
Bolivia,BOL,1927,77757
Bolivia,BOL,1928,88627
Bolivia,BOL,1929,49213
Bolivia,BOL,1930,71676
Bolivia,BOL,1931,9205
Bolivia,BOL,1932,36320
Bolivia,BOL,1933,19405
Bolivia,BOL,1934,12932
Bolivia,BOL,1935,8618
Bolivia,BOL,1936,5745
Bolivia,BOL,1937,3829
Bolivia,BOL,1938,84215
Bolivia,BOL,1939,68903
Bolivia,BOL,1940,53591
Bolivia,BOL,1941,111012
Bolivia,BOL,1942,76559
Bolivia,BOL,1943,76559
Bolivia,BOL,1944,95700
Bolivia,BOL,1945,42109
Bolivia,BOL,1946,57421
Bolivia,BOL,1947,22968
Bolivia,BOL,1948,19141
Bolivia,BOL,1949,30624
Bolivia,BOL,1950,26040
Bolivia,BOL,1951,32976
Bolivia,BOL,1952,32976
Bolivia,BOL,1953,14656
Bolivia,BOL,1954,25648
Bolivia,BOL,1955,10992
Bolivia,BOL,1956,25733
Bolivia,BOL,1957,14603
Bolivia,BOL,1958,3649
Bolivia,BOL,1959,3664
Bolivia,BOL,1960,7328
Bolivia,BOL,1961,3664
Bolivia,BOL,1962,3664
Bolivia,BOL,1963,3653
Bolivia,BOL,1964,3655
Bolivia,BOL,1965,3664
Bolivia,BOL,1966,3664
Bolivia,BOL,1967,0
Bolivia,BOL,1968,3670
Bolivia,BOL,1969,3659
Bolivia,BOL,1970,3664
Bolivia,BOL,1971,3660
Bolivia,BOL,1972,0
Bolivia,BOL,1973,0
Bolivia,BOL,1974,0
Bolivia,BOL,1975,3661
Bolivia,BOL,1976,0
Bolivia,BOL,1977,0
Bolivia,BOL,1978,0
Bolivia,BOL,1979,3667
Bolivia,BOL,1980,3661
Bolivia,BOL,1981,3664
Bolivia,BOL,1982,3661
Bolivia,BOL,1983,3664
Bolivia,BOL,2011,3664
Bolivia,BOL,2012,0
Bolivia,BOL,2013,3664
Bolivia,BOL,2014,10994
Bolivia,BOL,2015,14656
Bolivia,BOL,2016,14656
Bolivia,BOL,2017,21984
Bolivia,BOL,2018,18320
Bolivia,BOL,2019,21984
Bolivia,BOL,2020,7328
Bolivia,BOL,2021,21984
Bolivia,BOL,2022,21981
Bolivia,BOL,2023,24289
Bolivia,BOL,2024,24569
Bonaire Sint Eustatius and Saba,BES,1926,0
Bonaire Sint Eustatius and Saba,BES,1927,0
Bonaire Sint Eustatius and Saba,BES,1928,0
Bonaire Sint Eustatius and Saba,BES,1929,0
Bonaire Sint Eustatius and Saba,BES,1930,0
Bonaire Sint Eustatius and Saba,BES,1931,0
Bonaire Sint Eustatius and Saba,BES,1932,0
Bonaire Sint Eustatius and Saba,BES,1933,0
Bonaire Sint Eustatius and Saba,BES,1934,0
Bonaire Sint Eustatius and Saba,BES,1935,0
Bonaire Sint Eustatius and Saba,BES,1936,0
Bonaire Sint Eustatius and Saba,BES,1937,0
Bonaire Sint Eustatius and Saba,BES,1938,0
Bonaire Sint Eustatius and Saba,BES,1939,0
Bonaire Sint Eustatius and Saba,BES,1940,0
Bonaire Sint Eustatius and Saba,BES,1941,0
Bonaire Sint Eustatius and Saba,BES,1942,0
Bonaire Sint Eustatius and Saba,BES,1943,0
Bonaire Sint Eustatius and Saba,BES,1944,0
Bonaire Sint Eustatius and Saba,BES,1945,0
Bonaire Sint Eustatius and Saba,BES,1946,0
Bonaire Sint Eustatius and Saba,BES,1947,0
Bonaire Sint Eustatius and Saba,BES,1948,0
Bonaire Sint Eustatius and Saba,BES,1949,0
Bonaire Sint Eustatius and Saba,BES,1950,0
Bonaire Sint Eustatius and Saba,BES,1951,0
Bonaire Sint Eustatius and Saba,BES,1952,0
Bonaire Sint Eustatius and Saba,BES,1953,0
Bonaire Sint Eustatius and Saba,BES,1954,0
Bonaire Sint Eustatius and Saba,BES,1955,0
Bonaire Sint Eustatius and Saba,BES,1956,0
Bonaire Sint Eustatius and Saba,BES,1957,0
Bonaire Sint Eustatius and Saba,BES,1958,0
Bonaire Sint Eustatius and Saba,BES,1959,0
Bonaire Sint Eustatius and Saba,BES,1960,0
Bonaire Sint Eustatius and Saba,BES,1961,0
Bonaire Sint Eustatius and Saba,BES,1962,0
Bonaire Sint Eustatius and Saba,BES,1963,0
Bonaire Sint Eustatius and Saba,BES,1964,0
Bonaire Sint Eustatius and Saba,BES,1965,0
Bonaire Sint Eustatius and Saba,BES,1966,0
Bonaire Sint Eustatius and Saba,BES,1967,0
Bonaire Sint Eustatius and Saba,BES,1968,0
Bonaire Sint Eustatius and Saba,BES,1969,0
Bonaire Sint Eustatius and Saba,BES,1970,0
Bonaire Sint Eustatius and Saba,BES,1971,0
Bonaire Sint Eustatius and Saba,BES,1972,0
Bonaire Sint Eustatius and Saba,BES,1973,0
Bonaire Sint Eustatius and Saba,BES,1974,0
Bonaire Sint Eustatius and Saba,BES,1975,0
Bonaire Sint Eustatius and Saba,BES,1976,0
Bonaire Sint Eustatius and Saba,BES,1977,0
Bonaire Sint Eustatius and Saba,BES,1978,0
Bonaire Sint Eustatius and Saba,BES,1979,0
Bonaire Sint Eustatius and Saba,BES,1980,0
Bonaire Sint Eustatius and Saba,BES,1981,0
Bonaire Sint Eustatius and Saba,BES,1982,0
Bonaire Sint Eustatius and Saba,BES,1983,0
Bonaire Sint Eustatius and Saba,BES,1984,0
Bonaire Sint Eustatius and Saba,BES,1985,0
Bonaire Sint Eustatius and Saba,BES,1986,0
Bonaire Sint Eustatius and Saba,BES,1987,0
Bonaire Sint Eustatius and Saba,BES,1988,0
Bonaire Sint Eustatius and Saba,BES,1989,0
Bonaire Sint Eustatius and Saba,BES,1990,0
Bonaire Sint Eustatius and Saba,BES,1991,0
Bonaire Sint Eustatius and Saba,BES,1992,0
Bonaire Sint Eustatius and Saba,BES,1993,0
Bonaire Sint Eustatius and Saba,BES,1994,0
Bonaire Sint Eustatius and Saba,BES,1995,0
Bonaire Sint Eustatius and Saba,BES,1996,0
Bonaire Sint Eustatius and Saba,BES,1997,0
Bonaire Sint Eustatius and Saba,BES,1998,0
Bonaire Sint Eustatius and Saba,BES,1999,0
Bonaire Sint Eustatius and Saba,BES,2000,0
Bonaire Sint Eustatius and Saba,BES,2001,0
Bonaire Sint Eustatius and Saba,BES,2002,0
Bonaire Sint Eustatius and Saba,BES,2003,0
Bonaire Sint Eustatius and Saba,BES,2004,0
Bonaire Sint Eustatius and Saba,BES,2005,0
Bonaire Sint Eustatius and Saba,BES,2006,0
Bonaire Sint Eustatius and Saba,BES,2007,0
Bonaire Sint Eustatius and Saba,BES,2008,0
Bonaire Sint Eustatius and Saba,BES,2009,0
Bonaire Sint Eustatius and Saba,BES,2010,0
Bonaire Sint Eustatius and Saba,BES,2011,0
Bosnia and Herzegovina,BIH,1885,4513
Bosnia and Herzegovina,BIH,1890,13538
Bosnia and Herzegovina,BIH,1891,15794
Bosnia and Herzegovina,BIH,1892,17486
Bosnia and Herzegovina,BIH,1893,31024
Bosnia and Herzegovina,BIH,1894,59228
Bosnia and Herzegovina,BIH,1895,59228
Bosnia and Herzegovina,BIH,1896,65997
Bosnia and Herzegovina,BIH,1897,51331
Bosnia and Herzegovina,BIH,1898,77842
Bosnia and Herzegovina,BIH,1899,90816
Bosnia and Herzegovina,BIH,1900,122968
Bosnia and Herzegovina,BIH,1901,134249
Bosnia and Herzegovina,BIH,1902,125788
Bosnia and Herzegovina,BIH,1903,136506
Bosnia and Herzegovina,BIH,1904,145531
Bosnia and Herzegovina,BIH,1905,157940
Bosnia and Herzegovina,BIH,1906,188964
Bosnia and Herzegovina,BIH,1907,192349
Bosnia and Herzegovina,BIH,1908,207015
Bosnia and Herzegovina,BIH,1909,212656
Bosnia and Herzegovina,BIH,1910,210399
Bosnia and Herzegovina,BIH,1911,227886
Bosnia and Herzegovina,BIH,1912,233526
Bosnia and Herzegovina,BIH,1913,641351
Bosnia and Herzegovina,BIH,1919,459720
Bosnia and Herzegovina,BIH,1920,610327
Bosnia and Herzegovina,BIH,1921,649812
Bosnia and Herzegovina,BIH,1922,932905
Bosnia and Herzegovina,BIH,1923,1019036.06
Bosnia and Herzegovina,BIH,1924,1044616
Bosnia and Herzegovina,BIH,1925,1143737
Bosnia and Herzegovina,BIH,1926,1111375
Bosnia and Herzegovina,BIH,1927,1254857
Bosnia and Herzegovina,BIH,1928,1417014
Bosnia and Herzegovina,BIH,1929,1555998
Bosnia and Herzegovina,BIH,1930,1454368
Bosnia and Herzegovina,BIH,1931,1346907
Bosnia and Herzegovina,BIH,1932,1221098
Bosnia and Herzegovina,BIH,1933,1129888
Bosnia and Herzegovina,BIH,1934,1178728
Bosnia and Herzegovina,BIH,1935,1235418
Bosnia and Herzegovina,BIH,1936,1213004
Bosnia and Herzegovina,BIH,1937,1357919
Bosnia and Herzegovina,BIH,1938,1306688
Bosnia and Herzegovina,BIH,1939,1372104
Bosnia and Herzegovina,BIH,1940,1585995
Bosnia and Herzegovina,BIH,1943,0
Bosnia and Herzegovina,BIH,1944,0
Bosnia and Herzegovina,BIH,1945,796771
Bosnia and Herzegovina,BIH,1946,1574146
Bosnia and Herzegovina,BIH,1947,2184906
Bosnia and Herzegovina,BIH,1948,2465610
Bosnia and Herzegovina,BIH,1949,2814222
Bosnia and Herzegovina,BIH,1950,2621572
Bosnia and Herzegovina,BIH,1951,2480071
Bosnia and Herzegovina,BIH,1952,2509923
Bosnia and Herzegovina,BIH,1953,2450612
Bosnia and Herzegovina,BIH,1954,2937921
Bosnia and Herzegovina,BIH,1955,3377469
Bosnia and Herzegovina,BIH,1956,3866458
Bosnia and Herzegovina,BIH,1957,4183123
Bosnia and Herzegovina,BIH,1958,4108665
Bosnia and Herzegovina,BIH,1959,4706429
Bosnia and Herzegovina,BIH,1960,5119700
Bosnia and Herzegovina,BIH,1961,5378683
Bosnia and Herzegovina,BIH,1962,5495394
Bosnia and Herzegovina,BIH,1963,6092680
Bosnia and Herzegovina,BIH,1964,6871928
Bosnia and Herzegovina,BIH,1965,6948539
Bosnia and Herzegovina,BIH,1966,6773615
Bosnia and Herzegovina,BIH,1967,6600503
Bosnia and Herzegovina,BIH,1968,6891712
Bosnia and Herzegovina,BIH,1969,7023242
Bosnia and Herzegovina,BIH,1970,9125060
Bosnia and Herzegovina,BIH,1971,9952521
Bosnia and Herzegovina,BIH,1972,9326167
Bosnia and Herzegovina,BIH,1973,10290011
Bosnia and Herzegovina,BIH,1974,10423889
Bosnia and Herzegovina,BIH,1975,11031519
Bosnia and Herzegovina,BIH,1976,11209852
Bosnia and Herzegovina,BIH,1977,10721314
Bosnia and Herzegovina,BIH,1978,11526006
Bosnia and Herzegovina,BIH,1979,12302278
Bosnia and Herzegovina,BIH,1980,11993732
Bosnia and Herzegovina,BIH,1981,14605480
Bosnia and Herzegovina,BIH,1982,12983136
Bosnia and Herzegovina,BIH,1983,14330375
Bosnia and Herzegovina,BIH,1984,15368167
Bosnia and Herzegovina,BIH,1985,15739020
Bosnia and Herzegovina,BIH,1986,16248627
Bosnia and Herzegovina,BIH,1987,15840243
Bosnia and Herzegovina,BIH,1988,16191160
Bosnia and Herzegovina,BIH,1989,16252459
Bosnia and Herzegovina,BIH,1990,15937223
Bosnia and Herzegovina,BIH,1991,10404053
Bosnia and Herzegovina,BIH,1992,12585840
Bosnia and Herzegovina,BIH,1993,10907728
Bosnia and Herzegovina,BIH,1994,1174801
Bosnia and Herzegovina,BIH,1995,1377664
Bosnia and Herzegovina,BIH,1996,1998606
Bosnia and Herzegovina,BIH,1997,6243456
Bosnia and Herzegovina,BIH,1998,7958208
Bosnia and Herzegovina,BIH,1999,7756688
Bosnia and Herzegovina,BIH,2000,9705936
Bosnia and Herzegovina,BIH,2001,9453120
Bosnia and Herzegovina,BIH,2002,10453392
Bosnia and Herzegovina,BIH,2003,10812464
Bosnia and Herzegovina,BIH,2004,11090928
Bosnia and Herzegovina,BIH,2005,11850341
Bosnia and Herzegovina,BIH,2006,12894568
Bosnia and Herzegovina,BIH,2007,12688432
Bosnia and Herzegovina,BIH,2008,14572720
Bosnia and Herzegovina,BIH,2009,15319184
Bosnia and Herzegovina,BIH,2010,15869699
Bosnia and Herzegovina,BIH,2011,18487730
Bosnia and Herzegovina,BIH,2012,17235456
Bosnia and Herzegovina,BIH,2013,17086026
Bosnia and Herzegovina,BIH,2014,14549744
Bosnia and Herzegovina,BIH,2015,13490848
Bosnia and Herzegovina,BIH,2016,16154575
Bosnia and Herzegovina,BIH,2017,16455025
Bosnia and Herzegovina,BIH,2018,16604336
Bosnia and Herzegovina,BIH,2019,15333840
Bosnia and Herzegovina,BIH,2020,15722224
Bosnia and Herzegovina,BIH,2021,15563686
Bosnia and Herzegovina,BIH,2022,15191922
Bosnia and Herzegovina,BIH,2023,14389363
Bosnia and Herzegovina,BIH,2024,13869286
Botswana,BWA,1972,21984
Botswana,BWA,1973,51296
Botswana,BWA,1974,87936
Botswana,BWA,1975,186864
Botswana,BWA,1976,593568
Botswana,BWA,1977,780432
Botswana,BWA,1978,831728
Botswana,BWA,1979,941648
Botswana,BWA,1980,985616
Botswana,BWA,1981,1007599.94
Botswana,BWA,1982,1099200
Botswana,BWA,1983,1029584.06
Botswana,BWA,1984,1044240
Botswana,BWA,1985,1157824
Botswana,BWA,1986,1066224
Botswana,BWA,1987,1238432
Botswana,BWA,1988,1300720
Botswana,BWA,1989,1428960
Botswana,BWA,1990,1747728
Botswana,BWA,1991,1718416
Botswana,BWA,1992,1943021
Botswana,BWA,1993,1923600
Botswana,BWA,1994,1952912
Botswana,BWA,1995,1974896
Botswana,BWA,1996,1586512
Botswana,BWA,1997,1700096
Botswana,BWA,1998,2022527.9
Botswana,BWA,1999,1593840
Botswana,BWA,2000,2051840.1
Botswana,BWA,2001,2004208.1
Botswana,BWA,2002,2088480
Botswana,BWA,2003,1802688
Botswana,BWA,2004,1982224
Botswana,BWA,2005,2141692
Botswana,BWA,2006,2090291
Botswana,BWA,2007,1934592
Botswana,BWA,2008,1952912
Botswana,BWA,2009,1577016
Botswana,BWA,2010,1991156
Botswana,BWA,2011,1430260
Botswana,BWA,2012,2326640
Botswana,BWA,2013,2773648
Botswana,BWA,2014,3843536
Botswana,BWA,2015,2898224
Botswana,BWA,2016,3570337
Botswana,BWA,2017,4251700
Botswana,BWA,2018,4623968
Botswana,BWA,2019,3860081
Botswana,BWA,2020,2929269
Botswana,BWA,2021,3290272
Botswana,BWA,2022,4352532
Botswana,BWA,2023,4174177.2
Botswana,BWA,2024,4360850
Brazil,BRA,1856,227193
Brazil,BRA,1857,269048
Brazil,BRA,1858,284547
Brazil,BRA,1859,372714
Brazil,BRA,1860,434898
Brazil,BRA,1861,410068
Brazil,BRA,1862,355327
Brazil,BRA,1863,425965
Brazil,BRA,1864,479584
Brazil,BRA,1865,571897
Brazil,BRA,1866,646022
Brazil,BRA,1867,554700
Brazil,BRA,1868,752482
Brazil,BRA,1869,605044
Brazil,BRA,1870,698167
Brazil,BRA,1871,844686
Brazil,BRA,1872,858380
Brazil,BRA,1873,1029011
Brazil,BRA,1874,996022
Brazil,BRA,1875,939750
Brazil,BRA,1876,843065
Brazil,BRA,1877,878429
Brazil,BRA,1878,949458
Brazil,BRA,1879,808030
Brazil,BRA,1880,923420
Brazil,BRA,1881,1031042
Brazil,BRA,1882,948135
Brazil,BRA,1883,1170254
Brazil,BRA,1884,1282615
Brazil,BRA,1885,1215464
Brazil,BRA,1886,1236031
Brazil,BRA,1887,1315565
Brazil,BRA,1888,1283198
Brazil,BRA,1889,1860401
Brazil,BRA,1890,1713533
Brazil,BRA,1891,2072020
Brazil,BRA,1892,2145624
Brazil,BRA,1893,1969636
Brazil,BRA,1894,2308266
Brazil,BRA,1895,2188105
Brazil,BRA,1896,2615588
Brazil,BRA,1897,2734326
Brazil,BRA,1898,2681303
Brazil,BRA,1899,2612972
Brazil,BRA,1900,2272218
Brazil,BRA,1901,2314927
Brazil,BRA,1902,2554500
Brazil,BRA,1903,2442213
Brazil,BRA,1904,2639233
Brazil,BRA,1905,2871745
Brazil,BRA,1906,3248124
Brazil,BRA,1907,3722012
Brazil,BRA,1908,3729627
Brazil,BRA,1909,3825869
Brazil,BRA,1910,4584790
Brazil,BRA,1911,5383972
Brazil,BRA,1912,5477784
Brazil,BRA,1913,6107222
Brazil,BRA,1914,4657949
Brazil,BRA,1915,3211753
Brazil,BRA,1916,2735087
Brazil,BRA,1917,2840131
Brazil,BRA,1918,2656656
Brazil,BRA,1919,2967940
Brazil,BRA,1920,3964006
Brazil,BRA,1921,2886595
Brazil,BRA,1922,4026874
Brazil,BRA,1923,4792903
Brazil,BRA,1924,5319118
Brazil,BRA,1925,5341588
Brazil,BRA,1926,5469600
Brazil,BRA,1927,6038804
Brazil,BRA,1928,6039558
Brazil,BRA,1929,6290003
Brazil,BRA,1930,5743947
Brazil,BRA,1931,4689021
Brazil,BRA,1932,4707678
Brazil,BRA,1933,5068442
Brazil,BRA,1934,4998167
Brazil,BRA,1935,5189314
Brazil,BRA,1936,5337339
Brazil,BRA,1937,6330529
Brazil,BRA,1938,6727227
Brazil,BRA,1939,5140957
Brazil,BRA,1940,5137128
Brazil,BRA,1941,5759808
Brazil,BRA,1942,5444969
Brazil,BRA,1943,5961620
Brazil,BRA,1944,5408064
Brazil,BRA,1945,6375360
Brazil,BRA,1946,6892264
Brazil,BRA,1947,8427200
Brazil,BRA,1948,7232736
Brazil,BRA,1949,6679816
Brazil,BRA,1950,6382688
Brazil,BRA,1951,6276432
Brazil,BRA,1952,6008077
Brazil,BRA,1953,5619760
Brazil,BRA,1954,5751770
Brazil,BRA,1955,5861769
Brazil,BRA,1956,5070976
Brazil,BRA,1957,5028032
Brazil,BRA,1958,3949792
Brazil,BRA,1959,4107344.2
Brazil,BRA,1960,4964720
Brazil,BRA,1961,4679277
Brazil,BRA,1962,5667821
Brazil,BRA,1963,5419056
Brazil,BRA,1964,6169777
Brazil,BRA,1965,6943731
Brazil,BRA,1966,8364912
Brazil,BRA,1967,8123088
Brazil,BRA,1968,8533052
Brazil,BRA,1969,9416480
Brazil,BRA,1970,8903868
Brazil,BRA,1971,8984128
Brazil,BRA,1972,9372512
Brazil,BRA,1973,9009776
Brazil,BRA,1974,9541056
Brazil,BRA,1975,11061616
Brazil,BRA,1976,11519616
Brazil,BRA,1977,15055376
Brazil,BRA,1978,17707744
Brazil,BRA,1979,18462536
Brazil,BRA,1980,19986728
Brazil,BRA,1981,19723312
Brazil,BRA,1982,21551648
Brazil,BRA,1983,23926446
Brazil,BRA,1984,28996896
Brazil,BRA,1985,34870996
Brazil,BRA,1986,35123104
Brazil,BRA,1987,40234384
Brazil,BRA,1988,39776384
Brazil,BRA,1989,39930270
Brazil,BRA,1990,37094716
Brazil,BRA,1991,42466108
Brazil,BRA,1992,41203076
Brazil,BRA,1993,42342610
Brazil,BRA,1994,43663816
Brazil,BRA,1995,45582308
Brazil,BRA,1996,46471496
Brazil,BRA,1997,47047120
Brazil,BRA,1998,45590740
Brazil,BRA,1999,46804690
Brazil,BRA,2000,50457296
Brazil,BRA,2001,49429830
Brazil,BRA,2002,48688816
Brazil,BRA,2003,51933110
Brazil,BRA,2004,53832656
Brazil,BRA,2005,50951630
Brazil,BRA,2006,50834610
Brazil,BRA,2007,54989056
Brazil,BRA,2008,55315500
Brazil,BRA,2009,43586052
Brazil,BRA,2010,56688188
Brazil,BRA,2011,62292400
Brazil,BRA,2012,61016470
Brazil,BRA,2013,65604090
Brazil,BRA,2014,69037190
Brazil,BRA,2015,69454936
Brazil,BRA,2016,63827908
Brazil,BRA,2017,67318380
Brazil,BRA,2018,65837320
Brazil,BRA,2019,61884536
Brazil,BRA,2020,55949220
Brazil,BRA,2021,67936360
Brazil,BRA,2022,56111710
Brazil,BRA,2023,54905820
Brazil,BRA,2024,50954484
Brunei,BRN,1933,0
Brunei,BRN,1934,0
Brunei,BRN,1935,0
Brunei,BRN,1936,0
Brunei,BRN,1937,0
Brunei,BRN,1938,0
Brunei,BRN,1939,0
Brunei,BRN,1940,0
Brunei,BRN,1941,0
Brunei,BRN,1942,0
Brunei,BRN,1943,0
Brunei,BRN,1944,0
Brunei,BRN,1945,0
Brunei,BRN,1946,0
Brunei,BRN,1947,0
Brunei,BRN,1948,0
Brunei,BRN,1949,0
Brunei,BRN,1950,0
Brunei,BRN,1951,0
Brunei,BRN,1952,0
Brunei,BRN,1953,0
Brunei,BRN,1954,0
Brunei,BRN,1955,0
Brunei,BRN,1956,0
Brunei,BRN,1957,0
Brunei,BRN,1958,0
Brunei,BRN,1959,0
Brunei,BRN,1960,0
Brunei,BRN,1961,0
Brunei,BRN,1962,0
Brunei,BRN,1963,0
Brunei,BRN,1964,0
Brunei,BRN,1965,0
Brunei,BRN,1966,0
Brunei,BRN,1967,0
Brunei,BRN,1968,0
Brunei,BRN,1969,0
Brunei,BRN,1970,0
Brunei,BRN,1971,0
Brunei,BRN,1972,0
Brunei,BRN,1973,0
Brunei,BRN,1974,0
Brunei,BRN,1975,0
Brunei,BRN,1976,0
Brunei,BRN,1977,0
Brunei,BRN,1978,0
Brunei,BRN,1979,0
Brunei,BRN,1980,3664
Brunei,BRN,1981,0
Brunei,BRN,1982,0
Brunei,BRN,1983,0
Brunei,BRN,1984,0
Brunei,BRN,1985,0
Brunei,BRN,1986,0
Brunei,BRN,1987,0
Brunei,BRN,1988,0
Brunei,BRN,2019,604560
Brunei,BRN,2020,2131769
Brunei,BRN,2021,2744336
Brunei,BRN,2022,2689376
Brunei,BRN,2023,2981241
Brunei,BRN,2024,3002621
Bulgaria,BGR,1881,3664
Bulgaria,BGR,1882,3664
Bulgaria,BGR,1883,7328
Bulgaria,BGR,1884,10992
Bulgaria,BGR,1885,7328
Bulgaria,BGR,1886,7328
Bulgaria,BGR,1887,10992
Bulgaria,BGR,1888,18320
Bulgaria,BGR,1889,25648
Bulgaria,BGR,1890,32976
Bulgaria,BGR,1891,40304
Bulgaria,BGR,1892,47632
Bulgaria,BGR,1893,62288
Bulgaria,BGR,1894,80608
Bulgaria,BGR,1895,84272
Bulgaria,BGR,1896,106256
Bulgaria,BGR,1897,109920
Bulgaria,BGR,1898,146560
Bulgaria,BGR,1899,146560
Bulgaria,BGR,1900,216176
Bulgaria,BGR,1901,271136
Bulgaria,BGR,1902,238160
Bulgaria,BGR,1903,234496
Bulgaria,BGR,1904,300448
Bulgaria,BGR,1905,359072
Bulgaria,BGR,1906,315104
Bulgaria,BGR,1907,454336
Bulgaria,BGR,1908,597232
Bulgaria,BGR,1909,604560
Bulgaria,BGR,1910,633872
Bulgaria,BGR,1911,897680
Bulgaria,BGR,1912,897680
Bulgaria,BGR,1913,787760
Bulgaria,BGR,1914,1183472
Bulgaria,BGR,1915,762112
Bulgaria,BGR,1916,923328
Bulgaria,BGR,1917,1139504
Bulgaria,BGR,1918,1421632
Bulgaria,BGR,1919,835392
Bulgaria,BGR,1920,1099200
Bulgaria,BGR,1921,1366672
Bulgaria,BGR,1922,1509568
Bulgaria,BGR,1923,1604832
Bulgaria,BGR,1924,1842992
Bulgaria,BGR,1925,1810016
Bulgaria,BGR,1926,1780704
Bulgaria,BGR,1927,1817344
Bulgaria,BGR,1928,2084816
Bulgaria,BGR,1929,2407248
Bulgaria,BGR,1930,2315648
Bulgaria,BGR,1931,2224048
Bulgaria,BGR,1932,2568464
Bulgaria,BGR,1933,2289908
Bulgaria,BGR,1934,2381688
Bulgaria,BGR,1935,2421904
Bulgaria,BGR,1936,2458544
Bulgaria,BGR,1937,2722352
Bulgaria,BGR,1938,3084986
Bulgaria,BGR,1939,3396435
Bulgaria,BGR,1940,4100016
Bulgaria,BGR,1941,4422448
Bulgaria,BGR,1942,5349440
Bulgaria,BGR,1943,5811104
Bulgaria,BGR,1944,4327184
Bulgaria,BGR,1945,5089296
Bulgaria,BGR,1946,4975712
Bulgaria,BGR,1947,5910032
Bulgaria,BGR,1948,6060256
Bulgaria,BGR,1949,7452576
Bulgaria,BGR,1950,6657076
Bulgaria,BGR,1951,7222168
Bulgaria,BGR,1952,8372240
Bulgaria,BGR,1953,9423808
Bulgaria,BGR,1954,10079664
Bulgaria,BGR,1955,10588960
Bulgaria,BGR,1956,11212337
Bulgaria,BGR,1957,12387984
Bulgaria,BGR,1958,13622752
Bulgaria,BGR,1959,16711504
Bulgaria,BGR,1960,18627176
Bulgaria,BGR,1961,21430736
Bulgaria,BGR,1962,24728336
Bulgaria,BGR,1963,26783840
Bulgaria,BGR,1964,32118626
Bulgaria,BGR,1965,33913004
Bulgaria,BGR,1966,34745710
Bulgaria,BGR,1967,37701400
Bulgaria,BGR,1968,39293980
Bulgaria,BGR,1969,41135730
Bulgaria,BGR,1970,33124240
Bulgaria,BGR,1971,32140610
Bulgaria,BGR,1972,32807456
Bulgaria,BGR,1973,33534806
Bulgaria,BGR,1974,33137214
Bulgaria,BGR,1975,34399356
Bulgaria,BGR,1976,31715584
Bulgaria,BGR,1977,31627648
Bulgaria,BGR,1978,33894140
Bulgaria,BGR,1979,34972880
Bulgaria,BGR,1980,36574050
Bulgaria,BGR,1981,37136332
Bulgaria,BGR,1982,39109536
Bulgaria,BGR,1983,39027344
Bulgaria,BGR,1984,39151480
Bulgaria,BGR,1985,41099090
Bulgaria,BGR,1986,41007490
Bulgaria,BGR,1987,41773264
Bulgaria,BGR,1988,37911410
Bulgaria,BGR,1989,38576624
Bulgaria,BGR,1990,34721056
Bulgaria,BGR,1991,31776530
Bulgaria,BGR,1992,31435720
Bulgaria,BGR,1993,33041740
Bulgaria,BGR,1994,31375154
Bulgaria,BGR,1995,31308392
Bulgaria,BGR,1996,31466078
Bulgaria,BGR,1997,34010950
Bulgaria,BGR,1998,32114918
Bulgaria,BGR,1999,26598228
Bulgaria,BGR,2000,26375422
Bulgaria,BGR,2001,30061308
Bulgaria,BGR,2002,27819786
Bulgaria,BGR,2003,31191182
Bulgaria,BGR,2004,29943326
Bulgaria,BGR,2005,29488590
Bulgaria,BGR,2006,29992718
Bulgaria,BGR,2007,33365574
Bulgaria,BGR,2008,32489070
Bulgaria,BGR,2009,27274120
Bulgaria,BGR,2010,29294494
Bulgaria,BGR,2011,34481324
Bulgaria,BGR,2012,29412308
Bulgaria,BGR,2013,24997208
Bulgaria,BGR,2014,26579480
Bulgaria,BGR,2015,27678158
Bulgaria,BGR,2016,24154710
Bulgaria,BGR,2017,25792110
Bulgaria,BGR,2018,22113318
Bulgaria,BGR,2019,20806326
Bulgaria,BGR,2020,16204029
Bulgaria,BGR,2021,20423332
Bulgaria,BGR,2022,25068350
Bulgaria,BGR,2023,13960910
Bulgaria,BGR,2024,10285484
Burkina Faso,BFA,1950,767
Burkina Faso,BFA,1951,1343
Burkina Faso,BFA,1952,1295
Burkina Faso,BFA,1953,424
Burkina Faso,BFA,1954,482
Burkina Faso,BFA,1955,217
Burkina Faso,BFA,1956,284
Burkina Faso,BFA,1957,11
Burundi,BDI,1950,1099
Burundi,BDI,1951,0
Burundi,BDI,1952,1166
Burundi,BDI,1953,0
Burundi,BDI,1954,0
Burundi,BDI,1955,0
Burundi,BDI,1956,0
Burundi,BDI,1957,0
Burundi,BDI,1958,0
Burundi,BDI,1959,1298
Burundi,BDI,1960,0
Burundi,BDI,1961,2512
Burundi,BDI,1970,0
Burundi,BDI,1971,0
Burundi,BDI,1972,0
Burundi,BDI,1973,0
Burundi,BDI,1974,0
Burundi,BDI,1975,0
Burundi,BDI,1976,0
Burundi,BDI,1977,0
Burundi,BDI,1978,3538
Burundi,BDI,1979,3664
Burundi,BDI,1980,7149
Burundi,BDI,1981,7328
Burundi,BDI,1982,14656
Burundi,BDI,1983,18320
Burundi,BDI,1984,18631
Burundi,BDI,1985,14656
Burundi,BDI,1986,18320
Burundi,BDI,1987,25648
Burundi,BDI,1988,18029
Burundi,BDI,1989,18320
Burundi,BDI,1990,14656
Burundi,BDI,1991,14656
Burundi,BDI,1992,18320
Burundi,BDI,1993,18029
Burundi,BDI,1994,18320
Burundi,BDI,1995,18320
Burundi,BDI,1996,18047
Burundi,BDI,1997,18054
Burundi,BDI,1998,18054
Burundi,BDI,1999,7223
Burundi,BDI,2000,7230
Burundi,BDI,2001,10799
Burundi,BDI,2002,10992
Burundi,BDI,2003,7172
Burundi,BDI,2004,7328
Burundi,BDI,2005,7328
Burundi,BDI,2006,14656
Burundi,BDI,2007,10992
Burundi,BDI,2008,14656
Burundi,BDI,2009,14909
Burundi,BDI,2010,18320
Burundi,BDI,2011,10992
Burundi,BDI,2012,25648
Burundi,BDI,2013,21984
Burundi,BDI,2014,14797
Burundi,BDI,2015,3664
Burundi,BDI,2016,36640
Burundi,BDI,2017,22136
Burundi,BDI,2018,18223
Burundi,BDI,2019,43968
Burundi,BDI,2020,25648
Burundi,BDI,2021,44161
Burundi,BDI,2022,43797
Burundi,BDI,2023,50639
Burundi,BDI,2024,51703
Cambodia,KHM,1964,32625
Cambodia,KHM,1965,73280
Cambodia,KHM,1966,98928
Cambodia,KHM,1967,36640
Cambodia,KHM,1968,95264
Cambodia,KHM,1969,33066
Cambodia,KHM,1970,32976
Cambodia,KHM,1971,25648
Cambodia,KHM,1972,14656
Cambodia,KHM,1973,0
Cambodia,KHM,1974,0
Cambodia,KHM,1975,0
Cambodia,KHM,1976,0
Cambodia,KHM,1977,0
Cambodia,KHM,1978,0
Cambodia,KHM,1979,0
Cambodia,KHM,1980,0
Cambodia,KHM,1981,0
Cambodia,KHM,1982,0
Cambodia,KHM,1983,0
Cambodia,KHM,1984,0
Cambodia,KHM,1985,0
Cambodia,KHM,1986,0
Cambodia,KHM,1987,0
Cambodia,KHM,1988,0
Cambodia,KHM,1989,0
Cambodia,KHM,2008,47632
Cambodia,KHM,2009,58624
Cambodia,KHM,2010,84272
Cambodia,KHM,2011,98928
Cambodia,KHM,2012,131904
Cambodia,KHM,2013,197856
Cambodia,KHM,2014,1092464
Cambodia,KHM,2015,1930928
Cambodia,KHM,2016,2681071
Cambodia,KHM,2017,3165696
Cambodia,KHM,2018,3363552
Cambodia,KHM,2019,4488400
Cambodia,KHM,2020,6441312
Cambodia,KHM,2021,5704848
Cambodia,KHM,2022,5443604
Cambodia,KHM,2023,6034372
Cambodia,KHM,2024,6077647
Cameroon,CMR,1950,21420
Cameroon,CMR,1951,40304
Cameroon,CMR,1952,63107.996
Cameroon,CMR,1953,25190
Cameroon,CMR,1954,0
Cameroon,CMR,1955,0
Cameroon,CMR,1956,3664
Cameroon,CMR,1957,3612
Cameroon,CMR,1958,3616
Cameroon,CMR,1959,0
Cameroon,CMR,1960,3664
Cameroon,CMR,1961,3664
Cameroon,CMR,1962,0
Cameroon,CMR,1963,0
Cameroon,CMR,1964,0
Cameroon,CMR,1965,0
Cameroon,CMR,1966,0
Cameroon,CMR,1967,3635
Cameroon,CMR,1968,3664
Cameroon,CMR,1969,3641
Cameroon,CMR,1970,3664
Cameroon,CMR,1971,3664
Cameroon,CMR,1972,3664
Cameroon,CMR,1973,3649
Cameroon,CMR,1974,3664
Cameroon,CMR,1975,3664
Cameroon,CMR,1976,0
Cameroon,CMR,1977,0
Cameroon,CMR,1978,0
Cameroon,CMR,1979,0
Cameroon,CMR,1980,0
Cameroon,CMR,1981,3664
Cameroon,CMR,1982,3664
Cameroon,CMR,1983,3664
Cameroon,CMR,1984,3664
Cameroon,CMR,1985,3664
Cameroon,CMR,1986,3664
Cameroon,CMR,1987,3664
Cameroon,CMR,1988,3658
Cameroon,CMR,1989,3662
Cameroon,CMR,1990,3664
Cameroon,CMR,1991,3664
Cameroon,CMR,1992,3664
Cameroon,CMR,1993,3664
Cameroon,CMR,1994,3659
Cameroon,CMR,1995,3664
Cameroon,CMR,1996,3664
Cameroon,CMR,1997,3664
Canada,CAN,1785,3664
Canada,CAN,1786,3664
Canada,CAN,1787,3664
Canada,CAN,1788,3664
Canada,CAN,1789,3664
Canada,CAN,1790,3664
Canada,CAN,1791,3664
Canada,CAN,1792,3664
Canada,CAN,1793,3664
Canada,CAN,1794,3664
Canada,CAN,1795,3664
Canada,CAN,1796,3664
Canada,CAN,1797,3664
Canada,CAN,1798,3664
Canada,CAN,1799,3664
Canada,CAN,1800,3664
Canada,CAN,1801,3664
Canada,CAN,1802,3664
Canada,CAN,1803,3664
Canada,CAN,1804,3664
Canada,CAN,1805,3664
Canada,CAN,1806,3664
Canada,CAN,1807,3664
Canada,CAN,1808,3664
Canada,CAN,1809,3664
Canada,CAN,1810,3664
Canada,CAN,1811,3664
Canada,CAN,1812,3664
Canada,CAN,1813,3664
Canada,CAN,1814,3664
Canada,CAN,1815,3664
Canada,CAN,1816,3664
Canada,CAN,1817,3664
Canada,CAN,1818,3664
Canada,CAN,1819,3664
Canada,CAN,1820,3664
Canada,CAN,1821,3664
Canada,CAN,1822,3664
Canada,CAN,1823,3664
Canada,CAN,1824,3664
Canada,CAN,1825,3664
Canada,CAN,1826,3664
Canada,CAN,1827,3664
Canada,CAN,1828,3664
Canada,CAN,1829,3664
Canada,CAN,1830,3664
Canada,CAN,1831,3664
Canada,CAN,1832,3664
Canada,CAN,1833,3664
Canada,CAN,1834,3664
Canada,CAN,1835,3664
Canada,CAN,1836,3664
Canada,CAN,1837,3664
Canada,CAN,1838,3664
Canada,CAN,1839,3664
Canada,CAN,1840,3664
Canada,CAN,1841,3664
Canada,CAN,1842,3664
Canada,CAN,1843,3664
Canada,CAN,1844,3664
Canada,CAN,1845,3664
Canada,CAN,1846,25648
Canada,CAN,1847,32976
Canada,CAN,1848,40304
Canada,CAN,1849,47632
Canada,CAN,1850,58624
Canada,CAN,1851,69616
Canada,CAN,1852,84272
Canada,CAN,1853,102592
Canada,CAN,1854,124576
Canada,CAN,1855,150224
Canada,CAN,1856,179536
Canada,CAN,1857,216176
Canada,CAN,1858,263808
Canada,CAN,1859,315104
Canada,CAN,1860,381056
Canada,CAN,1861,458000
Canada,CAN,1862,553264
Canada,CAN,1863,670339
Canada,CAN,1864,806080
Canada,CAN,1865,970960
Canada,CAN,1866,1172480
Canada,CAN,1867,1516896
Canada,CAN,1868,861040
Canada,CAN,1869,597232
Canada,CAN,1870,1121184
Canada,CAN,1871,1670557
Canada,CAN,1872,1721832
Canada,CAN,1873,1458272
Canada,CAN,1874,1557051
Canada,CAN,1875,1787860
Canada,CAN,1876,1729155
Canada,CAN,1877,1894288
Canada,CAN,1878,1806352
Canada,CAN,1879,1948854
Canada,CAN,1880,5089296
Canada,CAN,1881,5477680
Canada,CAN,1882,6503600
Canada,CAN,1883,7342656
Canada,CAN,1884,8500480
Canada,CAN,1885,8145072
Canada,CAN,1886,8562768
Canada,CAN,1887,9936768
Canada,CAN,1888,13029184
Canada,CAN,1889,11010228
Canada,CAN,1890,12094864
Canada,CAN,1891,13633744
Canada,CAN,1892,13571456
Canada,CAN,1893,14527760
Canada,CAN,1894,13839016
Canada,CAN,1895,13234368
Canada,CAN,1896,14351888
Canada,CAN,1897,14505776
Canada,CAN,1898,15396201
Canada,CAN,1899,18836560
Canada,CAN,1900,20250860
Canada,CAN,1901,23530208
Canada,CAN,1902,25424496
Canada,CAN,1903,27736480
Canada,CAN,1904,32818448
Canada,CAN,1905,34859296
Canada,CAN,1906,36995444
Canada,CAN,1907,46375250
Canada,CAN,1908,46818590
Canada,CAN,1909,45213760
Canada,CAN,1910,50859930
Canada,CAN,1911,58686190
Canada,CAN,1912,64940736
Canada,CAN,1913,76185550
Canada,CAN,1914,64834290
Canada,CAN,1915,57678896
Canada,CAN,1916,72034024
Canada,CAN,1917,79835130
Canada,CAN,1918,83857970
Canada,CAN,1919,70139950
Canada,CAN,1920,79995920
Canada,CAN,1921,75507710
Canada,CAN,1922,63456510
Canada,CAN,1923,87434030
Canada,CAN,1924,71220830
Canada,CAN,1925,69077096
Canada,CAN,1926,77086900
Canada,CAN,1927,82792110
Canada,CAN,1928,81604610
Canada,CAN,1929,83898830
Canada,CAN,1930,79498380
Canada,CAN,1931,61214450
Canada,CAN,1932,57736660
Canada,CAN,1933,56440256
Canada,CAN,1934,65156236
Canada,CAN,1935,62932864
Canada,CAN,1936,68842900
Canada,CAN,1937,74206990
Canada,CAN,1938,66468620
Canada,CAN,1939,74195200
Canada,CAN,1940,84718200
Canada,CAN,1941,93714130
Canada,CAN,1942,105482180
Canada,CAN,1943,110547270
Canada,CAN,1944,109809280
Canada,CAN,1945,100397260
Canada,CAN,1946,105732910
Canada,CAN,1947,108436080
Canada,CAN,1948,118104440
Canada,CAN,1949,101281390
Canada,CAN,1950,96821200
Canada,CAN,1951,96883490
Canada,CAN,1952,89850210
Canada,CAN,1953,82938300
Canada,CAN,1954,80084050
Canada,CAN,1955,72215336
Canada,CAN,1956,78482880
Canada,CAN,1957,64926080
Canada,CAN,1958,57264656
Canada,CAN,1959,53545696
Canada,CAN,1960,49638930
Canada,CAN,1961,45594816
Canada,CAN,1962,47031104
Canada,CAN,1963,46598750
Canada,CAN,1964,51918880
Canada,CAN,1965,54178780
Canada,CAN,1966,52582064
Canada,CAN,1967,57315950
Canada,CAN,1968,60577644
Canada,CAN,1969,59121596
Canada,CAN,1970,58869490
Canada,CAN,1971,55905310
Canada,CAN,1972,62177484
Canada,CAN,1973,52039790
Canada,CAN,1974,48521896
Canada,CAN,1975,61288296
Canada,CAN,1976,59103984
Canada,CAN,1977,65031750
Canada,CAN,1978,69512790
Canada,CAN,1979,76032296
Canada,CAN,1980,81167920
Canada,CAN,1981,83682100
Canada,CAN,1982,88441630
Canada,CAN,1983,93519940
Canada,CAN,1984,102918100
Canada,CAN,1985,99770720
Canada,CAN,1986,92491190
Canada,CAN,1987,99030590
Canada,CAN,1988,106412696
Canada,CAN,1989,106900860
Canada,CAN,1990,99138690
Canada,CAN,1991,104151880
Canada,CAN,1992,106984910
Canada,CAN,1993,99617620
Canada,CAN,1994,103286770
Canada,CAN,1995,104709300
Canada,CAN,1996,106866510
Canada,CAN,1997,113730670
Canada,CAN,1998,119841350
Canada,CAN,1999,120135640
Canada,CAN,2000,129482820
Canada,CAN,2001,126846710
Canada,CAN,2002,124528200
Canada,CAN,2003,123577430
Canada,CAN,2004,116232570
Canada,CAN,2005,117260530
Canada,CAN,2006,114604350
Canada,CAN,2007,119203816
Canada,CAN,2008,113144270
Canada,CAN,2009,93713630
Canada,CAN,2010,96394710
Canada,CAN,2011,87381710
Canada,CAN,2012,82209120
Canada,CAN,2013,79920810
Canada,CAN,2014,77557750
Canada,CAN,2015,74336430
Canada,CAN,2016,74532104
Canada,CAN,2017,73962820
Canada,CAN,2018,62467440
Canada,CAN,2019,59811224
Canada,CAN,2020,49442344
Canada,CAN,2021,47058990
Canada,CAN,2022,39156510
Canada,CAN,2023,36384230
Canada,CAN,2024,28672480
Cape Verde,CPV,1950,95517
Cape Verde,CPV,1951,69949
Cape Verde,CPV,1952,29312
Cape Verde,CPV,1953,12213
Cape Verde,CPV,1954,10992
Cape Verde,CPV,1955,7328
Cape Verde,CPV,1956,14656
Cape Verde,CPV,1957,3664
Cape Verde,CPV,1960,0
Cape Verde,CPV,1970,0
Cape Verde,CPV,1971,0
Cape Verde,CPV,1972,0
Cape Verde,CPV,1973,0
Cape Verde,CPV,1974,0
Cape Verde,CPV,1975,0
Cape Verde,CPV,1976,0
Cape Verde,CPV,1977,0
Cape Verde,CPV,1978,0
Cape Verde,CPV,1979,0
Cape Verde,CPV,1980,0
Cape Verde,CPV,1981,0
Cape Verde,CPV,1982,0
Cape Verde,CPV,1983,0
Cape Verde,CPV,1984,0
Cape Verde,CPV,1985,0
Cape Verde,CPV,1986,0
Cape Verde,CPV,1987,0
Cape Verde,CPV,1988,0
Cape Verde,CPV,1989,0
Central African Republic,CAF,1950,4767
Central African Republic,CAF,1951,1903
Central African Republic,CAF,1952,6669
Central African Republic,CAF,1953,2855
Central African Republic,CAF,1954,951
Central African Republic,CAF,1955,1929
Central African Republic,CAF,1956,0
Central African Republic,CAF,1957,0
Central African Republic,CAF,1958,0
Chad,TCD,1950,3001
Chad,TCD,1951,1198
Chad,TCD,1952,4199
Chad,TCD,1953,1797
Chad,TCD,1954,599
Chad,TCD,1955,1214
Chad,TCD,1956,0
Chad,TCD,1957,0
Chad,TCD,1958,0
Chile,CHL,1844,24171
Chile,CHL,1845,36046
Chile,CHL,1846,45661
Chile,CHL,1847,55846
Chile,CHL,1848,63594
Chile,CHL,1849,116034
Chile,CHL,1850,94126
Chile,CHL,1851,110448
Chile,CHL,1852,180875
Chile,CHL,1853,116529
Chile,CHL,1854,5389
Chile,CHL,1855,150900
Chile,CHL,1856,219547
Chile,CHL,1857,444021
Chile,CHL,1858,451477
Chile,CHL,1859,251989
Chile,CHL,1860,421345
Chile,CHL,1861,296637
Chile,CHL,1862,293752
Chile,CHL,1863,253818
Chile,CHL,1864,393771
Chile,CHL,1865,401945
Chile,CHL,1866,550955
Chile,CHL,1867,887164
Chile,CHL,1868,686600
Chile,CHL,1869,720640
Chile,CHL,1870,657251
Chile,CHL,1871,580950
Chile,CHL,1872,1027092
Chile,CHL,1873,1257850
Chile,CHL,1874,1644514
Chile,CHL,1875,1467963
Chile,CHL,1876,1597486
Chile,CHL,1877,1351934
Chile,CHL,1878,1258358
Chile,CHL,1879,1384135
Chile,CHL,1880,1746370
Chile,CHL,1881,1756870
Chile,CHL,1882,1874541
Chile,CHL,1883,1655050
Chile,CHL,1884,1709650
Chile,CHL,1885,1756426
Chile,CHL,1886,1598483
Chile,CHL,1887,1555956
Chile,CHL,1888,2285814
Chile,CHL,1889,2125398
Chile,CHL,1890,2076638.9
Chile,CHL,1891,2482095
Chile,CHL,1892,2021277.9
Chile,CHL,1893,2144114
Chile,CHL,1894,3076572
Chile,CHL,1895,2950379
Chile,CHL,1896,3237778
Chile,CHL,1897,2715759
Chile,CHL,1898,3032155
Chile,CHL,1899,3052981
Chile,CHL,1900,3003337
Chile,CHL,1901,3194964
Chile,CHL,1902,2960128
Chile,CHL,1903,3155355
Chile,CHL,1904,2919425
Chile,CHL,1905,3790328
Chile,CHL,1906,3792370
Chile,CHL,1907,5329952
Chile,CHL,1908,4990731
Chile,CHL,1909,5033099
Chile,CHL,1910,5027652
Chile,CHL,1911,5894459
Chile,CHL,1912,6669816
Chile,CHL,1913,6512299
Chile,CHL,1914,5163258
Chile,CHL,1915,3595898
Chile,CHL,1916,4366451
Chile,CHL,1917,4483332
Chile,CHL,1918,4017440.8
Chile,CHL,1919,3592072
Chile,CHL,1920,2894949
Chile,CHL,1921,3904677
Chile,CHL,1922,2449184
Chile,CHL,1923,2775124
Chile,CHL,1924,3993635
Chile,CHL,1925,3835620
Chile,CHL,1926,3743749
Chile,CHL,1927,3697813
Chile,CHL,1928,3418373
Chile,CHL,1929,3759061
Chile,CHL,1930,3452824
Chile,CHL,1931,2679575
Chile,CHL,1932,2583877
Chile,CHL,1933,3479621
Chile,CHL,1934,4053815
Chile,CHL,1935,4038503.2
Chile,CHL,1936,4455750
Chile,CHL,1937,4842376
Chile,CHL,1938,4888311
Chile,CHL,1939,4501686
Chile,CHL,1940,5213687
Chile,CHL,1941,5091192
Chile,CHL,1942,5144784
Chile,CHL,1943,5397429
Chile,CHL,1944,5301731
Chile,CHL,1945,5029945
Chile,CHL,1946,4972527
Chile,CHL,1947,5152440
Chile,CHL,1948,5489300
Chile,CHL,1949,4911279
Chile,CHL,1950,5682053
Chile,CHL,1951,5701184
Chile,CHL,1952,5748816
Chile,CHL,1953,5521648
Chile,CHL,1954,5488672
Chile,CHL,1955,5459360
Chile,CHL,1956,5534353
Chile,CHL,1957,5089296
Chile,CHL,1958,4733888
Chile,CHL,1959,4543360
Chile,CHL,1960,4510384
Chile,CHL,1961,4440768
Chile,CHL,1962,4771574
Chile,CHL,1963,4601984
Chile,CHL,1964,4404128
Chile,CHL,1965,4360160
Chile,CHL,1966,4333666
Chile,CHL,1967,4553485
Chile,CHL,1968,4687066
Chile,CHL,1969,4730224
Chile,CHL,1970,4763908
Chile,CHL,1971,5152281
Chile,CHL,1972,4357063
Chile,CHL,1973,4671600
Chile,CHL,1974,4487766
Chile,CHL,1975,3568167
Chile,CHL,1976,3646235
Chile,CHL,1977,3850864
Chile,CHL,1978,3916816
Chile,CHL,1979,4246576
Chile,CHL,1980,5117865
Chile,CHL,1981,4932481
Chile,CHL,1982,3293936
Chile,CHL,1983,4041391.8
Chile,CHL,1984,5224864
Chile,CHL,1985,5057182
Chile,CHL,1986,5299017
Chile,CHL,1987,5232192
Chile,CHL,1988,7188768
Chile,CHL,1989,9885472
Chile,CHL,1990,10707394
Chile,CHL,1991,8627703
Chile,CHL,1992,7456240
Chile,CHL,1993,7628448
Chile,CHL,1994,9361520
Chile,CHL,1995,10314160
Chile,CHL,1996,14415275
Chile,CHL,1997,18605792
Chile,CHL,1998,17770400
Chile,CHL,1999,18517856
Chile,CHL,2000,14241968
Chile,CHL,2001,9263234
Chile,CHL,2002,9379840
Chile,CHL,2003,9244272
Chile,CHL,2004,10273856
Chile,CHL,2005,10240880
Chile,CHL,2006,12534544
Chile,CHL,2007,13002865
Chile,CHL,2008,16732628
Chile,CHL,2009,13428560
Chile,CHL,2010,16525484
Chile,CHL,2011,20848160
Chile,CHL,2012,23478912
Chile,CHL,2013,25395184
Chile,CHL,2014,24385064
Chile,CHL,2015,27190544
Chile,CHL,2016,27014672
Chile,CHL,2017,27753600
Chile,CHL,2018,27069632
Chile,CHL,2019,31016982
Chile,CHL,2020,25192522
Chile,CHL,2021,24100746
Chile,CHL,2022,19858370
Chile,CHL,2023,11730884
Chile,CHL,2024,10874265
China,CHN,1907,19893872
China,CHN,1908,22735854
China,CHN,1909,24251576
China,CHN,1910,25009438
China,CHN,1911,24630506
China,CHN,1912,17029154
China,CHN,1913,24251576
China,CHN,1914,26718416
China,CHN,1915,25420578
China,CHN,1916,30130690
China,CHN,1917,32023448
China,CHN,1918,34747964
China,CHN,1919,37997296
China,CHN,1920,40278456
China,CHN,1921,38762732
China,CHN,1922,39971524
China,CHN,1923,46517556
China,CHN,1924,48846084
China,CHN,1925,45954840
China,CHN,1926,43652836
China,CHN,1927,45797584
China,CHN,1928,47540668
China,CHN,1929,48194324
China,CHN,1930,49331116
China,CHN,1931,51619856
China,CHN,1932,49973404
China,CHN,1933,53730504
China,CHN,1934,62002564
China,CHN,1935,72057496
China,CHN,1936,74539490
China,CHN,1937,69937380
China,CHN,1938,60520948
China,CHN,1939,73023780
China,CHN,1940,88722880
China,CHN,1941,111449256
China,CHN,1942,124452270
China,CHN,1943,107402270
China,CHN,1944,101898300
China,CHN,1945,55335276
China,CHN,1946,35805180
China,CHN,1947,41500510
China,CHN,1948,38093920
China,CHN,1949,61443640
China,CHN,1950,77614560
China,CHN,1951,100133460
China,CHN,1952,125448030
China,CHN,1953,130240536
China,CHN,1954,155595420
China,CHN,1955,183196480
China,CHN,1956,205026450
China,CHN,1957,243813550
China,CHN,1958,508182140
China,CHN,1959,695449150
China,CHN,1960,748386750
China,CHN,1961,522486400
China,CHN,1962,411932500
China,CHN,1963,406135840
China,CHN,1964,401581400
China,CHN,1965,433000500
China,CHN,1966,469772800
China,CHN,1967,383606140
China,CHN,1968,412727600
China,CHN,1969,501187070
China,CHN,1970,665877000
China,CHN,1971,736435260
China,CHN,1972,770736450
China,CHN,1973,783755260
China,CHN,1974,776115800
China,CHN,1975,906656060
China,CHN,1976,910405100
China,CHN,1977,998626900
China,CHN,1978,1117366100
China,CHN,1979,1147532700
China,CHN,1980,1122742000
China,CHN,1981,1125110900
China,CHN,1982,1248903700
China,CHN,1983,1321857700
China,CHN,1984,1454175600
China,CHN,1985,1584376600
China,CHN,1986,1657523300
China,CHN,1987,1770249900
China,CHN,1988,1892551300
China,CHN,1989,1920111900
China,CHN,1990,1976808000
China,CHN,1991,2049722900
China,CHN,1992,2114611600
China,CHN,1993,2228682800
China,CHN,1994,2380736000
China,CHN,1995,2569698800
China,CHN,1996,2660287500
China,CHN,1997,2609780000
China,CHN,1998,2444895500
China,CHN,1999,2580984800
China,CHN,2000,2601591300
China,CHN,2001,2637884700
China,CHN,2002,3018603800
China,CHN,2003,3601891600
China,CHN,2004,3835193000
China,CHN,2005,4424239600
China,CHN,2006,4905253400
China,CHN,2007,5289790000
China,CHN,2008,5729367600
China,CHN,2009,6028871000
China,CHN,2010,6569148000
China,CHN,2011,7309639700
China,CHN,2012,7464978400
China,CHN,2013,7493418000
China,CHN,2014,7425231400
China,CHN,2015,7266352000
China,CHN,2016,7071886300
China,CHN,2017,7163662300
China,CHN,2018,7316700000
China,CHN,2019,7522577000
China,CHN,2020,7679382500
China,CHN,2021,8004203000
China,CHN,2022,8468947500
China,CHN,2023,8740891000
China,CHN,2024,8886020000
Colombia,COL,1856,9721
Colombia,COL,1857,18205
Colombia,COL,1858,20021
Colombia,COL,1859,5276
Colombia,COL,1860,9308
Colombia,COL,1861,12190
Colombia,COL,1862,27600
Colombia,COL,1863,24381
Colombia,COL,1864,19421
Colombia,COL,1865,10026
Colombia,COL,1866,78444
Colombia,COL,1867,46900
Colombia,COL,1868,72463
Colombia,COL,1869,20721
Colombia,COL,1870,54592
Colombia,COL,1871,119194
Colombia,COL,1872,103738
Colombia,COL,1873,80740
Colombia,COL,1874,77193
Colombia,COL,1875,74397
Colombia,COL,1876,68011
Colombia,COL,1877,68001
Colombia,COL,1878,60896
Colombia,COL,1879,68475
Colombia,COL,1880,72630
Colombia,COL,1881,59493
Colombia,COL,1882,86919
Colombia,COL,1883,108919
Colombia,COL,1884,144629
Colombia,COL,1885,219257
Colombia,COL,1886,269253
Colombia,COL,1887,233702
Colombia,COL,1888,295978
Colombia,COL,1889,116527
Colombia,COL,1890,108294
Colombia,COL,1891,89860
Colombia,COL,1892,81625
Colombia,COL,1893,95931
Colombia,COL,1894,76526
Colombia,COL,1895,99709
Colombia,COL,1896,98122
Colombia,COL,1897,81576
Colombia,COL,1898,79593
Colombia,COL,1899,74323
Colombia,COL,1900,92317
Colombia,COL,1901,138758
Colombia,COL,1902,134719
Colombia,COL,1903,94285
Colombia,COL,1904,54769
Colombia,COL,1905,23106
Colombia,COL,1906,24794
Colombia,COL,1907,25258
Colombia,COL,1908,15484
Colombia,COL,1909,21834
Colombia,COL,1910,14396
Colombia,COL,1911,20188
Colombia,COL,1912,20903
Colombia,COL,1913,44643
Colombia,COL,1914,53232
Colombia,COL,1915,41601
Colombia,COL,1916,52817
Colombia,COL,1917,72597
Colombia,COL,1918,65243
Colombia,COL,1919,123157
Colombia,COL,1920,106280
Colombia,COL,1921,131349
Colombia,COL,1922,151644
Colombia,COL,1923,127336.99
Colombia,COL,1924,142752
Colombia,COL,1925,182288
Colombia,COL,1926,258055
Colombia,COL,1927,204517
Colombia,COL,1928,239634
Colombia,COL,1929,279612
Colombia,COL,1930,346484
Colombia,COL,1931,428109
Colombia,COL,1932,530501
Colombia,COL,1933,657381
Colombia,COL,1934,738798
Colombia,COL,1935,1102454
Colombia,COL,1936,1148389
Colombia,COL,1937,983788
Colombia,COL,1938,956991
Colombia,COL,1939,1098627
Colombia,COL,1940,1519703
Colombia,COL,1941,1286196
Colombia,COL,1942,1642198
Colombia,COL,1943,1489079
Colombia,COL,1944,1542671
Colombia,COL,1945,1703445
Colombia,COL,1946,2285296
Colombia,COL,1947,2143660
Colombia,COL,1948,2059444.9
Colombia,COL,1949,2113036
Colombia,COL,1950,2358026
Colombia,COL,1951,2863963
Colombia,COL,1952,2480528
Colombia,COL,1953,3158368
Colombia,COL,1954,3854528
Colombia,COL,1955,4752208
Colombia,COL,1956,5138422
Colombia,COL,1957,5136928
Colombia,COL,1958,6269104
Colombia,COL,1959,6370246
Colombia,COL,1960,6679472
Colombia,COL,1961,7192432
Colombia,COL,1962,7705392
Colombia,COL,1963,8213271
Colombia,COL,1964,7704091
Colombia,COL,1965,7191280
Colombia,COL,1966,6419328
Colombia,COL,1967,7958208
Colombia,COL,1968,7957111
Colombia,COL,1969,8515136
Colombia,COL,1970,5807440
Colombia,COL,1971,6500722
Colombia,COL,1972,6689685
Colombia,COL,1973,7770498
Colombia,COL,1974,8309117.5
Colombia,COL,1975,8778944
Colombia,COL,1976,9217737
Colombia,COL,1977,9413693
Colombia,COL,1978,9896464
Colombia,COL,1979,11259472
Colombia,COL,1980,10300356
Colombia,COL,1981,10661361
Colombia,COL,1982,10987458
Colombia,COL,1983,12138832
Colombia,COL,1984,11995936
Colombia,COL,1985,12207523
Colombia,COL,1986,12039005
Colombia,COL,1987,12464928
Colombia,COL,1988,12549200
Colombia,COL,1989,12966008
Colombia,COL,1990,13827936
Colombia,COL,1991,12351344
Colombia,COL,1992,13494512
Colombia,COL,1993,14107220
Colombia,COL,1994,13534070
Colombia,COL,1995,14040448
Colombia,COL,1996,12402640
Colombia,COL,1997,12201120
Colombia,COL,1998,11592241
Colombia,COL,1999,9585024
Colombia,COL,2000,10032682
Colombia,COL,2001,10127296
Colombia,COL,2002,9061072
Colombia,COL,2003,10311166
Colombia,COL,2004,7075184
Colombia,COL,2005,10214605
Colombia,COL,2006,9332208
Colombia,COL,2007,8031488.5
Colombia,COL,2008,10746512
Colombia,COL,2009,11083600
Colombia,COL,2010,12607207
Colombia,COL,2011,12725072
Colombia,COL,2012,10325640
Colombia,COL,2013,16264496
Colombia,COL,2014,16458025
Colombia,COL,2015,17601856
Colombia,COL,2016,17993904
Colombia,COL,2017,12655456
Colombia,COL,2018,11219168
Colombia,COL,2019,23790352
Colombia,COL,2020,20342528
Colombia,COL,2021,19741632
Colombia,COL,2022,17894244
Colombia,COL,2023,19656870
Colombia,COL,2024,22300384
Congo,COG,1950,9004
Congo,COG,1951,3594
Congo,COG,1952,12598
Congo,COG,1953,5392
Congo,COG,1954,1796
Congo,COG,1955,3643
Congo,COG,1956,0
Congo,COG,1957,0
Congo,COG,1958,0
Costa Rica,CRI,1870,3
Costa Rica,CRI,1871,8
Costa Rica,CRI,1872,8
Costa Rica,CRI,1873,23
Costa Rica,CRI,1874,64
Costa Rica,CRI,1875,26
Costa Rica,CRI,1876,31
Costa Rica,CRI,1877,92
Costa Rica,CRI,1878,546
Costa Rica,CRI,1879,946
Costa Rica,CRI,1880,551
Costa Rica,CRI,1881,95
Costa Rica,CRI,1882,82
Costa Rica,CRI,1883,685
Costa Rica,CRI,1884,1762
Costa Rica,CRI,1885,1149
Costa Rica,CRI,1886,2529
Costa Rica,CRI,1887,1634
Costa Rica,CRI,1888,623
Costa Rica,CRI,1889,5540
Costa Rica,CRI,1890,16245
Costa Rica,CRI,1891,12185
Costa Rica,CRI,1892,35702
Costa Rica,CRI,1893,28272
Costa Rica,CRI,1894,29723
Costa Rica,CRI,1895,23481
Costa Rica,CRI,1896,26633
Costa Rica,CRI,1897,23470
Costa Rica,CRI,1898,32837
Costa Rica,CRI,1899,29611
Costa Rica,CRI,1900,30344
Costa Rica,CRI,1901,31914
Costa Rica,CRI,1902,22224
Costa Rica,CRI,1903,38282
Costa Rica,CRI,1904,34871
Costa Rica,CRI,1905,24499
Costa Rica,CRI,1906,76788
Costa Rica,CRI,1907,62304
Costa Rica,CRI,1908,90042
Costa Rica,CRI,1909,51853
Costa Rica,CRI,1910,98129
Costa Rica,CRI,1911,110884
Costa Rica,CRI,1912,112400
Costa Rica,CRI,1913,112418
Costa Rica,CRI,1914,98891
Costa Rica,CRI,1915,71555
Costa Rica,CRI,1916,57672
Costa Rica,CRI,1917,26510
Costa Rica,CRI,1918,4191
Costa Rica,CRI,1919,30678
Costa Rica,CRI,1920,35920
Costa Rica,CRI,1921,8554
Costa Rica,CRI,1922,5899
Costa Rica,CRI,1923,8023.0005
Costa Rica,CRI,1924,9067
Costa Rica,CRI,1925,3062
Costa Rica,CRI,1926,1531
Costa Rica,CRI,1927,1531
Costa Rica,CRI,1928,20288
Costa Rica,CRI,1929,20223
Costa Rica,CRI,1930,11272
Costa Rica,CRI,1931,5812
Costa Rica,CRI,1932,6892
Costa Rica,CRI,1933,382
Costa Rica,CRI,1934,382
Costa Rica,CRI,1935,7656
Costa Rica,CRI,1936,767
Costa Rica,CRI,1937,8038
Costa Rica,CRI,1938,767
Costa Rica,CRI,1939,382
Costa Rica,CRI,1940,3829
Costa Rica,CRI,1941,382
Costa Rica,CRI,1942,767
Costa Rica,CRI,1943,713
Costa Rica,CRI,1944,6125
Costa Rica,CRI,1945,382
Costa Rica,CRI,1946,382
Costa Rica,CRI,1947,382
Costa Rica,CRI,1948,7656
Costa Rica,CRI,1949,382
Costa Rica,CRI,1950,382
Costa Rica,CRI,1951,767
Costa Rica,CRI,1952,0
Costa Rica,CRI,1953,0
Costa Rica,CRI,1954,0
Costa Rica,CRI,1955,0
Costa Rica,CRI,1956,0
Costa Rica,CRI,1957,0
Costa Rica,CRI,1958,0
Costa Rica,CRI,1959,0
Costa Rica,CRI,1960,0
Costa Rica,CRI,2000,0
Costa Rica,CRI,2001,117248
Costa Rica,CRI,2002,135568
Costa Rica,CRI,2003,194192
Costa Rica,CRI,2004,157637
Costa Rica,CRI,2005,3666
Costa Rica,CRI,2006,3666
Costa Rica,CRI,2007,58597
Costa Rica,CRI,2008,0
Costa Rica,CRI,2009,10987
Costa Rica,CRI,2010,3664
Costa Rica,CRI,2011,21973
Costa Rica,CRI,2012,7328
Costa Rica,CRI,2013,18320
Costa Rica,CRI,2014,21984
Costa Rica,CRI,2015,0
Costa Rica,CRI,2016,0
Costa Rica,CRI,2017,18320
Costa Rica,CRI,2018,0
Costa Rica,CRI,2019,0
Costa Rica,CRI,2020,0
Costa Rica,CRI,2021,51296
Costa Rica,CRI,2022,58624
Costa Rica,CRI,2023,68799
Costa Rica,CRI,2024,49145
Cote d'Ivoire,CIV,1950,104361
Cote d'Ivoire,CIV,1951,182633
Cote d'Ivoire,CIV,1952,176067
Cote d'Ivoire,CIV,1953,57650
Cote d'Ivoire,CIV,1954,65544
Cote d'Ivoire,CIV,1955,29489
Cote d'Ivoire,CIV,1956,38620
Cote d'Ivoire,CIV,1957,1545
Croatia,HRV,1885,4927
Croatia,HRV,1890,14782
Croatia,HRV,1891,17246
Croatia,HRV,1892,19093
Croatia,HRV,1893,33875
Croatia,HRV,1894,64671.004
Croatia,HRV,1895,64671.004
Croatia,HRV,1896,72062
Croatia,HRV,1897,56048
Croatia,HRV,1898,84996
Croatia,HRV,1899,99162
Croatia,HRV,1900,134269
Croatia,HRV,1901,146588
Croatia,HRV,1902,137349
Croatia,HRV,1903,149051
Croatia,HRV,1904,158906
Croatia,HRV,1905,172456
Croatia,HRV,1906,206332
Croatia,HRV,1907,210027
Croatia,HRV,1908,226041
Croatia,HRV,1909,232200
Croatia,HRV,1910,229736
Croatia,HRV,1911,248830
Croatia,HRV,1912,254989
Croatia,HRV,1913,700295
Croatia,HRV,1919,501971
Croatia,HRV,1920,666420
Croatia,HRV,1921,709534
Croatia,HRV,1922,673536
Croatia,HRV,1923,765511
Croatia,HRV,1924,782742
Croatia,HRV,1925,796786
Croatia,HRV,1926,733459
Croatia,HRV,1927,812982
Croatia,HRV,1928,686110
Croatia,HRV,1929,1031659.94
Croatia,HRV,1930,821536
Croatia,HRV,1931,661285
Croatia,HRV,1932,557654
Croatia,HRV,1933,512649
Croatia,HRV,1934,557420
Croatia,HRV,1935,587524
Croatia,HRV,1936,548448
Croatia,HRV,1937,682642
Croatia,HRV,1938,917849
Croatia,HRV,1939,1005925.06
Croatia,HRV,1940,1723486
Croatia,HRV,1943,0
Croatia,HRV,1944,0
Croatia,HRV,1945,646044
Croatia,HRV,1946,1166968
Croatia,HRV,1947,1413842
Croatia,HRV,1948,1691667
Croatia,HRV,1949,1905090
Croatia,HRV,1950,1023018
Croatia,HRV,1951,960624
Croatia,HRV,1952,1080091
Croatia,HRV,1953,826376
Croatia,HRV,1954,1061862
Croatia,HRV,1955,1285913
Croatia,HRV,1956,1511577
Croatia,HRV,1957,1528580
Croatia,HRV,1958,1440859
Croatia,HRV,1959,1619369
Croatia,HRV,1960,1669248
Croatia,HRV,1961,1795700
Croatia,HRV,1962,1732841
Croatia,HRV,1963,1843943
Croatia,HRV,1964,1987218
Croatia,HRV,1965,1692681
Croatia,HRV,1966,1437241
Croatia,HRV,1967,1102209
Croatia,HRV,1968,1008067.94
Croatia,HRV,1969,945306
Croatia,HRV,1970,1205392
Croatia,HRV,1971,1384249
Croatia,HRV,1972,1281676
Croatia,HRV,1973,1048758
Croatia,HRV,1974,1090031
Croatia,HRV,1975,1208870
Croatia,HRV,1976,1163575
Croatia,HRV,1977,1051795
Croatia,HRV,1978,1015642.06
Croatia,HRV,1979,1034822
Croatia,HRV,1980,989947
Croatia,HRV,1981,1682432
Croatia,HRV,1982,1328915
Croatia,HRV,1983,1599733
Croatia,HRV,1984,1829513
Croatia,HRV,1985,1908190
Croatia,HRV,1986,1886798
Croatia,HRV,1987,1827578
Croatia,HRV,1988,1808420
Croatia,HRV,1989,1861779
Croatia,HRV,1990,2982409
Croatia,HRV,1991,1911127
Croatia,HRV,1992,1492298
Croatia,HRV,1993,1209399
Croatia,HRV,1994,803897
Croatia,HRV,1995,857805
Croatia,HRV,1996,681806
Croatia,HRV,1997,1069018
Croatia,HRV,1998,1017967
Croatia,HRV,1999,890714
Croatia,HRV,2000,1795015
Croatia,HRV,2001,1906699
Croatia,HRV,2002,2317912
Croatia,HRV,2003,2599679
Croatia,HRV,2004,2770105
Croatia,HRV,2005,2747406
Croatia,HRV,2006,2554646
Croatia,HRV,2007,2776955
Croatia,HRV,2008,2848921
Croatia,HRV,2009,2029059.9
Croatia,HRV,2010,2738199
Croatia,HRV,2011,2794497
Croatia,HRV,2012,2483775
Croatia,HRV,2013,2677987
Croatia,HRV,2014,2569636
Croatia,HRV,2015,2376274
Croatia,HRV,2016,2561225
Croatia,HRV,2017,1551263
Croatia,HRV,2018,1448575
Croatia,HRV,2019,1677532
Croatia,HRV,2020,1423842
Croatia,HRV,2021,1652426
Croatia,HRV,2022,1613365
Croatia,HRV,2023,1378292
Croatia,HRV,2024,907706
Cuba,CUB,1856,384520
Cuba,CUB,1857,360731
Cuba,CUB,1858,338413
Cuba,CUB,1859,317476
Cuba,CUB,1860,297835
Cuba,CUB,1861,442156
Cuba,CUB,1862,592261
Cuba,CUB,1863,370691
Cuba,CUB,1864,611289
Cuba,CUB,1865,588783
Cuba,CUB,1866,591925
Cuba,CUB,1867,634260
Cuba,CUB,1868,599955
Cuba,CUB,1869,685097
Cuba,CUB,1870,626027
Cuba,CUB,1871,609019
Cuba,CUB,1872,618543
Cuba,CUB,1873,641844
Cuba,CUB,1874,650764
Cuba,CUB,1875,652685
Cuba,CUB,1876,561950
Cuba,CUB,1877,589335
Cuba,CUB,1878,686376
Cuba,CUB,1879,697184
Cuba,CUB,1880,589748
Cuba,CUB,1881,606360
Cuba,CUB,1882,615131
Cuba,CUB,1883,596411
Cuba,CUB,1884,585408
Cuba,CUB,1885,609132
Cuba,CUB,1886,575572
Cuba,CUB,1887,642752
Cuba,CUB,1888,715587
Cuba,CUB,1889,793331
Cuba,CUB,1890,771805
Cuba,CUB,1891,923859
Cuba,CUB,1892,1021613.94
Cuba,CUB,1893,968271
Cuba,CUB,1894,1042539.94
Cuba,CUB,1895,996245
Cuba,CUB,1896,798533
Cuba,CUB,1897,754998
Cuba,CUB,1898,837548
Cuba,CUB,1899,941341
Cuba,CUB,1900,943859
Cuba,CUB,1901,1016461
Cuba,CUB,1902,992375
Cuba,CUB,1903,1213886
Cuba,CUB,1904,1348721
Cuba,CUB,1905,1645547
Cuba,CUB,1906,1883687
Cuba,CUB,1907,1946014
Cuba,CUB,1908,1896998
Cuba,CUB,1909,2004545
Cuba,CUB,1910,2386393
Cuba,CUB,1911,2818949
Cuba,CUB,1912,3279130
Cuba,CUB,1913,3288941
Cuba,CUB,1914,3013496
Cuba,CUB,1915,3134791
Cuba,CUB,1916,3641798
Cuba,CUB,1917,3983881
Cuba,CUB,1918,3893284
Cuba,CUB,1919,2687464
Cuba,CUB,1920,3629566
Cuba,CUB,1921,1512693
Cuba,CUB,1922,1380852
Cuba,CUB,1923,1796696
Cuba,CUB,1924,1571502
Cuba,CUB,1925,1703763
Cuba,CUB,1926,1636035
Cuba,CUB,1927,1652342
Cuba,CUB,1928,1594829
Cuba,CUB,1929,860162
Cuba,CUB,1930,1298420
Cuba,CUB,1931,959853
Cuba,CUB,1932,773249
Cuba,CUB,1933,757937
Cuba,CUB,1934,815358
Cuba,CUB,1935,792390
Cuba,CUB,1936,922541
Cuba,CUB,1937,983788
Cuba,CUB,1938,884261
Cuba,CUB,1939,704345
Cuba,CUB,1940,681378
Cuba,CUB,1941,486153
Cuba,CUB,1942,386626
Cuba,CUB,1943,650754
Cuba,CUB,1944,440217
Cuba,CUB,1945,447873
Cuba,CUB,1946,310066
Cuba,CUB,1947,367485
Cuba,CUB,1948,237334
Cuba,CUB,1949,156948
Cuba,CUB,1950,164604
Cuba,CUB,1951,238160
Cuba,CUB,1952,150136
Cuba,CUB,1953,113584
Cuba,CUB,1954,95264
Cuba,CUB,1955,84272
Cuba,CUB,1956,51296
Cuba,CUB,1957,381056
Cuba,CUB,1958,128214
Cuba,CUB,1959,153888
Cuba,CUB,1960,113614
Cuba,CUB,1961,424896
Cuba,CUB,1962,124576
Cuba,CUB,1963,186864
Cuba,CUB,1964,238160
Cuba,CUB,1965,241824
Cuba,CUB,1966,168544
Cuba,CUB,1967,245488
Cuba,CUB,1968,153888
Cuba,CUB,1969,183200
Cuba,CUB,1970,172208
Cuba,CUB,1971,139232
Cuba,CUB,1972,139207
Cuba,CUB,1973,120892
Cuba,CUB,1974,124576
Cuba,CUB,1975,150224
Cuba,CUB,1976,128240.01
Cuba,CUB,1977,234496
Cuba,CUB,1978,241795
Cuba,CUB,1979,201543
Cuba,CUB,1980,252815.98
Cuba,CUB,1981,252788
Cuba,CUB,1982,344453
Cuba,CUB,1983,238160
Cuba,CUB,1984,267442
Cuba,CUB,1985,274831
Cuba,CUB,1986,263808
Cuba,CUB,1987,282098
Cuba,CUB,1988,304112
Cuba,CUB,1989,443344
Cuba,CUB,1990,549532
Cuba,CUB,1991,161238
Cuba,CUB,1992,333366
Cuba,CUB,1993,186899
Cuba,CUB,1994,282128
Cuba,CUB,1995,256439
Cuba,CUB,1996,65952
Cuba,CUB,1997,87936
Cuba,CUB,1998,102608
Cuba,CUB,1999,117230
Cuba,CUB,2000,80596
Cuba,CUB,2001,98928
Cuba,CUB,2002,87936
Cuba,CUB,2003,80596
Cuba,CUB,2004,91586
Cuba,CUB,2005,51296
Cuba,CUB,2006,69626
Cuba,CUB,2007,73280
Cuba,CUB,2008,91600
Cuba,CUB,2009,87936
Cuba,CUB,2010,76953
Cuba,CUB,2011,18320
Cuba,CUB,2012,14656
Cuba,CUB,2013,32980
Cuba,CUB,2014,3664
Cuba,CUB,2015,18322
Cuba,CUB,2016,7327
Cuba,CUB,2017,10990
Cuba,CUB,2018,14656
Cuba,CUB,2019,0
Cuba,CUB,2020,3663
Cuba,CUB,2021,10994
Cuba,CUB,2022,3665
Cuba,CUB,2023,3787
Cuba,CUB,2024,3926
Curacao,CUW,1926,0
Curacao,CUW,1927,0
Curacao,CUW,1928,0
Curacao,CUW,1929,0
Curacao,CUW,1930,0
Curacao,CUW,1931,0
Curacao,CUW,1932,0
Curacao,CUW,1933,0
Curacao,CUW,1934,0
Curacao,CUW,1935,0
Curacao,CUW,1936,0
Curacao,CUW,1937,0
Curacao,CUW,1938,0
Curacao,CUW,1939,0
Curacao,CUW,1940,0
Curacao,CUW,1941,0
Curacao,CUW,1942,0
Curacao,CUW,1943,0
Curacao,CUW,1944,0
Curacao,CUW,1945,0
Curacao,CUW,1946,0
Curacao,CUW,1947,0
Curacao,CUW,1948,0
Curacao,CUW,1949,0
Curacao,CUW,1950,0
Curacao,CUW,1951,0
Curacao,CUW,1952,0
Curacao,CUW,1953,0
Curacao,CUW,1954,0
Curacao,CUW,1955,0
Curacao,CUW,1956,0
Curacao,CUW,1957,0
Curacao,CUW,1958,0
Curacao,CUW,1959,0
Curacao,CUW,1960,0
Curacao,CUW,1961,0
Curacao,CUW,1962,0
Curacao,CUW,1963,0
Curacao,CUW,1964,0
Curacao,CUW,1965,0
Curacao,CUW,1966,0
Curacao,CUW,1967,0
Curacao,CUW,1968,0
Curacao,CUW,1969,0
Curacao,CUW,1970,0
Curacao,CUW,1971,0
Curacao,CUW,1972,0
Curacao,CUW,1973,0
Curacao,CUW,1974,0
Curacao,CUW,1975,0
Curacao,CUW,1976,0
Curacao,CUW,1977,0
Curacao,CUW,1978,0
Curacao,CUW,1979,0
Curacao,CUW,1980,0
Curacao,CUW,1981,0
Curacao,CUW,1982,0
Curacao,CUW,1983,0
Curacao,CUW,1984,0
Curacao,CUW,1985,0
Curacao,CUW,1986,0
Curacao,CUW,1987,0
Curacao,CUW,1988,0
Curacao,CUW,1989,0
Curacao,CUW,1990,0
Curacao,CUW,1991,0
Curacao,CUW,1992,0
Curacao,CUW,1993,0
Curacao,CUW,1994,0
Curacao,CUW,1995,0
Curacao,CUW,1996,0
Curacao,CUW,1997,0
Curacao,CUW,1998,0
Curacao,CUW,1999,0
Curacao,CUW,2000,0
Curacao,CUW,2001,0
Curacao,CUW,2002,0
Curacao,CUW,2003,0
Curacao,CUW,2004,0
Curacao,CUW,2005,0
Curacao,CUW,2006,0
Curacao,CUW,2007,0
Curacao,CUW,2008,0
Curacao,CUW,2009,0
Curacao,CUW,2010,0
Curacao,CUW,2011,0
Cyprus,CYP,1950,3715
Cyprus,CYP,1951,3712
Cyprus,CYP,1952,10992
Cyprus,CYP,1953,7328
Cyprus,CYP,1954,3664
Cyprus,CYP,1955,0
Cyprus,CYP,1956,14656
Cyprus,CYP,1957,3664
Cyprus,CYP,1958,3647
Cyprus,CYP,1959,3664
Cyprus,CYP,1960,0
Cyprus,CYP,1961,0
Cyprus,CYP,1962,0
Cyprus,CYP,1963,0
Cyprus,CYP,1964,0
Cyprus,CYP,1965,0
Cyprus,CYP,1966,3664
Cyprus,CYP,1967,0
Cyprus,CYP,1968,3664
Cyprus,CYP,1969,3664
Cyprus,CYP,1970,0
Cyprus,CYP,1971,3664
Cyprus,CYP,1972,7328
Cyprus,CYP,1973,3664
Cyprus,CYP,1974,0
Cyprus,CYP,1975,0
Cyprus,CYP,1976,0
Cyprus,CYP,1977,3664
Cyprus,CYP,1978,0
Cyprus,CYP,1979,0
Cyprus,CYP,1980,0
Cyprus,CYP,1981,0
Cyprus,CYP,1982,0
Cyprus,CYP,1983,0
Cyprus,CYP,1984,139232
Cyprus,CYP,1985,197856
Cyprus,CYP,1986,146560
Cyprus,CYP,1987,399732
Cyprus,CYP,1988,241824
Cyprus,CYP,1989,197856
Cyprus,CYP,1990,231740
Cyprus,CYP,1991,231740
Cyprus,CYP,1992,62116
Cyprus,CYP,1993,74061
Cyprus,CYP,1994,64505.004
Cyprus,CYP,1995,47781
Cyprus,CYP,1996,43003
Cyprus,CYP,1997,45392
Cyprus,CYP,1998,62116
Cyprus,CYP,1999,71672
Cyprus,CYP,2000,117065
Cyprus,CYP,2001,126620.99
Cyprus,CYP,2002,126620.99
Cyprus,CYP,2003,126620.99
Cyprus,CYP,2004,137379
Cyprus,CYP,2005,152322
Cyprus,CYP,2006,150668
Cyprus,CYP,2007,118531
Cyprus,CYP,2008,110640
Cyprus,CYP,2009,58840
Cyprus,CYP,2010,70807
Cyprus,CYP,2011,30575
Cyprus,CYP,2012,1202
Cyprus,CYP,2013,1202
Cyprus,CYP,2014,9148
Cyprus,CYP,2015,14687
Cyprus,CYP,2016,1951
Cyprus,CYP,2017,11694
Cyprus,CYP,2018,53850
Cyprus,CYP,2019,68051
Cyprus,CYP,2020,55947
Cyprus,CYP,2021,158996
Cyprus,CYP,2022,122667
Cyprus,CYP,2023,101157
Cyprus,CYP,2024,57216
Czechia,CZE,1860,202377
Czechia,CZE,1861,665349
Czechia,CZE,1862,1131094
Czechia,CZE,1863,1596839
Czechia,CZE,1864,2062583
Czechia,CZE,1865,2528328
Czechia,CZE,1866,2994073
Czechia,CZE,1867,3457045
Czechia,CZE,1868,3922790
Czechia,CZE,1869,4388534
Czechia,CZE,1870,4854279
Czechia,CZE,1871,5320024
Czechia,CZE,1872,5782996
Czechia,CZE,1873,6248741
Czechia,CZE,1874,6714485
Czechia,CZE,1875,7180230
Czechia,CZE,1876,12411540
Czechia,CZE,1877,13040850
Czechia,CZE,1878,13670159
Czechia,CZE,1879,14690362
Czechia,CZE,1880,15563633
Czechia,CZE,1881,16436905
Czechia,CZE,1882,16808392
Czechia,CZE,1883,17953346
Czechia,CZE,1884,18543844
Czechia,CZE,1885,19469790
Czechia,CZE,1886,20467814
Czechia,CZE,1887,21499106
Czechia,CZE,1888,23043270
Czechia,CZE,1889,24396146
Czechia,CZE,1890,26090016
Czechia,CZE,1891,27049228
Czechia,CZE,1892,27459526
Czechia,CZE,1893,28069432
Czechia,CZE,1894,28773594
Czechia,CZE,1895,29863102
Czechia,CZE,1896,30597760
Czechia,CZE,1897,32383114
Czechia,CZE,1898,33106682
Czechia,CZE,1899,33966092
Czechia,CZE,1900,33719356
Czechia,CZE,1901,35233028
Czechia,CZE,1902,35704316
Czechia,CZE,1903,36375210
Czechia,CZE,1904,36730064
Czechia,CZE,1905,37811256
Czechia,CZE,1906,39485716
Czechia,CZE,1907,41498400
Czechia,CZE,1908,42263550
Czechia,CZE,1909,42005730
Czechia,CZE,1910,41567710
Czechia,CZE,1911,42094444
Czechia,CZE,1912,44789108
Czechia,CZE,1913,46848920
Czechia,CZE,1914,42704960
Czechia,CZE,1915,42608236
Czechia,CZE,1916,45347564
Czechia,CZE,1917,42631948
Czechia,CZE,1918,36346864
Czechia,CZE,1919,34339416
Czechia,CZE,1920,34051708
Czechia,CZE,1921,32691746
Czechia,CZE,1922,29166308
Czechia,CZE,1923,30844478
Czechia,CZE,1924,37863916
Czechia,CZE,1925,35605096
Czechia,CZE,1926,36106268
Czechia,CZE,1927,38760896
Czechia,CZE,1928,40817324
Czechia,CZE,1929,45661444
Czechia,CZE,1930,39771400
Czechia,CZE,1931,37285036
Czechia,CZE,1932,32482640
Czechia,CZE,1933,29748514
Czechia,CZE,1934,29684556
Czechia,CZE,1935,30563494
Czechia,CZE,1936,33207740
Czechia,CZE,1937,40208348
Czechia,CZE,1938,46547028
Czechia,CZE,1939,51056120
Czechia,CZE,1940,57560760
Czechia,CZE,1941,57901300
Czechia,CZE,1942,62454436
Czechia,CZE,1943,68963224
Czechia,CZE,1944,65858460
Czechia,CZE,1945,34957330
Czechia,CZE,1946,43205664
Czechia,CZE,1947,48910180
Czechia,CZE,1948,52809068
Czechia,CZE,1949,55496376
Czechia,CZE,1950,55879330
Czechia,CZE,1951,59591372
Czechia,CZE,1952,63535596
Czechia,CZE,1953,65818024
Czechia,CZE,1954,70029176
Czechia,CZE,1955,72651736
Czechia,CZE,1956,77843070
Czechia,CZE,1957,80321830
Czechia,CZE,1958,87482270
Czechia,CZE,1959,86515440
Czechia,CZE,1960,91617110
Czechia,CZE,1961,98636540
Czechia,CZE,1962,104271000
Czechia,CZE,1963,109788480
Czechia,CZE,1964,112661690
Czechia,CZE,1965,108901096
Czechia,CZE,1966,107443740
Czechia,CZE,1967,104567020
Czechia,CZE,1968,109141940
Czechia,CZE,1969,113769640
Czechia,CZE,1970,128616104
Czechia,CZE,1971,132323780
Czechia,CZE,1972,131021304
Czechia,CZE,1973,127836960
Czechia,CZE,1974,127443304
Czechia,CZE,1975,131204850
Czechia,CZE,1976,134857620
Czechia,CZE,1977,136731660
Czechia,CZE,1978,140018830
Czechia,CZE,1979,134550880
Czechia,CZE,1980,136647890
Czechia,CZE,1981,136670980
Czechia,CZE,1982,136713870
Czechia,CZE,1983,138081520
Czechia,CZE,1984,141096940
Czechia,CZE,1985,138693780
Czechia,CZE,1986,140954940
Czechia,CZE,1987,138703020
Czechia,CZE,1988,137653500
Czechia,CZE,1989,131249060
Czechia,CZE,1990,123419300
Czechia,CZE,1991,112710790
Czechia,CZE,1992,105791390
Czechia,CZE,1993,100747050
Czechia,CZE,1994,94921610
Czechia,CZE,1995,94833780
Czechia,CZE,1996,95219200
Czechia,CZE,1997,90922610
Czechia,CZE,1998,83665580
Czechia,CZE,1999,75615880
Czechia,CZE,2000,86836240
Czechia,CZE,2001,84798010
Czechia,CZE,2002,82673430
Czechia,CZE,2003,83968216
Czechia,CZE,2004,83408024
Czechia,CZE,2005,80604500
Czechia,CZE,2006,81884590
Czechia,CZE,2007,83627750
Czechia,CZE,2008,78659590
Czechia,CZE,2009,73286740
Czechia,CZE,2010,74553850
Czechia,CZE,2011,73749320
Czechia,CZE,2012,70767890
Czechia,CZE,2013,66869948
Czechia,CZE,2014,64905260
Czechia,CZE,2015,64321670
Czechia,CZE,2016,64727904
Czechia,CZE,2017,64306790
Czechia,CZE,2018,63573220
Czechia,CZE,2019,57468284
Czechia,CZE,2020,49726664
Czechia,CZE,2021,51406052
Czechia,CZE,2022,52909116
Czechia,CZE,2023,43041850
Czechia,CZE,2024,34352244
Democratic Republic of Congo,COD,1920,3664
Democratic Republic of Congo,COD,1921,7328
Democratic Republic of Congo,COD,1922,80608
Democratic Republic of Congo,COD,1923,161216
Democratic Republic of Congo,COD,1924,216176
Democratic Republic of Congo,COD,1925,172208
Democratic Republic of Congo,COD,1926,238160
Democratic Republic of Congo,COD,1927,230832
Democratic Republic of Congo,COD,1928,260144
Democratic Republic of Congo,COD,1929,274800
Democratic Republic of Congo,COD,1930,355408
Democratic Republic of Congo,COD,1931,227168
Democratic Republic of Congo,COD,1932,43968
Democratic Republic of Congo,COD,1934,14656
Democratic Republic of Congo,COD,1935,29312
Democratic Republic of Congo,COD,1936,36640
Democratic Republic of Congo,COD,1937,98792
Democratic Republic of Congo,COD,1938,113355
Democratic Republic of Congo,COD,1939,70349
Democratic Republic of Congo,COD,1940,65402
Democratic Republic of Congo,COD,1941,80608
Democratic Republic of Congo,COD,1942,109920
Democratic Republic of Congo,COD,1943,186864
Democratic Republic of Congo,COD,1944,128240.01
Democratic Republic of Congo,COD,1945,134771
Democratic Republic of Congo,COD,1946,271136
Democratic Republic of Congo,COD,1947,268123
Democratic Republic of Congo,COD,1948,311440
Democratic Republic of Congo,COD,1949,403040
Democratic Republic of Congo,COD,1950,963632
Democratic Republic of Congo,COD,1951,1058896
Democratic Republic of Congo,COD,1952,1335014
Democratic Republic of Congo,COD,1953,1364489
Democratic Republic of Congo,COD,1954,1571856
Democratic Republic of Congo,COD,1955,2033520
Democratic Republic of Congo,COD,1956,1714752
Democratic Republic of Congo,COD,1957,1780704
Democratic Republic of Congo,COD,1958,1368623
Democratic Republic of Congo,COD,1959,1256752
Democratic Republic of Congo,COD,1960,1040576
Democratic Republic of Congo,COD,1961,1057252
Democratic Republic of Congo,COD,1962,839056
Democratic Republic of Congo,COD,1963,818379
Democratic Republic of Congo,COD,1964,939727
Democratic Republic of Congo,COD,1965,1178060
Democratic Republic of Congo,COD,1966,908672
Democratic Republic of Congo,COD,1967,948976
Democratic Republic of Congo,COD,1968,740128
Democratic Republic of Congo,COD,1969,886688
Democratic Republic of Congo,COD,1970,787760
Democratic Republic of Congo,COD,1971,875696
Democratic Republic of Congo,COD,1972,850048
Democratic Republic of Congo,COD,1973,828064
Democratic Republic of Congo,COD,1974,831728
Democratic Republic of Congo,COD,1975,670512
Democratic Republic of Congo,COD,1976,875696
Democratic Republic of Congo,COD,1977,886688
Democratic Republic of Congo,COD,1978,842720
Democratic Republic of Congo,COD,1979,747456
Democratic Republic of Congo,COD,1980,842720
Democratic Republic of Congo,COD,1981,861040
Democratic Republic of Congo,COD,1982,824400
Democratic Republic of Congo,COD,1983,806080
Democratic Republic of Congo,COD,1984,824400
Democratic Republic of Congo,COD,1985,821563
Democratic Republic of Congo,COD,1986,839056
Democratic Republic of Congo,COD,1987,850048
Democratic Republic of Congo,COD,1988,930656
Democratic Republic of Congo,COD,1989,842720
Democratic Republic of Congo,COD,1990,890352
Democratic Republic of Congo,COD,1991,0
Democratic Republic of Congo,COD,1992,0
Democratic Republic of Congo,COD,1993,0
Democratic Republic of Congo,COD,1994,0
Democratic Republic of Congo,COD,1995,0
Democratic Republic of Congo,COD,1996,0
Democratic Republic of Congo,COD,1997,0
Democratic Republic of Congo,COD,1998,0
Democratic Republic of Congo,COD,1999,0
Democratic Republic of Congo,COD,2000,0
Democratic Republic of Congo,COD,2001,393
Democratic Republic of Congo,COD,2002,4547
Democratic Republic of Congo,COD,2003,2281
Democratic Republic of Congo,COD,2004,6499
Democratic Republic of Congo,COD,2005,23049
Democratic Republic of Congo,COD,2006,19635
Democratic Republic of Congo,COD,2007,30302
Democratic Republic of Congo,COD,2008,34487
Democratic Republic of Congo,COD,2009,24304
Democratic Republic of Congo,COD,2010,36548
Democratic Republic of Congo,COD,2011,29164
Democratic Republic of Congo,COD,2012,33215
Democratic Republic of Congo,COD,2013,12592
Democratic Republic of Congo,COD,2014,17221
Democratic Republic of Congo,COD,2015,33729
Democratic Republic of Congo,COD,2016,39307
Democratic Republic of Congo,COD,2017,49132
Democratic Republic of Congo,COD,2018,84375
Democratic Republic of Congo,COD,2019,43960
Democratic Republic of Congo,COD,2020,25430
Democratic Republic of Congo,COD,2021,33564
Democratic Republic of Congo,COD,2022,52817
Democratic Republic of Congo,COD,2023,69967
Democratic Republic of Congo,COD,2024,64754
Denmark,DNK,1843,135568
Denmark,DNK,1844,157552
Denmark,DNK,1845,208848
Denmark,DNK,1846,227168
Denmark,DNK,1847,172208
Denmark,DNK,1848,311440
Denmark,DNK,1849,271136
Denmark,DNK,1850,340752
Denmark,DNK,1851,311440
Denmark,DNK,1852,333424
Denmark,DNK,1853,359072
Denmark,DNK,1854,458000
Denmark,DNK,1855,454336
Denmark,DNK,1856,648528
Denmark,DNK,1857,663184
Denmark,DNK,1858,490976
Denmark,DNK,1859,626544
Denmark,DNK,1860,542272
Denmark,DNK,1861,784096
Denmark,DNK,1862,677840
Denmark,DNK,1863,754784
Denmark,DNK,1864,648528
Denmark,DNK,1865,1014928
Denmark,DNK,1866,937984
Denmark,DNK,1867,916000
Denmark,DNK,1868,1084544
Denmark,DNK,1869,945312
Denmark,DNK,1870,1143168
Denmark,DNK,1871,1187136
Denmark,DNK,1872,1139504
Denmark,DNK,1873,1150496
Denmark,DNK,1874,1242096
Denmark,DNK,1875,1458272
Denmark,DNK,1876,1542544
Denmark,DNK,1877,1524224
Denmark,DNK,1878,1447280
Denmark,DNK,1879,1634144
Denmark,DNK,1880,1861312
Denmark,DNK,1881,1971232
Denmark,DNK,1882,2114128
Denmark,DNK,1883,2429232
Denmark,DNK,1884,2418240
Denmark,DNK,1885,2535488
Denmark,DNK,1886,2429232
Denmark,DNK,1887,2491520
Denmark,DNK,1888,2802960
Denmark,DNK,1889,2993488
Denmark,DNK,1890,2868912
Denmark,DNK,1891,3085088
Denmark,DNK,1892,3066886
Denmark,DNK,1893,2997152
Denmark,DNK,1894,3400192
Denmark,DNK,1895,3524768
Denmark,DNK,1896,4312528
Denmark,DNK,1897,4623968
Denmark,DNK,1898,4803504
Denmark,DNK,1899,5250512
Denmark,DNK,1900,5147920
Denmark,DNK,1901,5360432
Denmark,DNK,1902,5503328
Denmark,DNK,1903,5726832
Denmark,DNK,1904,6177504
Denmark,DNK,1905,6008960
Denmark,DNK,1906,6543904
Denmark,DNK,1907,5833088
Denmark,DNK,1908,7236400
Denmark,DNK,1909,8005840.5
Denmark,DNK,1910,7349984
Denmark,DNK,1911,7829968
Denmark,DNK,1912,9284576
Denmark,DNK,1913,9526400
Denmark,DNK,1914,9764560
Denmark,DNK,1915,10453392
Denmark,DNK,1916,10215232
Denmark,DNK,1917,7434256
Denmark,DNK,1918,8676352
Denmark,DNK,1919,8236672.5
Denmark,DNK,1920,7192432
Denmark,DNK,1921,6793056
Denmark,DNK,1922,9650976
Denmark,DNK,1923,10526672
Denmark,DNK,1924,12340352
Denmark,DNK,1925,10720864
Denmark,DNK,1926,10468048
Denmark,DNK,1927,13325968
Denmark,DNK,1928,12171808
Denmark,DNK,1929,14729280
Denmark,DNK,1930,13421232
Denmark,DNK,1931,14069760
Denmark,DNK,1932,13223320
Denmark,DNK,1933,13098800
Denmark,DNK,1934,14260288
Denmark,DNK,1935,14875840
Denmark,DNK,1936,15385228
Denmark,DNK,1937,15960384
Denmark,DNK,1938,14315248
Denmark,DNK,1939,15956720
Denmark,DNK,1940,14604704
Denmark,DNK,1941,17191488
Denmark,DNK,1942,16257168
Denmark,DNK,1943,20305888
Denmark,DNK,1944,19961472
Denmark,DNK,1945,13934192
Denmark,DNK,1946,17396672
Denmark,DNK,1947,21141280
Denmark,DNK,1948,16689604
Denmark,DNK,1949,16469589
Denmark,DNK,1950,16612576
Denmark,DNK,1951,15736880
Denmark,DNK,1952,16385408
Denmark,DNK,1953,16209536
Denmark,DNK,1954,17986576
Denmark,DNK,1955,17704448
Denmark,DNK,1956,15374144
Denmark,DNK,1957,13527488
Denmark,DNK,1958,14230976
Denmark,DNK,1959,12787360
Denmark,DNK,1960,14885000
Denmark,DNK,1961,14469136
Denmark,DNK,1962,15903845
Denmark,DNK,1963,16126717
Denmark,DNK,1964,14916144
Denmark,DNK,1965,13732672
Denmark,DNK,1966,14066096
Denmark,DNK,1967,12574848
Denmark,DNK,1968,12340352
Denmark,DNK,1969,11504960
Denmark,DNK,1970,9365184
Denmark,DNK,1971,5741488
Denmark,DNK,1972,5331120
Denmark,DNK,1973,9072064
Denmark,DNK,1974,8185376
Denmark,DNK,1975,10834448
Denmark,DNK,1976,12237760
Denmark,DNK,1977,13732672
Denmark,DNK,1978,12875296
Denmark,DNK,1979,16290144
Denmark,DNK,1980,22016976
Denmark,DNK,1981,18092832
Denmark,DNK,1982,22071286
Denmark,DNK,1983,19968800
Denmark,DNK,1984,21369990
Denmark,DNK,1985,28007616
Denmark,DNK,1986,27012990
Denmark,DNK,1987,27467282
Denmark,DNK,1988,25966768
Denmark,DNK,1989,20498538
Denmark,DNK,1990,24005216
Denmark,DNK,1991,32569900
Denmark,DNK,1992,27133132
Denmark,DNK,1993,28451488
Denmark,DNK,1994,30577564
Denmark,DNK,1995,25600004
Denmark,DNK,1996,35136788
Denmark,DNK,1997,26150118
Denmark,DNK,1998,22219104
Denmark,DNK,1999,18672010
Denmark,DNK,2000,15657394
Denmark,DNK,2001,16557831
Denmark,DNK,2002,16537388
Denmark,DNK,2003,22573276
Denmark,DNK,2004,17281042
Denmark,DNK,2005,14601613
Denmark,DNK,2006,22005606
Denmark,DNK,2007,18421878
Denmark,DNK,2008,16133722
Denmark,DNK,2009,15784477
Denmark,DNK,2010,15351008
Denmark,DNK,2011,12914962
Denmark,DNK,2012,10078159
Denmark,DNK,2013,12754866
Denmark,DNK,2014,10143308
Denmark,DNK,2015,7242452
Denmark,DNK,2016,8413077
Denmark,DNK,2017,6252826
Denmark,DNK,2018,6361589
Denmark,DNK,2019,3588381
Denmark,DNK,2020,3166356
Denmark,DNK,2021,4207500
Denmark,DNK,2022,4133048
Denmark,DNK,2023,2632574
Denmark,DNK,2024,1802883
Dominican Republic,DOM,1870,13393
Dominican Republic,DOM,1871,1570
Dominican Republic,DOM,1872,3034
Dominican Republic,DOM,1873,1465
Dominican Republic,DOM,1874,1277
Dominican Republic,DOM,1875,0
Dominican Republic,DOM,1876,0
Dominican Republic,DOM,1877,2180
Dominican Republic,DOM,1878,2919
Dominican Republic,DOM,1879,2480
Dominican Republic,DOM,1880,5366
Dominican Republic,DOM,1881,3632
Dominican Republic,DOM,1882,280
Dominican Republic,DOM,1883,3575
Dominican Republic,DOM,1884,4465
Dominican Republic,DOM,1885,4794
Dominican Republic,DOM,1886,5422
Dominican Republic,DOM,1887,3918.9998
Dominican Republic,DOM,1888,5589
Dominican Republic,DOM,1889,5896
Dominican Republic,DOM,1890,7189
Dominican Republic,DOM,1891,7525
Dominican Republic,DOM,1892,8802
Dominican Republic,DOM,1893,11301
Dominican Republic,DOM,1894,27043
Dominican Republic,DOM,1895,19923
Dominican Republic,DOM,1896,24222
Dominican Republic,DOM,1897,16638
Dominican Republic,DOM,1898,12411
Dominican Republic,DOM,1899,14853
Dominican Republic,DOM,1900,15207
Dominican Republic,DOM,1901,14271
Dominican Republic,DOM,1902,14294
Dominican Republic,DOM,1903,17559
Dominican Republic,DOM,1904,13773
Dominican Republic,DOM,1905,16209.999
Dominican Republic,DOM,1906,18420
Dominican Republic,DOM,1907,25535
Dominican Republic,DOM,1908,29608
Dominican Republic,DOM,1909,25984
Dominican Republic,DOM,1910,37803
Dominican Republic,DOM,1911,42760
Dominican Republic,DOM,1912,37092
Dominican Republic,DOM,1913,42473
Dominican Republic,DOM,1914,47069
Dominican Republic,DOM,1915,57639
Dominican Republic,DOM,1916,72845
Dominican Republic,DOM,1917,77139
Dominican Republic,DOM,1918,81771
Dominican Republic,DOM,1919,59085
Dominican Republic,DOM,1920,48836
Dominican Republic,DOM,1921,47816
Dominican Republic,DOM,1922,22183
Dominican Republic,DOM,1923,36446
Dominican Republic,DOM,1924,22155
Dominican Republic,DOM,1925,25053
Dominican Republic,DOM,1926,31032
Dominican Republic,DOM,1927,26276
Dominican Republic,DOM,1928,15789
Dominican Republic,DOM,1929,22309
Dominican Republic,DOM,1930,26458
Dominican Republic,DOM,1931,10357
Dominican Republic,DOM,1932,12493
Dominican Republic,DOM,1933,8141
Dominican Republic,DOM,1934,8815
Dominican Republic,DOM,1935,12175
Dominican Republic,DOM,1936,11100
Dominican Republic,DOM,1937,6507
Dominican Republic,DOM,1938,3829
Dominican Republic,DOM,1939,382
Dominican Republic,DOM,1940,10336
Dominican Republic,DOM,1941,2298
Dominican Republic,DOM,1942,6125
Dominican Republic,DOM,1943,13781
Dominican Republic,DOM,1944,767
Dominican Republic,DOM,1945,1683
Dominican Republic,DOM,1946,8423
Dominican Republic,DOM,1947,9954
Dominican Republic,DOM,1948,14163
Dominican Republic,DOM,1949,1149
Dominican Republic,DOM,1950,382
Dominican Republic,DOM,1951,0
Dominican Republic,DOM,1952,0
Dominican Republic,DOM,1953,3642
Dominican Republic,DOM,1954,3664
Dominican Republic,DOM,1955,3664
Dominican Republic,DOM,1956,3664
Dominican Republic,DOM,1957,0
Dominican Republic,DOM,1958,3664
Dominican Republic,DOM,1959,3664
Dominican Republic,DOM,1960,3664
Dominican Republic,DOM,1961,3651
Dominican Republic,DOM,1962,0
Dominican Republic,DOM,1963,3664
Dominican Republic,DOM,1964,3664
Dominican Republic,DOM,1965,3655
Dominican Republic,DOM,1966,3664
Dominican Republic,DOM,1967,3664
Dominican Republic,DOM,1968,3664
Dominican Republic,DOM,1969,3659
Dominican Republic,DOM,1970,3664
Dominican Republic,DOM,1971,3664
Dominican Republic,DOM,1972,3664
Dominican Republic,DOM,1973,3664
Dominican Republic,DOM,1974,3664
Dominican Republic,DOM,1975,3662
Dominican Republic,DOM,1976,3662
Dominican Republic,DOM,1977,3664
Dominican Republic,DOM,1978,0
Dominican Republic,DOM,1979,0
Dominican Republic,DOM,1980,0
Dominican Republic,DOM,1981,0
Dominican Republic,DOM,1982,0
Dominican Republic,DOM,1983,0
Dominican Republic,DOM,1984,0
Dominican Republic,DOM,1985,0
Dominican Republic,DOM,1986,73313
Dominican Republic,DOM,1987,615552
Dominican Republic,DOM,1988,256480.02
Dominican Republic,DOM,1989,696160
Dominican Republic,DOM,1990,25648
Dominican Republic,DOM,1991,150282
Dominican Republic,DOM,1992,370064
Dominican Republic,DOM,1993,318768
Dominican Republic,DOM,1994,274800
Dominican Republic,DOM,1995,293191
Dominican Republic,DOM,1996,340752
Dominican Republic,DOM,1997,370064
Dominican Republic,DOM,1998,718144
Dominican Republic,DOM,1999,619216
Dominican Republic,DOM,2000,245488
Dominican Republic,DOM,2001,538608
Dominican Republic,DOM,2002,619216
Dominican Republic,DOM,2003,2802960
Dominican Republic,DOM,2004,2062832.1
Dominican Republic,DOM,2005,1263822
Dominican Republic,DOM,2006,1868281
Dominican Republic,DOM,2007,1930928
Dominican Republic,DOM,2008,2110464
Dominican Republic,DOM,2009,2062449
Dominican Republic,DOM,2010,1850320
Dominican Republic,DOM,2011,2216720
Dominican Republic,DOM,2012,1744369
Dominican Republic,DOM,2013,2150392
Dominican Republic,DOM,2014,2810288
Dominican Republic,DOM,2015,2542413
Dominican Republic,DOM,2016,2531442
Dominican Republic,DOM,2017,2942192
Dominican Republic,DOM,2018,2891314
Dominican Republic,DOM,2019,4455424
Dominican Republic,DOM,2020,6519164
Dominican Republic,DOM,2021,6148192
Dominican Republic,DOM,2022,7429706
Dominican Republic,DOM,2023,7678460
Dominican Republic,DOM,2024,7960191
Ecuador,ECU,1892,85
Ecuador,ECU,1893,8
Ecuador,ECU,1894,13
Ecuador,ECU,1895,3403
Ecuador,ECU,1896,3
Ecuador,ECU,1897,810
Ecuador,ECU,1898,0
Ecuador,ECU,1899,1967.0001
Ecuador,ECU,1900,3
Ecuador,ECU,1901,18
Ecuador,ECU,1902,49
Ecuador,ECU,1903,2567
Ecuador,ECU,1904,4296
Ecuador,ECU,1905,37097
Ecuador,ECU,1906,12819
Ecuador,ECU,1907,492.00003
Ecuador,ECU,1908,7818.0005
Ecuador,ECU,1909,35605
Ecuador,ECU,1910,56013
Ecuador,ECU,1911,51234
Ecuador,ECU,1912,46856
Ecuador,ECU,1913,53256
Ecuador,ECU,1914,29408
Ecuador,ECU,1915,24476
Ecuador,ECU,1916,49667
Ecuador,ECU,1917,36546
Ecuador,ECU,1918,5822
Ecuador,ECU,1919,7837.9995
Ecuador,ECU,1920,13591
Ecuador,ECU,1921,11157
Ecuador,ECU,1922,10806
Ecuador,ECU,1923,5548
Ecuador,ECU,1924,8169
Ecuador,ECU,1925,2891
Ecuador,ECU,1926,21244
Ecuador,ECU,1927,864
Ecuador,ECU,1928,1624
Ecuador,ECU,1929,467
Ecuador,ECU,1930,313
Ecuador,ECU,1931,1149
Ecuador,ECU,1932,1149
Ecuador,ECU,1933,1149
Ecuador,ECU,1934,1149
Ecuador,ECU,1935,1149
Ecuador,ECU,1936,1149
Ecuador,ECU,1937,1149
Ecuador,ECU,1938,1149
Ecuador,ECU,1939,382
Ecuador,ECU,1940,382
Ecuador,ECU,1941,382
Ecuador,ECU,1942,382
Ecuador,ECU,1943,382
Ecuador,ECU,1944,382
Ecuador,ECU,1945,382
Ecuador,ECU,1946,382
Ecuador,ECU,1947,382
Ecuador,ECU,1948,767
Ecuador,ECU,1949,1531
Ecuador,ECU,1950,382
Ecuador,ECU,1951,382
Ecuador,ECU,1952,1149
Ecuador,ECU,1953,382
Ecuador,ECU,1954,0
Ecuador,ECU,1955,0
Ecuador,ECU,1956,0
Ecuador,ECU,1957,0
Ecuador,ECU,1958,0
Ecuador,ECU,1959,0
Ecuador,ECU,1960,0
Egypt,EGY,1911,0
Egypt,EGY,1912,0
Egypt,EGY,1913,0
Egypt,EGY,1914,0
Egypt,EGY,1915,0
Egypt,EGY,1916,0
Egypt,EGY,1917,0
Egypt,EGY,1918,0
Egypt,EGY,1919,0
Egypt,EGY,1920,0
Egypt,EGY,1921,0
Egypt,EGY,1922,0
Egypt,EGY,1923,0
Egypt,EGY,1924,0
Egypt,EGY,1925,0
Egypt,EGY,1926,0
Egypt,EGY,1927,0
Egypt,EGY,1928,0
Egypt,EGY,1929,0
Egypt,EGY,1930,0
Egypt,EGY,1931,0
Egypt,EGY,1932,0
Egypt,EGY,1933,0
Egypt,EGY,1934,0
Egypt,EGY,1935,0
Egypt,EGY,1936,0
Egypt,EGY,1937,0
Egypt,EGY,1938,0
Egypt,EGY,1939,0
Egypt,EGY,1940,0
Egypt,EGY,1941,0
Egypt,EGY,1942,0
Egypt,EGY,1943,0
Egypt,EGY,1944,0
Egypt,EGY,1945,0
Egypt,EGY,1946,0
Egypt,EGY,1947,0
Egypt,EGY,1948,0
Egypt,EGY,1949,0
Egypt,EGY,1950,509296
Egypt,EGY,1951,674176
Egypt,EGY,1952,472656
Egypt,EGY,1953,183200
Egypt,EGY,1954,322533
Egypt,EGY,1955,260144
Egypt,EGY,1956,234496
Egypt,EGY,1957,439680
Egypt,EGY,1958,666848
Egypt,EGY,1959,208848
Egypt,EGY,1960,414032
Egypt,EGY,1961,780600
Egypt,EGY,1962,707152
Egypt,EGY,1963,707152
Egypt,EGY,1964,1212784
Egypt,EGY,1965,1025784
Egypt,EGY,1966,674176
Egypt,EGY,1967,1110192
Egypt,EGY,1968,1154160
Egypt,EGY,1969,1260651
Egypt,EGY,1970,1227232
Egypt,EGY,1971,915854
Egypt,EGY,1972,937849
Egypt,EGY,1973,897680
Egypt,EGY,1974,1542761
Egypt,EGY,1975,3561408
Egypt,EGY,1976,2282915
Egypt,EGY,1977,2539152
Egypt,EGY,1978,1989552
Egypt,EGY,1979,1817344
Egypt,EGY,1980,1817344
Egypt,EGY,1981,2894768
Egypt,EGY,1982,3220656
Egypt,EGY,1983,2257024
Egypt,EGY,1984,2257154
Egypt,EGY,1985,2275344
Egypt,EGY,1986,2762656
Egypt,EGY,1987,2923872
Egypt,EGY,1988,2583120
Egypt,EGY,1989,2832128
Egypt,EGY,1990,3360051
Egypt,EGY,1991,2696577
Egypt,EGY,1992,2590448
Egypt,EGY,1993,3414848
Egypt,EGY,1994,3693152
Egypt,EGY,1995,2451216
Egypt,EGY,1996,3429504
Egypt,EGY,1997,2850689
Egypt,EGY,1998,2791968
Egypt,EGY,1999,2506250
Egypt,EGY,2000,3143712
Egypt,EGY,2001,2748081
Egypt,EGY,2002,2956848
Egypt,EGY,2003,3063028
Egypt,EGY,2004,3191422
Egypt,EGY,2005,3066700
Egypt,EGY,2006,2927536
Egypt,EGY,2007,2916544
Egypt,EGY,2008,2854203
Egypt,EGY,2009,2689376
Egypt,EGY,2010,4125664.2
Egypt,EGY,2011,1700068
Egypt,EGY,2012,1802688
Egypt,EGY,2013,1700124
Egypt,EGY,2014,1494912
Egypt,EGY,2015,1344710
Egypt,EGY,2016,1608472
Egypt,EGY,2017,6507264
Egypt,EGY,2018,13007002
Egypt,EGY,2019,10123632
Egypt,EGY,2020,5400817
Egypt,EGY,2021,8702000
Egypt,EGY,2022,7762165
Egypt,EGY,2023,8639142
Egypt,EGY,2024,12120909
El Salvador,SLV,1870,0
El Salvador,SLV,1871,0
El Salvador,SLV,1872,0
El Salvador,SLV,1873,0
El Salvador,SLV,1874,3
El Salvador,SLV,1875,0
El Salvador,SLV,1876,0
El Salvador,SLV,1877,3
El Salvador,SLV,1878,10
El Salvador,SLV,1879,21
El Salvador,SLV,1880,10
El Salvador,SLV,1881,3
El Salvador,SLV,1882,3
El Salvador,SLV,1883,15
El Salvador,SLV,1884,36
El Salvador,SLV,1885,23
El Salvador,SLV,1886,41
El Salvador,SLV,1887,41
El Salvador,SLV,1888,0
El Salvador,SLV,1889,0
El Salvador,SLV,1890,8
El Salvador,SLV,1891,23
El Salvador,SLV,1892,203
El Salvador,SLV,1893,380
El Salvador,SLV,1894,310
El Salvador,SLV,1895,395
El Salvador,SLV,1896,5896
El Salvador,SLV,1897,7794
El Salvador,SLV,1898,13
El Salvador,SLV,1899,1706
El Salvador,SLV,1900,3
El Salvador,SLV,1901,267
El Salvador,SLV,1902,295
El Salvador,SLV,1903,33
El Salvador,SLV,1904,23
El Salvador,SLV,1905,56
El Salvador,SLV,1906,523
El Salvador,SLV,1907,500.00003
El Salvador,SLV,1908,38
El Salvador,SLV,1909,18
El Salvador,SLV,1910,290
El Salvador,SLV,1911,382
El Salvador,SLV,1912,462
El Salvador,SLV,1913,4086
El Salvador,SLV,1914,203
El Salvador,SLV,1915,300
El Salvador,SLV,1916,321
El Salvador,SLV,1917,185
El Salvador,SLV,1918,274
El Salvador,SLV,1919,6017
El Salvador,SLV,1920,8225
El Salvador,SLV,1921,195
El Salvador,SLV,1922,233
El Salvador,SLV,1923,154
El Salvador,SLV,1924,280
El Salvador,SLV,1925,382
El Salvador,SLV,1926,459
El Salvador,SLV,1927,9954
El Salvador,SLV,1928,11485
El Salvador,SLV,1929,12632
El Salvador,SLV,1930,767
El Salvador,SLV,1931,382
El Salvador,SLV,1932,10336
El Salvador,SLV,1933,8805
El Salvador,SLV,1934,382
El Salvador,SLV,1935,1531
El Salvador,SLV,1936,382
El Salvador,SLV,1937,382
El Salvador,SLV,1938,382
El Salvador,SLV,1939,767
El Salvador,SLV,1940,382
El Salvador,SLV,1941,382
El Salvador,SLV,1942,382
El Salvador,SLV,1943,767
El Salvador,SLV,1944,382
El Salvador,SLV,1945,382
El Salvador,SLV,1946,382
El Salvador,SLV,1947,382
El Salvador,SLV,1948,767
El Salvador,SLV,1949,382
El Salvador,SLV,1950,382
El Salvador,SLV,1951,767
El Salvador,SLV,1952,382
El Salvador,SLV,1953,382
El Salvador,SLV,1954,767
El Salvador,SLV,1955,767
El Salvador,SLV,1956,0
El Salvador,SLV,1957,0
El Salvador,SLV,1958,0
El Salvador,SLV,1959,0
El Salvador,SLV,1960,0
El Salvador,SLV,1993,3664
El Salvador,SLV,1994,3664
El Salvador,SLV,1995,3664
El Salvador,SLV,1996,3664
El Salvador,SLV,1997,3664
El Salvador,SLV,1998,3664
El Salvador,SLV,1999,3664
El Salvador,SLV,2000,3664
El Salvador,SLV,2001,3662
El Salvador,SLV,2002,0
El Salvador,SLV,2003,3664
El Salvador,SLV,2004,3664
El Salvador,SLV,2005,3662
El Salvador,SLV,2006,3664
El Salvador,SLV,2007,3662
El Salvador,SLV,2008,3662
El Salvador,SLV,2009,3662
El Salvador,SLV,2010,3662
El Salvador,SLV,2011,3662
El Salvador,SLV,2012,3664
El Salvador,SLV,2013,3662
El Salvador,SLV,2014,3664
El Salvador,SLV,2015,3662
El Salvador,SLV,2016,3664
El Salvador,SLV,2017,0
El Salvador,SLV,2018,0
El Salvador,SLV,2019,0
El Salvador,SLV,2020,0
El Salvador,SLV,2021,0
El Salvador,SLV,2022,0
El Salvador,SLV,2023,0
El Salvador,SLV,2024,0
Estonia,EST,1830,185
Estonia,EST,1831,222
Estonia,EST,1832,148
Estonia,EST,1833,185
Estonia,EST,1850,1145
Estonia,EST,1855,3471
Estonia,EST,1858,4874
Estonia,EST,1859,5170
Estonia,EST,1860,6778
Estonia,EST,1861,8624
Estonia,EST,1862,7775
Estonia,EST,1863,8108.0005
Estonia,EST,1864,9069
Estonia,EST,1865,8644
Estonia,EST,1866,27607
Estonia,EST,1867,31634
Estonia,EST,1868,26080
Estonia,EST,1869,35553
Estonia,EST,1870,38618
Estonia,EST,1871,52353
Estonia,EST,1872,53721
Estonia,EST,1873,49925
Estonia,EST,1874,60287
Estonia,EST,1875,68774
Estonia,EST,1876,84498
Estonia,EST,1877,84698
Estonia,EST,1878,111260
Estonia,EST,1879,112693
Estonia,EST,1880,132534
Estonia,EST,1881,136440
Estonia,EST,1882,143275
Estonia,EST,1883,163578
Estonia,EST,1884,158595
Estonia,EST,1885,168015
Estonia,EST,1886,171880
Estonia,EST,1887,174259
Estonia,EST,1888,179811
Estonia,EST,1889,198400
Estonia,EST,1890,220130
Estonia,EST,1891,234137
Estonia,EST,1892,249423
Estonia,EST,1893,291475
Estonia,EST,1894,307246
Estonia,EST,1895,332677
Estonia,EST,1896,341951
Estonia,EST,1897,397620
Estonia,EST,1898,444810
Estonia,EST,1899,530777
Estonia,EST,1900,595382
Estonia,EST,1901,591217
Estonia,EST,1902,576055
Estonia,EST,1903,579853
Estonia,EST,1904,658403
Estonia,EST,1905,617503
Estonia,EST,1906,704691
Estonia,EST,1907,798927
Estonia,EST,1908,804595
Estonia,EST,1909,847077
Estonia,EST,1910,821432
Estonia,EST,1911,867625
Estonia,EST,1912,1001427.06
Estonia,EST,1913,1106268
Estonia,EST,1914,977250
Estonia,EST,1915,867805
Estonia,EST,1916,924288
Estonia,EST,1917,857178
Estonia,EST,1918,337609
Estonia,EST,1919,260099
Estonia,EST,1920,240609
Estonia,EST,1921,270654
Estonia,EST,1922,329630
Estonia,EST,1923,362375
Estonia,EST,1924,449009
Estonia,EST,1925,433781
Estonia,EST,1926,659885
Estonia,EST,1927,826143
Estonia,EST,1928,943866
Estonia,EST,1929,989308
Estonia,EST,1930,1235790
Estonia,EST,1931,1480285
Estonia,EST,1932,1755808
Estonia,EST,1933,2011953.1
Estonia,EST,1934,2464744
Estonia,EST,1935,2826395
Estonia,EST,1936,3268725
Estonia,EST,1937,3332753
Estonia,EST,1938,3516852
Estonia,EST,1939,3562534
Estonia,EST,1940,4358693
Estonia,EST,1941,3747589
Estonia,EST,1942,1761308
Estonia,EST,1943,1947520
Estonia,EST,1944,2877453
Estonia,EST,1945,3420711
Estonia,EST,1946,3832964
Estonia,EST,1947,4609398
Estonia,EST,1948,4877143
Estonia,EST,1949,5528667
Estonia,EST,1950,6155897
Estonia,EST,1951,6673023
Estonia,EST,1952,7100622
Estonia,EST,1953,7468831
Estonia,EST,1954,8136302
Estonia,EST,1955,9185886
Estonia,EST,1956,9975254
Estonia,EST,1957,10826523
Estonia,EST,1958,11413051
Estonia,EST,1959,11867118
Estonia,EST,1960,12169174
Estonia,EST,1961,12318525
Estonia,EST,1962,12626751
Estonia,EST,1963,13375463
Estonia,EST,1964,14076017
Estonia,EST,1965,14802265
Estonia,EST,1966,15496831
Estonia,EST,1967,15907917
Estonia,EST,1968,16050726
Estonia,EST,1969,16484440
Estonia,EST,1970,17310568
Estonia,EST,1971,18050052
Estonia,EST,1972,18743522
Estonia,EST,1973,19185958
Estonia,EST,1974,19515450
Estonia,EST,1975,20323440
Estonia,EST,1976,21073562
Estonia,EST,1977,21630992
Estonia,EST,1978,21837450
Estonia,EST,1979,22027044
Estonia,EST,1980,23113062
Estonia,EST,1981,21768246
Estonia,EST,1982,22216008
Estonia,EST,1983,22402970
Estonia,EST,1984,22631342
Estonia,EST,1985,25381216
Estonia,EST,1986,25817626
Estonia,EST,1987,25847734
Estonia,EST,1988,25445582
Estonia,EST,1989,26246074
Estonia,EST,1990,24434818
Estonia,EST,1991,22546902
Estonia,EST,1992,17795902
Estonia,EST,1993,13589430
Estonia,EST,1994,14118098
Estonia,EST,1995,12915791
Estonia,EST,1996,13451013
Estonia,EST,1997,13191434
Estonia,EST,1998,11500326
Estonia,EST,1999,10920884
Estonia,EST,2000,10850794
Estonia,EST,2001,10679061
Estonia,EST,2002,10381617
Estonia,EST,2003,12171635
Estonia,EST,2004,12011566
Estonia,EST,2005,11744938
Estonia,EST,2006,11047223
Estonia,EST,2007,14258387
Estonia,EST,2008,12321859
Estonia,EST,2009,10021534
Estonia,EST,2010,14262001
Estonia,EST,2011,14181643
Estonia,EST,2012,12602224
Estonia,EST,2013,14532069
Estonia,EST,2014,14071926
Estonia,EST,2015,11270703
Estonia,EST,2016,12763332
Estonia,EST,2017,13877060
Estonia,EST,2018,13062730
Estonia,EST,2019,7775731
Estonia,EST,2020,5276807
Estonia,EST,2021,6458311
Estonia,EST,2022,8085997.5
Estonia,EST,2023,4973826
Estonia,EST,2024,4547139
Eswatini,SWZ,1950,3664
Eswatini,SWZ,1951,3664
Eswatini,SWZ,1952,3664
Eswatini,SWZ,1953,3664
Eswatini,SWZ,1954,3664
Eswatini,SWZ,1955,3664
Eswatini,SWZ,1956,3664
Eswatini,SWZ,1957,3664
Eswatini,SWZ,1958,3664
Eswatini,SWZ,1959,3664
Eswatini,SWZ,1960,32976
Eswatini,SWZ,1961,3664
Eswatini,SWZ,1964,10992
Eswatini,SWZ,1965,80608
Eswatini,SWZ,1966,201520
Eswatini,SWZ,1967,227168
Eswatini,SWZ,1968,278464
Eswatini,SWZ,1969,304112
Eswatini,SWZ,1970,366400
Eswatini,SWZ,1971,399376
Eswatini,SWZ,1972,381056
Eswatini,SWZ,1973,370064
Eswatini,SWZ,1974,311440
Eswatini,SWZ,1975,337088
Eswatini,SWZ,1976,333424
Eswatini,SWZ,1977,340752
Eswatini,SWZ,1978,439680
Eswatini,SWZ,1979,447008
Eswatini,SWZ,1980,465328
Eswatini,SWZ,1981,436016
Eswatini,SWZ,1982,436016
Eswatini,SWZ,1983,271136
Eswatini,SWZ,1984,333424
Eswatini,SWZ,1985,439680
Eswatini,SWZ,1986,458000
Eswatini,SWZ,1987,436016
Eswatini,SWZ,1988,436016
Eswatini,SWZ,1989,436016
Eswatini,SWZ,1990,423408
Eswatini,SWZ,1991,326096
Eswatini,SWZ,1992,264975
Eswatini,SWZ,1993,131904
Eswatini,SWZ,1994,483648
Eswatini,SWZ,1995,452769
Eswatini,SWZ,1996,340752
Eswatini,SWZ,1997,564256
Eswatini,SWZ,1998,564256
Eswatini,SWZ,1999,584516
Eswatini,SWZ,2000,533323
Eswatini,SWZ,2001,507323.03
Eswatini,SWZ,2002,487312
Eswatini,SWZ,2003,397924
Eswatini,SWZ,2004,393484
Eswatini,SWZ,2005,381056
Eswatini,SWZ,2006,386114
Eswatini,SWZ,2007,403040
Eswatini,SWZ,2008,412548
Eswatini,SWZ,2009,381056
Eswatini,SWZ,2010,368708
Eswatini,SWZ,2011,329760
Eswatini,SWZ,2012,458000
Eswatini,SWZ,2013,597232
Eswatini,SWZ,2014,47632
Eswatini,SWZ,2015,120912
Eswatini,SWZ,2016,216176
Eswatini,SWZ,2017,142896
Eswatini,SWZ,2018,142896
Eswatini,SWZ,2019,175872
Eswatini,SWZ,2020,142369
Eswatini,SWZ,2021,161216
Eswatini,SWZ,2022,179536
Eswatini,SWZ,2023,172179
Eswatini,SWZ,2024,179879
Ethiopia,ETH,1950,21105
Ethiopia,ETH,1951,14656
Ethiopia,ETH,1952,10992
Ethiopia,ETH,1953,7328
Ethiopia,ETH,1954,37142
Ethiopia,ETH,1955,29312
Ethiopia,ETH,1956,29312
Ethiopia,ETH,1957,0
Ethiopia,ETH,1958,25648
Ethiopia,ETH,1959,14656
Ethiopia,ETH,1960,25648
Ethiopia,ETH,1961,25648
Ethiopia,ETH,1962,21984
Ethiopia,ETH,1963,25427
Ethiopia,ETH,1964,3664
Ethiopia,ETH,1965,25503
Ethiopia,ETH,1966,25648
Ethiopia,ETH,1967,3664
Ethiopia,ETH,1968,14656
Ethiopia,ETH,1969,25704
Ethiopia,ETH,1970,0
Ethiopia,ETH,1971,0
Ethiopia,ETH,1972,0
Ethiopia,ETH,1973,0
Ethiopia,ETH,1974,0
Ethiopia,ETH,1975,0
Ethiopia,ETH,1976,0
Ethiopia,ETH,1977,0
Ethiopia,ETH,1978,0
Ethiopia,ETH,1979,0
Ethiopia,ETH,1980,0
Ethiopia,ETH,1981,0
Ethiopia,ETH,1982,0
Ethiopia,ETH,1983,0
Ethiopia,ETH,1984,0
Ethiopia,ETH,1985,0
Ethiopia,ETH,1986,0
Ethiopia,ETH,1987,0
Ethiopia,ETH,1988,0
Ethiopia,ETH,1989,0
Ethiopia,ETH,2008,40304
Ethiopia,ETH,2009,109982
Ethiopia,ETH,2010,131904
Ethiopia,ETH,2011,395712
Ethiopia,ETH,2012,523952
Ethiopia,ETH,2013,677840
Ethiopia,ETH,2014,945610
Ethiopia,ETH,2015,989564
Ethiopia,ETH,2016,1245447
Ethiopia,ETH,2017,1212484
Ethiopia,ETH,2018,1392320
Ethiopia,ETH,2019,1494912
Ethiopia,ETH,2020,1700096
Ethiopia,ETH,2021,2307849
Ethiopia,ETH,2022,2454880
Ethiopia,ETH,2023,2838387
Ethiopia,ETH,2024,2898027
Europe,,1750,9305937
Europe,,1751,9407229
Europe,,1752,9505168
Europe,,1753,9610490
Europe,,1754,9733580
Europe,,1755,9793468
Europe,,1756,9909914
Europe,,1757,10093936
Europe,,1758,10216358
Europe,,1759,10338854
Europe,,1760,10514331
Europe,,1761,10747885
Europe,,1762,10952198
Europe,,1763,11191592
Europe,,1764,11396982
Europe,,1765,11643486
Europe,,1766,11876080
Europe,,1767,12152509
Europe,,1768,12466936
Europe,,1769,12780074
Europe,,1770,13097216
Europe,,1771,13369488
Europe,,1772,13623507
Europe,,1773,13808138
Europe,,1774,14012415
Europe,,1775,14338920
Europe,,1776,14654124
Europe,,1777,14959537
Europe,,1778,15243483
Europe,,1779,15535235
Europe,,1780,15878726
Europe,,1781,16234383
Europe,,1782,16580954
Europe,,1783,17062752
Europe,,1784,17471092
Europe,,1785,17961464
Europe,,1786,18443832
Europe,,1787,18855466
Europe,,1788,19282564
Europe,,1789,19859760
Europe,,1790,20394430
Europe,,1791,20928086
Europe,,1792,21925550
Europe,,1793,22293598
Europe,,1794,22515992
Europe,,1795,22311582
Europe,,1796,22117712
Europe,,1797,22086414
Europe,,1798,23102266
Europe,,1799,27481544
Europe,,1800,32541872
Europe,,1801,31714914
Europe,,1802,40017350
Europe,,1803,29238058
Europe,,1804,31432090
Europe,,1805,30907166
Europe,,1806,32366874
Europe,,1807,35818970
Europe,,1808,35101290
Europe,,1809,35925850
Europe,,1810,39069692
Europe,,1811,39723810
Europe,,1812,40325010
Europe,,1813,40679356
Europe,,1814,41658940
Europe,,1815,42979950
Europe,,1816,44827450
Europe,,1817,48552070
Europe,,1818,50606024
Europe,,1819,50160850
Europe,,1820,49931828
Europe,,1821,51224476
Europe,,1822,53149412
Europe,,1823,55448036
Europe,,1824,56560324
Europe,,1825,59588492
Europe,,1826,60056732
Europe,,1827,64281724
Europe,,1828,65080500
Europe,,1829,64502350
Europe,,1830,86888240
Europe,,1831,80978620
Europe,,1832,79052160
Europe,,1833,79703770
Europe,,1834,85364220
Europe,,1835,93060240
Europe,,1836,102140710
Europe,,1837,100864980
Europe,,1838,100783830
Europe,,1839,104097896
Europe,,1840,112883860
Europe,,1841,115892920
Europe,,1842,122404710
Europe,,1843,124561020
Europe,,1844,132595670
Europe,,1845,143794050
Europe,,1846,144858750
Europe,,1847,155573810
Europe,,1848,156683300
Europe,,1849,166586960
Europe,,1850,176775200
Europe,,1851,173859040
Europe,,1852,180432720
Europe,,1853,186703490
Europe,,1854,221565870
Europe,,1855,221501400
Europe,,1856,236741180
Europe,,1857,238278320
Europe,,1858,241459380
Europe,,1859,254610340
Europe,,1860,281749660
Europe,,1861,300408700
Europe,,1862,304907970
Europe,,1863,321049920
Europe,,1864,346435460
Europe,,1865,370982100
Europe,,1866,383209340
Europe,,1867,401321280
Europe,,1868,405532300
Europe,,1869,424616480
Europe,,1870,430490560
Europe,,1871,458656900
Europe,,1872,495442880
Europe,,1873,520945540
Europe,,1874,482847740
Europe,,1875,532544320
Europe,,1876,544509800
Europe,,1877,542777100
Europe,,1878,548419100
Europe,,1879,565719360
Europe,,1880,636687170
Europe,,1881,652370940
Europe,,1882,674438300
Europe,,1883,712492000
Europe,,1884,706421000
Europe,,1885,707383040
Europe,,1886,706824960
Europe,,1887,732602600
Europe,,1888,775801900
Europe,,1889,812372500
Europe,,1890,848751940
Europe,,1891,876793340
Europe,,1892,862284300
Europe,,1893,835559200
Europe,,1894,909346750
Europe,,1895,929562750
Europe,,1896,972605440
Europe,,1897,1019781600
Europe,,1898,1050266050
Europe,,1899,1118801400
Europe,,1900,1171347600
Europe,,1901,1157745700
Europe,,1902,1159221200
Europe,,1903,1209750100
Europe,,1904,1230994000
Europe,,1905,1274153500
Europe,,1906,1312563500
Europe,,1907,1454703100
Europe,,1908,1476309000
Europe,,1909,1474627300
Europe,,1910,1494807400
Europe,,1911,1531080200
Europe,,1912,1588015000
Europe,,1913,1721667700
Europe,,1914,1530880500
Europe,,1915,1450282200
Europe,,1916,1519827700
Europe,,1917,1492141000
Europe,,1918,1360735700
Europe,,1919,1153925000
Europe,,1920,1351983100
Europe,,1921,1231525600
Europe,,1922,1369932800
Europe,,1923,1302531300
Europe,,1924,1502472400
Europe,,1925,1473025900
Europe,,1926,1254924900
Europe,,1927,1614036400
Europe,,1928,1603347200
Europe,,1929,1738325900
Europe,,1930,1610108700
Europe,,1931,1483572100
Europe,,1932,1370405100
Europe,,1933,1407527600
Europe,,1934,1531457300
Europe,,1935,1604523000
Europe,,1936,1701487900
Europe,,1937,1857493200
Europe,,1938,1859392300
Europe,,1939,1922288900
Europe,,1940,2070239700
Europe,,1941,2000805000
Europe,,1942,1865614200
Europe,,1943,1881367700
Europe,,1944,1754106600
Europe,,1945,1134830100
Europe,,1946,1522029300
Europe,,1947,1719291100
Europe,,1948,1818319500
Europe,,1949,1968593900
Europe,,1950,2055919000
Europe,,1951,2249918000
Europe,,1952,2297935600
Europe,,1953,2332585000
Europe,,1954,2446795800
Europe,,1955,2625026600
Europe,,1956,2751279600
Europe,,1957,2819669200
Europe,,1958,2762027500
Europe,,1959,2733907000
Europe,,1960,2846249700
Europe,,1961,2863599400
Europe,,1962,2908783600
Europe,,1963,3003918300
Europe,,1964,3022927400
Europe,,1965,2982944800
Europe,,1966,2946249500
Europe,,1967,2883112700
Europe,,1968,2896764000
Europe,,1969,2954981400
Europe,,1970,2927911400
Europe,,1971,2896348700
Europe,,1972,2836786400
Europe,,1973,2867130000
Europe,,1974,2860001300
Europe,,1975,2867750000
Europe,,1976,2980236800
Europe,,1977,2970094600
Europe,,1978,2987524900
Europe,,1979,3077847300
Europe,,1980,3165667800
Europe,,1981,3029683700
Europe,,1982,3039848200
Europe,,1983,3044292400
Europe,,1984,3041355500
Europe,,1985,3302316800
Europe,,1986,3315836700
Europe,,1987,3330990000
Europe,,1988,3292316400
Europe,,1989,3210805800
Europe,,1990,2998026500
Europe,,1991,2792298500
Europe,,1992,2514777900
Europe,,1993,2395709000
Europe,,1994,2250267000
Europe,,1995,2231229400
Europe,,1996,2192303600
Europe,,1997,2070586500
Europe,,1998,1980188400
Europe,,1999,1898531500
Europe,,2000,1961726100
Europe,,2001,1994234900
Europe,,2002,1971428600
Europe,,2003,2016928300
Europe,,2004,2001872900
Europe,,2005,1963745000
Europe,,2006,2035779500
Europe,,2007,2037974500
Europe,,2008,1964610700
Europe,,2009,1748582700
Europe,,2010,1817866800
Europe,,2011,1859308500
Europe,,2012,1908627200
Europe,,2013,1837572100
Europe,,2014,1728544300
Europe,,2015,1705004500
Europe,,2016,1610358300
Europe,,2017,1558585300
Europe,,2018,1523195600
Europe,,2019,1341799200
Europe,,2020,1171946400
Europe,,2021,1260244000
Europe,,2022,1206146000
Europe,,2023,1054397440
Europe,,2024,974948300
Europe (excl. EU-27),,1750,9305937
Europe (excl. EU-27),,1751,9407229
Europe (excl. EU-27),,1752,9505168
Europe (excl. EU-27),,1753,9610490
Europe (excl. EU-27),,1754,9733580
Europe (excl. EU-27),,1755,9793468
Europe (excl. EU-27),,1756,9909914
Europe (excl. EU-27),,1757,10093936
Europe (excl. EU-27),,1758,10216358
Europe (excl. EU-27),,1759,10338854
Europe (excl. EU-27),,1760,10514331
Europe (excl. EU-27),,1761,10747885
Europe (excl. EU-27),,1762,10952198
Europe (excl. EU-27),,1763,11191592
Europe (excl. EU-27),,1764,11396982
Europe (excl. EU-27),,1765,11643486
Europe (excl. EU-27),,1766,11876080
Europe (excl. EU-27),,1767,12152509
Europe (excl. EU-27),,1768,12466936
Europe (excl. EU-27),,1769,12780074
Europe (excl. EU-27),,1770,13097216
Europe (excl. EU-27),,1771,13369488
Europe (excl. EU-27),,1772,13623507
Europe (excl. EU-27),,1773,13808138
Europe (excl. EU-27),,1774,14012415
Europe (excl. EU-27),,1775,14338920
Europe (excl. EU-27),,1776,14654124
Europe (excl. EU-27),,1777,14959537
Europe (excl. EU-27),,1778,15243483
Europe (excl. EU-27),,1779,15535235
Europe (excl. EU-27),,1780,15878726
Europe (excl. EU-27),,1781,16234383
Europe (excl. EU-27),,1782,16580954
Europe (excl. EU-27),,1783,17062752
Europe (excl. EU-27),,1784,17471092
Europe (excl. EU-27),,1785,17961464
Europe (excl. EU-27),,1786,18443832
Europe (excl. EU-27),,1787,18855466
Europe (excl. EU-27),,1788,19282564
Europe (excl. EU-27),,1789,19859760
Europe (excl. EU-27),,1790,20394430
Europe (excl. EU-27),,1791,20928086
Europe (excl. EU-27),,1792,21456558
Europe (excl. EU-27),,1793,21813614
Europe (excl. EU-27),,1794,22072648
Europe (excl. EU-27),,1795,21864574
Europe (excl. EU-27),,1796,21582768
Europe (excl. EU-27),,1797,21536814
Europe (excl. EU-27),,1798,22527018
Europe (excl. EU-27),,1799,26855000
Europe (excl. EU-27),,1800,31340080
Europe (excl. EU-27),,1801,30736626
Europe (excl. EU-27),,1802,30377368
Europe (excl. EU-27),,1803,28241450
Europe (excl. EU-27),,1804,27790074
Europe (excl. EU-27),,1805,29295006
Europe (excl. EU-27),,1806,30908602
Europe (excl. EU-27),,1807,32583656
Europe (excl. EU-27),,1808,33701640
Europe (excl. EU-27),,1809,34522536
Europe (excl. EU-27),,1810,35402028
Europe (excl. EU-27),,1811,36155070
Europe (excl. EU-27),,1812,36741616
Europe (excl. EU-27),,1813,37359772
Europe (excl. EU-27),,1814,38181804
Europe (excl. EU-27),,1815,39019170
Europe (excl. EU-27),,1816,39265496
Europe (excl. EU-27),,1817,41766344
Europe (excl. EU-27),,1818,43769000
Europe (excl. EU-27),,1819,43316496
Europe (excl. EU-27),,1820,42567188
Europe (excl. EU-27),,1821,43493436
Europe (excl. EU-27),,1822,45073956
Europe (excl. EU-27),,1823,46676420
Europe (excl. EU-27),,1824,48136788
Europe (excl. EU-27),,1825,49563788
Europe (excl. EU-27),,1826,50101644
Europe (excl. EU-27),,1827,52047628
Europe (excl. EU-27),,1828,52630228
Europe (excl. EU-27),,1829,53253870
Europe (excl. EU-27),,1830,67747010
Europe (excl. EU-27),,1831,64508348
Europe (excl. EU-27),,1832,62571090
Europe (excl. EU-27),,1833,61940200
Europe (excl. EU-27),,1834,65802124
Europe (excl. EU-27),,1835,72212080
Europe (excl. EU-27),,1836,78562870
Europe (excl. EU-27),,1837,75279260
Europe (excl. EU-27),,1838,73637256
Europe (excl. EU-27),,1839,75826470
Europe (excl. EU-27),,1840,80834850
Europe (excl. EU-27),,1841,81389030
Europe (excl. EU-27),,1842,85266410
Europe (excl. EU-27),,1843,88631840
Europe (excl. EU-27),,1844,94021080
Europe (excl. EU-27),,1845,99877350
Europe (excl. EU-27),,1846,95592610
Europe (excl. EU-27),,1847,101925520
Europe (excl. EU-27),,1848,109109920
Europe (excl. EU-27),,1849,117456380
Europe (excl. EU-27),,1850,122585224
Europe (excl. EU-27),,1851,116561400
Europe (excl. EU-27),,1852,116147840
Europe (excl. EU-27),,1853,115522950
Europe (excl. EU-27),,1854,139246780
Europe (excl. EU-27),,1855,130716450
Europe (excl. EU-27),,1856,140385310
Europe (excl. EU-27),,1857,137870060
Europe (excl. EU-27),,1858,135644560
Europe (excl. EU-27),,1859,150663380
Europe (excl. EU-27),,1860,169148900
Europe (excl. EU-27),,1861,176613120
Europe (excl. EU-27),,1862,170892110
Europe (excl. EU-27),,1863,181636780
Europe (excl. EU-27),,1864,195654720
Europe (excl. EU-27),,1865,207327490
Europe (excl. EU-27),,1866,215151630
Europe (excl. EU-27),,1867,221229040
Europe (excl. EU-27),,1868,216701420
Europe (excl. EU-27),,1869,227860690
Europe (excl. EU-27),,1870,233067100
Europe (excl. EU-27),,1871,247916910
Europe (excl. EU-27),,1872,261224880
Europe (excl. EU-27),,1873,270342400
Europe (excl. EU-27),,1874,263797340
Europe (excl. EU-27),,1875,279026530
Europe (excl. EU-27),,1876,279762720
Europe (excl. EU-27),,1877,284662270
Europe (excl. EU-27),,1878,281701700
Europe (excl. EU-27),,1879,283363500
Europe (excl. EU-27),,1880,309781980
Europe (excl. EU-27),,1881,324731870
Europe (excl. EU-27),,1882,328157540
Europe (excl. EU-27),,1883,342654600
Europe (excl. EU-27),,1884,333471500
Europe (excl. EU-27),,1885,330198200
Europe (excl. EU-27),,1886,327585280
Europe (excl. EU-27),,1887,335447800
Europe (excl. EU-27),,1888,348560420
Europe (excl. EU-27),,1889,362286200
Europe (excl. EU-27),,1890,371829980
Europe (excl. EU-27),,1891,380580480
Europe (excl. EU-27),,1892,374194500
Europe (excl. EU-27),,1893,339368220
Europe (excl. EU-27),,1894,387947070
Europe (excl. EU-27),,1895,392586430
Europe (excl. EU-27),,1896,404023200
Europe (excl. EU-27),,1897,418298700
Europe (excl. EU-27),,1898,422374750
Europe (excl. EU-27),,1899,457273180
Europe (excl. EU-27),,1900,467272200
Europe (excl. EU-27),,1901,456460600
Europe (excl. EU-27),,1902,471563940
Europe (excl. EU-27),,1903,476260540
Europe (excl. EU-27),,1904,484276740
Europe (excl. EU-27),,1905,488945380
Europe (excl. EU-27),,1906,511749000
Europe (excl. EU-27),,1907,540801500
Europe (excl. EU-27),,1908,530109060
Europe (excl. EU-27),,1909,537148160
Europe (excl. EU-27),,1910,538496200
Europe (excl. EU-27),,1911,555019200
Europe (excl. EU-27),,1912,540620800
Europe (excl. EU-27),,1913,593366200
Europe (excl. EU-27),,1914,562611500
Europe (excl. EU-27),,1915,561434400
Europe (excl. EU-27),,1916,583553540
Europe (excl. EU-27),,1917,562110850
Europe (excl. EU-27),,1918,484988860
Europe (excl. EU-27),,1919,476555070
Europe (excl. EU-27),,1920,501783940
Europe (excl. EU-27),,1921,347863900
Europe (excl. EU-27),,1922,465360400
Europe (excl. EU-27),,1923,495348480
Europe (excl. EU-27),,1924,522371800
Europe (excl. EU-27),,1925,494594430
Europe (excl. EU-27),,1926,306560030
Europe (excl. EU-27),,1927,541240450
Europe (excl. EU-27),,1928,520852400
Europe (excl. EU-27),,1929,549240900
Europe (excl. EU-27),,1930,540534900
Europe (excl. EU-27),,1931,527568450
Europe (excl. EU-27),,1932,534078660
Europe (excl. EU-27),,1933,549858300
Europe (excl. EU-27),,1934,613607300
Europe (excl. EU-27),,1935,647338500
Europe (excl. EU-27),,1936,704963100
Europe (excl. EU-27),,1937,725502340
Europe (excl. EU-27),,1938,716090500
Europe (excl. EU-27),,1939,730935600
Europe (excl. EU-27),,1940,811426940
Europe (excl. EU-27),,1941,746459200
Europe (excl. EU-27),,1942,589968260
Europe (excl. EU-27),,1943,594218000
Europe (excl. EU-27),,1944,646269700
Europe (excl. EU-27),,1945,677709200
Europe (excl. EU-27),,1946,729940200
Europe (excl. EU-27),,1947,819762600
Europe (excl. EU-27),,1948,844317100
Europe (excl. EU-27),,1949,896591500
Europe (excl. EU-27),,1950,929563200
Europe (excl. EU-27),,1951,1001082100
Europe (excl. EU-27),,1952,1012228200
Europe (excl. EU-27),,1953,1043437630
Europe (excl. EU-27),,1954,1099809000
Europe (excl. EU-27),,1955,1191618200
Europe (excl. EU-27),,1956,1240097000
Europe (excl. EU-27),,1957,1279840800
Europe (excl. EU-27),,1958,1279168800
Europe (excl. EU-27),,1959,1267278800
Europe (excl. EU-27),,1960,1296485200
Europe (excl. EU-27),,1961,1280045800
Europe (excl. EU-27),,1962,1272990000
Europe (excl. EU-27),,1963,1309843000
Europe (excl. EU-27),,1964,1324857200
Europe (excl. EU-27),,1965,1351424300
Europe (excl. EU-27),,1966,1362055000
Europe (excl. EU-27),,1967,1334135700
Europe (excl. EU-27),,1968,1328631700
Europe (excl. EU-27),,1969,1341381100
Europe (excl. EU-27),,1970,1397770800
Europe (excl. EU-27),,1971,1411033700
Europe (excl. EU-27),,1972,1391919700
Europe (excl. EU-27),,1973,1410067300
Europe (excl. EU-27),,1974,1382675600
Europe (excl. EU-27),,1975,1431116700
Europe (excl. EU-27),,1976,1460828500
Europe (excl. EU-27),,1977,1473784300
Europe (excl. EU-27),,1978,1460993000
Europe (excl. EU-27),,1979,1489620600
Europe (excl. EU-27),,1980,1528724400
Europe (excl. EU-27),,1981,1433041900
Europe (excl. EU-27),,1982,1424526500
Europe (excl. EU-27),,1983,1426415400
Europe (excl. EU-27),,1984,1355646500
Europe (excl. EU-27),,1985,1565399600
Europe (excl. EU-27),,1986,1609985300
Europe (excl. EU-27),,1987,1619212500
Europe (excl. EU-27),,1988,1616296100
Europe (excl. EU-27),,1989,1546150500
Europe (excl. EU-27),,1990,1357472300
Europe (excl. EU-27),,1991,1242945900
Europe (excl. EU-27),,1992,1068648500
Europe (excl. EU-27),,1993,1012876100
Europe (excl. EU-27),,1994,887141400
Europe (excl. EU-27),,1995,885785600
Europe (excl. EU-27),,1996,848289660
Europe (excl. EU-27),,1997,775815800
Europe (excl. EU-27),,1998,740581000
Europe (excl. EU-27),,1999,719265100
Europe (excl. EU-27),,2000,754552770
Europe (excl. EU-27),,2001,790523600
Europe (excl. EU-27),,2002,762146240
Europe (excl. EU-27),,2003,775229950
Europe (excl. EU-27),,2004,764377600
Europe (excl. EU-27),,2005,763598300
Europe (excl. EU-27),,2006,817292700
Europe (excl. EU-27),,2007,799702100
Europe (excl. EU-27),,2008,814308100
Europe (excl. EU-27),,2009,733925600
Europe (excl. EU-27),,2010,749450100
Europe (excl. EU-27),,2011,774328100
Europe (excl. EU-27),,2012,821190900
Europe (excl. EU-27),,2013,779683900
Europe (excl. EU-27),,2014,709834100
Europe (excl. EU-27),,2015,690610940
Europe (excl. EU-27),,2016,644755260
Europe (excl. EU-27),,2017,605578500
Europe (excl. EU-27),,2018,619946240
Europe (excl. EU-27),,2019,600431000
Europe (excl. EU-27),,2020,560098500
Europe (excl. EU-27),,2021,565842600
Europe (excl. EU-27),,2022,513488960
Europe (excl. EU-27),,2023,514394080
Europe (excl. EU-27),,2024,504281800
Europe (excl. EU-28),,1829,10992
Europe (excl. EU-28),,1830,22786
Europe (excl. EU-28),,1831,22213
Europe (excl. EU-28),,1832,12367
Europe (excl. EU-28),,1833,15458
Europe (excl. EU-28),,1835,14656
Europe (excl. EU-28),,1836,18320
Europe (excl. EU-28),,1837,25648
Europe (excl. EU-28),,1838,51296
Europe (excl. EU-28),,1839,40304
Europe (excl. EU-28),,1840,43968
Europe (excl. EU-28),,1841,58624
Europe (excl. EU-28),,1842,73280
Europe (excl. EU-28),,1843,62288
Europe (excl. EU-28),,1844,65952
Europe (excl. EU-28),,1845,98928
Europe (excl. EU-28),,1846,98928
Europe (excl. EU-28),,1847,102592
Europe (excl. EU-28),,1848,131904
Europe (excl. EU-28),,1849,106256
Europe (excl. EU-28),,1850,235070
Europe (excl. EU-28),,1851,150224
Europe (excl. EU-28),,1852,150224
Europe (excl. EU-28),,1853,164880
Europe (excl. EU-28),,1854,234496
Europe (excl. EU-28),,1855,547087
Europe (excl. EU-28),,1856,304112
Europe (excl. EU-28),,1857,304112
Europe (excl. EU-28),,1858,822117
Europe (excl. EU-28),,1859,964098
Europe (excl. EU-28),,1860,1198457
Europe (excl. EU-28),,1861,1569189
Europe (excl. EU-28),,1862,1483410
Europe (excl. EU-28),,1863,1499882
Europe (excl. EU-28),,1864,1796143
Europe (excl. EU-28),,1865,1876008
Europe (excl. EU-28),,1866,3497004
Europe (excl. EU-28),,1867,3909871
Europe (excl. EU-28),,1868,3533566
Europe (excl. EU-28),,1869,4221123
Europe (excl. EU-28),,1870,4657012
Europe (excl. EU-28),,1871,5986653
Europe (excl. EU-28),,1872,6313067
Europe (excl. EU-28),,1873,5882194
Europe (excl. EU-28),,1874,6866664
Europe (excl. EU-28),,1875,7773259
Europe (excl. EU-28),,1876,9044426
Europe (excl. EU-28),,1877,9169780
Europe (excl. EU-28),,1878,11089644
Europe (excl. EU-28),,1879,11234552
Europe (excl. EU-28),,1880,13122568
Europe (excl. EU-28),,1881,13126982
Europe (excl. EU-28),,1882,13907250
Europe (excl. EU-28),,1883,15767165
Europe (excl. EU-28),,1884,15007623
Europe (excl. EU-28),,1885,15794034
Europe (excl. EU-28),,1886,16009730
Europe (excl. EU-28),,1887,15932356
Europe (excl. EU-28),,1888,16525078
Europe (excl. EU-28),,1889,18496740
Europe (excl. EU-28),,1890,20067680
Europe (excl. EU-28),,1891,21673344
Europe (excl. EU-28),,1892,22747296
Europe (excl. EU-28),,1893,25015372
Europe (excl. EU-28),,1894,27797860
Europe (excl. EU-28),,1895,29157940
Europe (excl. EU-28),,1896,30317228
Europe (excl. EU-28),,1897,34553324
Europe (excl. EU-28),,1898,38127388
Europe (excl. EU-28),,1899,45597130
Europe (excl. EU-28),,1900,50587444
Europe (excl. EU-28),,1901,48800270
Europe (excl. EU-28),,1902,48338984
Europe (excl. EU-28),,1903,49701330
Europe (excl. EU-28),,1904,55903828
Europe (excl. EU-28),,1905,54867604
Europe (excl. EU-28),,1906,61985664
Europe (excl. EU-28),,1907,70878824
Europe (excl. EU-28),,1908,72262930
Europe (excl. EU-28),,1909,75352230
Europe (excl. EU-28),,1910,72904376
Europe (excl. EU-28),,1911,78050660
Europe (excl. EU-28),,1912,89699620
Europe (excl. EU-28),,1913,100895300
Europe (excl. EU-28),,1914,87178210
Europe (excl. EU-28),,1915,79006510
Europe (excl. EU-28),,1916,81893310
Europe (excl. EU-28),,1917,70849090
Europe (excl. EU-28),,1918,34012750
Europe (excl. EU-28),,1919,28975492
Europe (excl. EU-28),,1920,31033202
Europe (excl. EU-28),,1921,28993320
Europe (excl. EU-28),,1922,38768190
Europe (excl. EU-28),,1923,43141304
Europe (excl. EU-28),,1924,50236096
Europe (excl. EU-28),,1925,49356184
Europe (excl. EU-28),,1926,65025496
Europe (excl. EU-28),,1927,80858824
Europe (excl. EU-28),,1928,89654560
Europe (excl. EU-28),,1929,94527540
Europe (excl. EU-28),,1930,105687680
Europe (excl. EU-28),,1931,121014700
Europe (excl. EU-28),,1932,143313000
Europe (excl. EU-28),,1933,163211070
Europe (excl. EU-28),,1934,196995870
Europe (excl. EU-28),,1935,225055170
Europe (excl. EU-28),,1936,258772200
Europe (excl. EU-28),,1937,265186620
Europe (excl. EU-28),,1938,276289630
Europe (excl. EU-28),,1939,283583200
Europe (excl. EU-28),,1940,340533300
Europe (excl. EU-28),,1941,283366340
Europe (excl. EU-28),,1942,126607800
Europe (excl. EU-28),,1943,144773440
Europe (excl. EU-28),,1944,208718530
Europe (excl. EU-28),,1945,264780050
Europe (excl. EU-28),,1946,302820380
Europe (excl. EU-28),,1947,367841150
Europe (excl. EU-28),,1948,386566270
Europe (excl. EU-28),,1949,433546140
Europe (excl. EU-28),,1950,477202500
Europe (excl. EU-28),,1951,516489180
Europe (excl. EU-28),,1952,543774460
Europe (excl. EU-28),,1953,566128400
Europe (excl. EU-28),,1954,616827900
Europe (excl. EU-28),,1955,692516740
Europe (excl. EU-28),,1956,745789950
Europe (excl. EU-28),,1957,797724350
Europe (excl. EU-28),,1958,820622850
Europe (excl. EU-28),,1959,841962900
Europe (excl. EU-28),,1960,848550300
Europe (excl. EU-28),,1961,837199200
Europe (excl. EU-28),,1962,835688900
Europe (excl. EU-28),,1963,870540160
Europe (excl. EU-28),,1964,898614300
Europe (excl. EU-28),,1965,929151900
Europe (excl. EU-28),,1966,958707300
Europe (excl. EU-28),,1967,965649400
Europe (excl. EU-28),,1968,958323600
Europe (excl. EU-28),,1969,973429600
Europe (excl. EU-28),,1970,1044854200
Europe (excl. EU-28),,1971,1069607550
Europe (excl. EU-28),,1972,1098757800
Europe (excl. EU-28),,1973,1114199300
Europe (excl. EU-28),,1974,1119296300
Europe (excl. EU-28),,1975,1154909700
Europe (excl. EU-28),,1976,1185852700
Europe (excl. EU-28),,1977,1202688600
Europe (excl. EU-28),,1978,1201834800
Europe (excl. EU-28),,1979,1208049500
Europe (excl. EU-28),,1980,1268001500
Europe (excl. EU-28),,1981,1171632000
Europe (excl. EU-28),,1982,1179786100
Europe (excl. EU-28),,1983,1179194400
Europe (excl. EU-28),,1984,1178095700
Europe (excl. EU-28),,1985,1331077200
Europe (excl. EU-28),,1986,1361481300
Europe (excl. EU-28),,1987,1359933300
Europe (excl. EU-28),,1988,1366531300
Europe (excl. EU-28),,1989,1300270200
Europe (excl. EU-28),,1990,1104782600
Europe (excl. EU-28),,1991,989323400
Europe (excl. EU-28),,1992,830901570
Europe (excl. EU-28),,1993,805190300
Europe (excl. EU-28),,1994,691765760
Europe (excl. EU-28),,1995,704086300
Europe (excl. EU-28),,1996,675218200
Europe (excl. EU-28),,1997,621087170
Europe (excl. EU-28),,1998,586493200
Europe (excl. EU-28),,1999,580951700
Europe (excl. EU-28),,2000,610109700
Europe (excl. EU-28),,2001,636989900
Europe (excl. EU-28),,2002,620455200
Europe (excl. EU-28),,2003,622127170
Europe (excl. EU-28),,2004,616715260
Europe (excl. EU-28),,2005,615565600
Europe (excl. EU-28),,2006,656448900
Europe (excl. EU-28),,2007,648858560
Europe (excl. EU-28),,2008,675088960
Europe (excl. EU-28),,2009,620102500
Europe (excl. EU-28),,2010,631419800
Europe (excl. EU-28),,2011,657178500
Europe (excl. EU-28),,2012,673185500
Europe (excl. EU-28),,2013,637227300
Europe (excl. EU-28),,2014,594400500
Europe (excl. EU-28),,2015,599063000
Europe (excl. EU-28),,2016,596930700
Europe (excl. EU-28),,2017,566449660
Europe (excl. EU-28),,2018,586666000
Europe (excl. EU-28),,2019,575918300
Europe (excl. EU-28),,2020,537289100
Europe (excl. EU-28),,2021,542084160
Europe (excl. EU-28),,2022,493509860
Europe (excl. EU-28),,2023,496479780
Europe (excl. EU-28),,2024,487333800
European Union (27),,1792,468992
European Union (27),,1793,479984
European Union (27),,1794,443344
European Union (27),,1795,447008
European Union (27),,1796,534944
European Union (27),,1797,549600
European Union (27),,1798,575248
European Union (27),,1799,626544
European Union (27),,1800,1201792
European Union (27),,1801,978288
European Union (27),,1802,9639984
European Union (27),,1803,996608
European Union (27),,1804,3642016
European Union (27),,1805,1612160
European Union (27),,1806,1458272
European Union (27),,1807,3235312
European Union (27),,1808,1399648
European Union (27),,1809,1403312
European Union (27),,1810,3667664
European Union (27),,1811,3568736
European Union (27),,1812,3583392
European Union (27),,1813,3319584
European Union (27),,1814,3477136
European Union (27),,1815,3960784
European Union (27),,1816,5561952
European Union (27),,1817,6785728
European Union (27),,1818,6837024
European Union (27),,1819,6844352
European Union (27),,1820,7364640
European Union (27),,1821,7731040
European Union (27),,1822,8075456
European Union (27),,1823,8771616
European Union (27),,1824,8423536
European Union (27),,1825,10024704
European Union (27),,1826,9955088
European Union (27),,1827,12234096
European Union (27),,1828,12450272
European Union (27),,1829,11248480
European Union (27),,1830,19141234
European Union (27),,1831,16470278
European Union (27),,1832,16481071
European Union (27),,1833,17763570
European Union (27),,1834,19562096
European Union (27),,1835,20848160
European Union (27),,1836,23577840
European Union (27),,1837,25585712
European Union (27),,1838,27146576
European Union (27),,1839,28271424
European Union (27),,1840,32049008
European Union (27),,1841,34503890
European Union (27),,1842,37138304
European Union (27),,1843,35929184
European Union (27),,1844,38574590
European Union (27),,1845,43916704
European Union (27),,1846,49266144
European Union (27),,1847,53648290
European Union (27),,1848,47573376
European Union (27),,1849,49130576
European Union (27),,1850,54189984
European Union (27),,1851,57297630
European Union (27),,1852,64284880
European Union (27),,1853,71180530
European Union (27),,1854,82319090
European Union (27),,1855,90784960
European Union (27),,1856,96355870
European Union (27),,1857,100408260
European Union (27),,1858,105814810
European Union (27),,1859,103946970
European Union (27),,1860,112600780
European Union (27),,1861,123795590
European Union (27),,1862,134015864
European Union (27),,1863,139413120
European Union (27),,1864,150780750
European Union (27),,1865,163654620
European Union (27),,1866,168057730
European Union (27),,1867,180092260
European Union (27),,1868,188830850
European Union (27),,1869,196755790
European Union (27),,1870,197423460
European Union (27),,1871,210740000
European Union (27),,1872,234218020
European Union (27),,1873,250603150
European Union (27),,1874,219050420
European Union (27),,1875,253517780
European Union (27),,1876,264747100
European Union (27),,1877,258114850
European Union (27),,1878,266717380
European Union (27),,1879,282355870
European Union (27),,1880,326905150
European Union (27),,1881,327639070
European Union (27),,1882,346280700
European Union (27),,1883,369837400
European Union (27),,1884,372949470
European Union (27),,1885,377184800
European Union (27),,1886,379239700
European Union (27),,1887,397154750
European Union (27),,1888,427241500
European Union (27),,1889,450086240
European Union (27),,1890,476921950
European Union (27),,1891,496212830
European Union (27),,1892,488089820
European Union (27),,1893,496190900
European Union (27),,1894,521399680
European Union (27),,1895,536976300
European Union (27),,1896,568582200
European Union (27),,1897,601483000
European Union (27),,1898,627891300
European Union (27),,1899,661528260
European Union (27),,1900,704075460
European Union (27),,1901,701285100
European Union (27),,1902,687657400
European Union (27),,1903,733489660
European Union (27),,1904,746717300
European Union (27),,1905,785208100
European Union (27),,1906,800814460
European Union (27),,1907,913901630
European Union (27),,1908,946200000
European Union (27),,1909,937479200
European Union (27),,1910,956311300
European Union (27),,1911,976061060
European Union (27),,1912,1047394240
European Union (27),,1913,1128301400
European Union (27),,1914,968268900
European Union (27),,1915,888847900
European Union (27),,1916,936274240
European Union (27),,1917,930030300
European Union (27),,1918,875746940
European Union (27),,1919,677369900
European Union (27),,1920,850199100
European Union (27),,1921,883661760
European Union (27),,1922,904572350
European Union (27),,1923,807182900
European Union (27),,1924,980100700
European Union (27),,1925,978431550
European Union (27),,1926,948364900
European Union (27),,1927,1072795900
European Union (27),,1928,1082494700
European Union (27),,1929,1189084900
European Union (27),,1930,1069573800
European Union (27),,1931,956003650
European Union (27),,1932,836326460
European Union (27),,1933,857669300
European Union (27),,1934,917850000
European Union (27),,1935,957184450
European Union (27),,1936,996524900
European Union (27),,1937,1131990800
European Union (27),,1938,1143301800
European Union (27),,1939,1191353200
European Union (27),,1940,1258812700
European Union (27),,1941,1254345700
European Union (27),,1942,1275646000
European Union (27),,1943,1287149700
European Union (27),,1944,1107836800
European Union (27),,1945,457120960
European Union (27),,1946,792089150
European Union (27),,1947,899528450
European Union (27),,1948,974002370
European Union (27),,1949,1072002400
European Union (27),,1950,1126355700
European Union (27),,1951,1248836000
European Union (27),,1952,1285707400
European Union (27),,1953,1289147300
European Union (27),,1954,1346986800
European Union (27),,1955,1433408400
European Union (27),,1956,1511182700
European Union (27),,1957,1539828500
European Union (27),,1958,1482858900
European Union (27),,1959,1466628100
European Union (27),,1960,1549764500
European Union (27),,1961,1583553700
European Union (27),,1962,1635793500
European Union (27),,1963,1694075300
European Union (27),,1964,1698070100
European Union (27),,1965,1631520400
European Union (27),,1966,1584194400
European Union (27),,1967,1548977000
European Union (27),,1968,1568132200
European Union (27),,1969,1613600400
European Union (27),,1970,1530140700
European Union (27),,1971,1485314800
European Union (27),,1972,1444866800
European Union (27),,1973,1457062700
European Union (27),,1974,1477325400
European Union (27),,1975,1436633200
European Union (27),,1976,1519408300
European Union (27),,1977,1496310100
European Union (27),,1978,1526531700
European Union (27),,1979,1588226700
European Union (27),,1980,1636943500
European Union (27),,1981,1596641900
European Union (27),,1982,1615321600
European Union (27),,1983,1617877000
European Union (27),,1984,1685709000
European Union (27),,1985,1736917400
European Union (27),,1986,1705851300
European Union (27),,1987,1711777500
European Union (27),,1988,1676020400
European Union (27),,1989,1664655100
European Union (27),,1990,1640554200
European Union (27),,1991,1549352600
European Union (27),,1992,1446129300
European Union (27),,1993,1382832900
European Union (27),,1994,1363125400
European Union (27),,1995,1345443800
European Union (27),,1996,1344013700
European Union (27),,1997,1294770700
European Union (27),,1998,1239607400
European Union (27),,1999,1179266400
European Union (27),,2000,1207173400
European Union (27),,2001,1203711400
European Union (27),,2002,1209282400
European Union (27),,2003,1241698300
European Union (27),,2004,1237495200
European Union (27),,2005,1200146800
European Union (27),,2006,1218486800
European Union (27),,2007,1238272500
European Union (27),,2008,1150302600
European Union (27),,2009,1014656960
European Union (27),,2010,1068416640
European Union (27),,2011,1084980500
European Union (27),,2012,1087436300
European Union (27),,2013,1057888200
European Union (27),,2014,1018710140
European Union (27),,2015,1014393540
European Union (27),,2016,965603000
European Union (27),,2017,953006850
European Union (27),,2018,903249340
European Union (27),,2019,741368260
European Union (27),,2020,611847940
European Union (27),,2021,694401300
European Union (27),,2022,692657100
European Union (27),,2023,540003400
European Union (27),,2024,470666530
European Union (28),,1750,9305937
European Union (28),,1751,9407229
European Union (28),,1752,9505168
European Union (28),,1753,9610490
European Union (28),,1754,9733580
European Union (28),,1755,9793468
European Union (28),,1756,9909914
European Union (28),,1757,10093936
European Union (28),,1758,10216358
European Union (28),,1759,10338854
European Union (28),,1760,10514331
European Union (28),,1761,10747885
European Union (28),,1762,10952198
European Union (28),,1763,11191592
European Union (28),,1764,11396982
European Union (28),,1765,11643486
European Union (28),,1766,11876080
European Union (28),,1767,12152509
European Union (28),,1768,12466936
European Union (28),,1769,12780074
European Union (28),,1770,13097216
European Union (28),,1771,13369488
European Union (28),,1772,13623507
European Union (28),,1773,13808138
European Union (28),,1774,14012415
European Union (28),,1775,14338920
European Union (28),,1776,14654124
European Union (28),,1777,14959537
European Union (28),,1778,15243483
European Union (28),,1779,15535235
European Union (28),,1780,15878726
European Union (28),,1781,16234383
European Union (28),,1782,16580954
European Union (28),,1783,17062752
European Union (28),,1784,17471092
European Union (28),,1785,17961464
European Union (28),,1786,18443832
European Union (28),,1787,18855466
European Union (28),,1788,19282564
European Union (28),,1789,19859760
European Union (28),,1790,20394430
European Union (28),,1791,20928086
European Union (28),,1792,21925550
European Union (28),,1793,22293598
European Union (28),,1794,22515992
European Union (28),,1795,22311582
European Union (28),,1796,22117712
European Union (28),,1797,22086414
European Union (28),,1798,23102266
European Union (28),,1799,27481544
European Union (28),,1800,32541872
European Union (28),,1801,31714914
European Union (28),,1802,40017350
European Union (28),,1803,29238058
European Union (28),,1804,31432090
European Union (28),,1805,30907166
European Union (28),,1806,32366874
European Union (28),,1807,35818970
European Union (28),,1808,35101290
European Union (28),,1809,35925850
European Union (28),,1810,39069692
European Union (28),,1811,39723810
European Union (28),,1812,40325010
European Union (28),,1813,40679356
European Union (28),,1814,41658940
European Union (28),,1815,42979950
European Union (28),,1816,44827450
European Union (28),,1817,48552070
European Union (28),,1818,50606024
European Union (28),,1819,50160850
European Union (28),,1820,49931828
European Union (28),,1821,51224476
European Union (28),,1822,53149412
European Union (28),,1823,55448036
European Union (28),,1824,56560324
European Union (28),,1825,59588492
European Union (28),,1826,60056732
European Union (28),,1827,64281724
European Union (28),,1828,65080500
European Union (28),,1829,64491360
European Union (28),,1830,86865460
European Union (28),,1831,80956420
European Union (28),,1832,79039790
European Union (28),,1833,79688310
European Union (28),,1834,85364220
European Union (28),,1835,93045580
European Union (28),,1836,102122390
European Union (28),,1837,100839330
European Union (28),,1838,100732536
European Union (28),,1839,104057590
European Union (28),,1840,112839890
European Union (28),,1841,115834296
European Union (28),,1842,122331430
European Union (28),,1843,124498740
European Union (28),,1844,132529720
European Union (28),,1845,143695140
European Union (28),,1846,144759820
European Union (28),,1847,155471220
European Union (28),,1848,156551400
European Union (28),,1849,166480700
European Union (28),,1850,176540130
European Union (28),,1851,173708800
European Union (28),,1852,180282500
European Union (28),,1853,186538600
European Union (28),,1854,221331380
European Union (28),,1855,220954320
European Union (28),,1856,236437070
European Union (28),,1857,237974200
European Union (28),,1858,240637250
European Union (28),,1859,253646240
European Union (28),,1860,280551230
European Union (28),,1861,298839520
European Union (28),,1862,303424580
European Union (28),,1863,319550000
European Union (28),,1864,344639330
European Union (28),,1865,369106100
European Union (28),,1866,379712350
European Union (28),,1867,397411420
European Union (28),,1868,401998720
European Union (28),,1869,420395360
European Union (28),,1870,425833540
European Union (28),,1871,452670270
European Union (28),,1872,489129820
European Union (28),,1873,515063360
European Union (28),,1874,475981100
European Union (28),,1875,524771070
European Union (28),,1876,535465400
European Union (28),,1877,533607330
European Union (28),,1878,537329400
European Union (28),,1879,554484800
European Union (28),,1880,623564540
European Union (28),,1881,639243970
European Union (28),,1882,660530940
European Union (28),,1883,696724860
European Union (28),,1884,691413400
European Union (28),,1885,691589000
European Union (28),,1886,690815200
European Union (28),,1887,716670200
European Union (28),,1888,759276800
European Union (28),,1889,793875700
European Union (28),,1890,828684300
European Union (28),,1891,855120000
European Union (28),,1892,839537000
European Union (28),,1893,810543740
European Union (28),,1894,881548900
European Union (28),,1895,900404740
European Union (28),,1896,942288200
European Union (28),,1897,985228350
European Union (28),,1898,1012138700
European Union (28),,1899,1073204300
European Union (28),,1900,1120760200
European Union (28),,1901,1108945400
European Union (28),,1902,1110882300
European Union (28),,1903,1160048900
European Union (28),,1904,1175090200
European Union (28),,1905,1219285900
European Union (28),,1906,1250577800
European Union (28),,1907,1383824300
European Union (28),,1908,1404046100
European Union (28),,1909,1399275000
European Union (28),,1910,1421903100
European Union (28),,1911,1453029600
European Union (28),,1912,1498315400
European Union (28),,1913,1620772400
European Union (28),,1914,1443702300
European Union (28),,1915,1371275800
European Union (28),,1916,1437934500
European Union (28),,1917,1421292000
European Union (28),,1918,1326723100
European Union (28),,1919,1124949500
European Union (28),,1920,1320949800
European Union (28),,1921,1202532400
European Union (28),,1922,1331164500
European Union (28),,1923,1259390100
European Union (28),,1924,1452236400
European Union (28),,1925,1423669800
European Union (28),,1926,1189899500
European Union (28),,1927,1533177500
European Union (28),,1928,1513692700
European Union (28),,1929,1643798300
European Union (28),,1930,1504421000
European Union (28),,1931,1362557400
European Union (28),,1932,1227092100
European Union (28),,1933,1244316500
European Union (28),,1934,1334461400
European Union (28),,1935,1379467800
European Union (28),,1936,1442715800
European Union (28),,1937,1592306400
European Union (28),,1938,1583102600
European Union (28),,1939,1638705700
European Union (28),,1940,1729706400
European Union (28),,1941,1717438700
European Union (28),,1942,1739006300
European Union (28),,1943,1736594200
European Union (28),,1944,1545388000
European Union (28),,1945,870050100
European Union (28),,1946,1219209000
European Union (28),,1947,1351450000
European Union (28),,1948,1431753200
European Union (28),,1949,1535047700
European Union (28),,1950,1578716400
European Union (28),,1951,1733428900
European Union (28),,1952,1754161200
European Union (28),,1953,1766456600
European Union (28),,1954,1829967900
European Union (28),,1955,1932509800
European Union (28),,1956,2005489800
European Union (28),,1957,2021944800
European Union (28),,1958,1941404800
European Union (28),,1959,1891944100
European Union (28),,1960,1997699500
European Union (28),,1961,2026400300
European Union (28),,1962,2073094700
European Union (28),,1963,2133378000
European Union (28),,1964,2124313100
European Union (28),,1965,2053792800
European Union (28),,1966,1987542100
European Union (28),,1967,1917463300
European Union (28),,1968,1938440300
European Union (28),,1969,1981551700
European Union (28),,1970,1883057200
European Union (28),,1971,1826741000
European Union (28),,1972,1738028700
European Union (28),,1973,1752930700
European Union (28),,1974,1740704800
European Union (28),,1975,1712840200
European Union (28),,1976,1794384100
European Union (28),,1977,1767405800
European Union (28),,1978,1785690100
European Union (28),,1979,1869797800
European Union (28),,1980,1897666400
European Union (28),,1981,1858051800
European Union (28),,1982,1860062000
European Union (28),,1983,1865098000
European Union (28),,1984,1863259800
European Union (28),,1985,1971239600
European Union (28),,1986,1954355200
European Union (28),,1987,1971056900
European Union (28),,1988,1925785100
European Union (28),,1989,1910535600
European Union (28),,1990,1893243900
European Union (28),,1991,1802975000
European Union (28),,1992,1683876200
European Union (28),,1993,1590518800
European Union (28),,1994,1558501100
European Union (28),,1995,1527143200
European Union (28),,1996,1517085200
European Union (28),,1997,1449499400
European Union (28),,1998,1393695200
European Union (28),,1999,1317579800
European Union (28),,2000,1351616500
European Union (28),,2001,1357244900
European Union (28),,2002,1350973400
European Union (28),,2003,1394801200
European Union (28),,2004,1385157500
European Union (28),,2005,1348179500
European Union (28),,2006,1379330600
European Union (28),,2007,1389116000
European Union (28),,2008,1289521700
European Union (28),,2009,1128480100
European Union (28),,2010,1186447100
European Union (28),,2011,1202130000
European Union (28),,2012,1235441800
European Union (28),,2013,1200344800
European Union (28),,2014,1134143700
European Union (28),,2015,1105941500
European Union (28),,2016,1013427600
European Union (28),,2017,992135700
European Union (28),,2018,936529600
European Union (28),,2019,765880960
European Union (28),,2020,634657300
European Union (28),,2021,718159740
European Union (28),,2022,712636160
European Union (28),,2023,557917700
European Union (28),,2024,487614530
Faroe Islands,FRO,1950,32976
Faroe Islands,FRO,1951,25648
Faroe Islands,FRO,1952,18320
Faroe Islands,FRO,1953,18320
Faroe Islands,FRO,1954,21984
Faroe Islands,FRO,1955,21199
Faroe Islands,FRO,1956,14198
Faroe Islands,FRO,1957,7621
Faroe Islands,FRO,1958,3782
Faroe Islands,FRO,1959,3664
Faroe Islands,FRO,1960,3908
Faroe Islands,FRO,1961,7572
Faroe Islands,FRO,1962,3664
Faroe Islands,FRO,1963,10992
Faroe Islands,FRO,1964,7328
Faroe Islands,FRO,1965,7328
Faroe Islands,FRO,1966,7328
Faroe Islands,FRO,1967,3745
Faroe Islands,FRO,1968,3664
Faroe Islands,FRO,1969,3664
Faroe Islands,FRO,1970,3664
Faroe Islands,FRO,1971,3664
Faroe Islands,FRO,1972,3608
Faroe Islands,FRO,1973,0
Faroe Islands,FRO,1974,0
Faroe Islands,FRO,1975,0
Faroe Islands,FRO,1976,0
Faroe Islands,FRO,1977,0
Faroe Islands,FRO,1978,0
Faroe Islands,FRO,1979,0
Faroe Islands,FRO,1980,0
Faroe Islands,FRO,1981,0
Faroe Islands,FRO,1983,0
Faroe Islands,FRO,1984,0
Faroe Islands,FRO,1985,0
Faroe Islands,FRO,1986,0
Faroe Islands,FRO,1987,0
Faroe Islands,FRO,1988,0
Faroe Islands,FRO,1989,0
Fiji,FJI,1950,25648
Fiji,FJI,1951,49910
Fiji,FJI,1952,62288
Fiji,FJI,1953,51296
Fiji,FJI,1954,54960
Fiji,FJI,1955,47632
Fiji,FJI,1956,43154
Fiji,FJI,1957,14989
Fiji,FJI,1958,7328
Fiji,FJI,1959,25648
Fiji,FJI,1960,18320
Fiji,FJI,1961,3745
Fiji,FJI,1962,18320
Fiji,FJI,1963,18320
Fiji,FJI,1964,10992
Fiji,FJI,1965,7328
Fiji,FJI,1966,3706
Fiji,FJI,1967,14809
Fiji,FJI,1968,3664
Fiji,FJI,1969,3633
Fiji,FJI,1970,0
Fiji,FJI,1971,3689
Fiji,FJI,1972,0
Fiji,FJI,1973,0
Fiji,FJI,1974,18320
Fiji,FJI,1975,44228
Fiji,FJI,1976,25648
Fiji,FJI,1977,51296
Fiji,FJI,1978,65952
Fiji,FJI,1979,62288
Fiji,FJI,1980,54960
Fiji,FJI,1981,47632
Fiji,FJI,1982,62288
Fiji,FJI,1983,47632
Fiji,FJI,1984,58624
Fiji,FJI,1985,43968
Fiji,FJI,1986,40304
Fiji,FJI,1987,14656
Fiji,FJI,1988,10992
Fiji,FJI,1989,43968
Fiji,FJI,1990,62288
Fiji,FJI,1991,47632
Fiji,FJI,1992,51296
Fiji,FJI,1993,51296
Fiji,FJI,1994,51555
Fiji,FJI,1995,51296
Fiji,FJI,1996,58624
Fiji,FJI,1997,58624
Fiji,FJI,1998,51549
Fiji,FJI,1999,47632
Fiji,FJI,2000,44165
Fiji,FJI,2001,40304
Fiji,FJI,2002,43968
Fiji,FJI,2003,43968
Fiji,FJI,2004,0
Fiji,FJI,2005,0
Fiji,FJI,2006,0
Fiji,FJI,2007,0
Fiji,FJI,2008,0
Fiji,FJI,2009,0
Fiji,FJI,2010,0
Fiji,FJI,2011,0
Fiji,FJI,2012,0
Fiji,FJI,2013,0
Fiji,FJI,2014,0
Fiji,FJI,2015,0
Fiji,FJI,2016,0
Fiji,FJI,2017,0
Fiji,FJI,2018,0
Finland,FIN,1860,36640
Finland,FIN,1861,73280
Finland,FIN,1862,73280
Finland,FIN,1863,76944
Finland,FIN,1864,47632
Finland,FIN,1865,62288
Finland,FIN,1866,69616
Finland,FIN,1867,62288
Finland,FIN,1868,87936
Finland,FIN,1869,69616
Finland,FIN,1870,87936
Finland,FIN,1871,109920
Finland,FIN,1872,87936
Finland,FIN,1873,80608
Finland,FIN,1874,117457
Finland,FIN,1875,80608
Finland,FIN,1876,87936
Finland,FIN,1877,102936
Finland,FIN,1878,120912
Finland,FIN,1879,69949
Finland,FIN,1880,88329
Finland,FIN,1881,87936
Finland,FIN,1882,109920
Finland,FIN,1883,102592
Finland,FIN,1884,131615
Finland,FIN,1885,201520
Finland,FIN,1886,113584
Finland,FIN,1887,109920
Finland,FIN,1888,98928
Finland,FIN,1889,132555
Finland,FIN,1890,180041
Finland,FIN,1891,190031
Finland,FIN,1892,164316
Finland,FIN,1893,157552
Finland,FIN,1894,190031
Finland,FIN,1895,194812
Finland,FIN,1896,249733
Finland,FIN,1897,468652
Finland,FIN,1898,436016
Finland,FIN,1899,674484
Finland,FIN,1900,542272
Finland,FIN,1901,355408
Finland,FIN,1902,333424
Finland,FIN,1903,443344
Finland,FIN,1904,454336
Finland,FIN,1905,501968.03
Finland,FIN,1906,538608
Finland,FIN,1907,802416
Finland,FIN,1908,1315376
Finland,FIN,1909,1183754
Finland,FIN,1910,959968
Finland,FIN,1911,1212497
Finland,FIN,1912,1377664
Finland,FIN,1913,1553536
Finland,FIN,1914,608224
Finland,FIN,1915,18320
Finland,FIN,1916,80608
Finland,FIN,1917,43968
Finland,FIN,1918,73280
Finland,FIN,1919,113584
Finland,FIN,1920,238160
Finland,FIN,1921,230832
Finland,FIN,1922,644864
Finland,FIN,1923,1392320
Finland,FIN,1924,1641472
Finland,FIN,1925,1623152
Finland,FIN,1926,1505904
Finland,FIN,1927,2744336
Finland,FIN,1928,2854256
Finland,FIN,1929,3103408
Finland,FIN,1930,2429536
Finland,FIN,1931,2832272
Finland,FIN,1932,2810545
Finland,FIN,1933,3033575
Finland,FIN,1934,3707968
Finland,FIN,1935,3239266
Finland,FIN,1936,4590992
Finland,FIN,1937,5936137
Finland,FIN,1938,4741216
Finland,FIN,1939,3793052
Finland,FIN,1940,1857648
Finland,FIN,1941,2839600
Finland,FIN,1942,2429232
Finland,FIN,1943,3531711
Finland,FIN,1944,2484192
Finland,FIN,1945,426252
Finland,FIN,1946,2660064
Finland,FIN,1947,4147647.8
Finland,FIN,1948,6606192
Finland,FIN,1949,3356224
Finland,FIN,1950,4748544
Finland,FIN,1951,6048377
Finland,FIN,1952,6401964
Finland,FIN,1953,4946400
Finland,FIN,1954,5882031
Finland,FIN,1955,6595200
Finland,FIN,1956,6939616
Finland,FIN,1957,6734432
Finland,FIN,1958,5118608
Finland,FIN,1959,7256680
Finland,FIN,1960,7263948
Finland,FIN,1961,6233994
Finland,FIN,1962,6518256
Finland,FIN,1963,6921296
Finland,FIN,1964,8014454
Finland,FIN,1965,7225408
Finland,FIN,1966,6789392
Finland,FIN,1967,6595200
Finland,FIN,1968,7869406
Finland,FIN,1969,9445792
Finland,FIN,1970,8633168
Finland,FIN,1971,7778672
Finland,FIN,1972,8811920
Finland,FIN,1973,9786544
Finland,FIN,1974,9738912
Finland,FIN,1975,8995836
Finland,FIN,1976,12223978
Finland,FIN,1977,11761440
Finland,FIN,1978,15385136
Finland,FIN,1979,16464905
Finland,FIN,1980,20012768
Finland,FIN,1981,17516336
Finland,FIN,1982,12032576
Finland,FIN,1983,12827664
Finland,FIN,1984,15037056
Finland,FIN,1985,19032220
Finland,FIN,1986,16998464
Finland,FIN,1987,20331536
Finland,FIN,1988,19734304
Finland,FIN,1989,19005168
Finland,FIN,1990,22134128
Finland,FIN,1991,21390296
Finland,FIN,1992,20679850
Finland,FIN,1993,23402892
Finland,FIN,1994,27595282
Finland,FIN,1995,24659158
Finland,FIN,1996,29759286
Finland,FIN,1997,28499460
Finland,FIN,1998,23719708
Finland,FIN,1999,23038122
Finland,FIN,2000,21987416
Finland,FIN,2001,26126708
Finland,FIN,2002,28307330
Finland,FIN,2003,35016580
Finland,FIN,2004,31640808
Finland,FIN,2005,21039180
Finland,FIN,2006,31584712
Finland,FIN,2007,30348240
Finland,FIN,2008,23674792
Finland,FIN,2009,22899036
Finland,FIN,2010,29144404
Finland,FIN,2011,24081952
Finland,FIN,2012,19595120
Finland,FIN,2013,21359238
Finland,FIN,2014,19325842
Finland,FIN,2015,16842662
Finland,FIN,2016,18659624
Finland,FIN,2017,17088002
Finland,FIN,2018,17923882
Finland,FIN,2019,15257055
Finland,FIN,2020,11852656
Finland,FIN,2021,12711155
Finland,FIN,2022,12579021
Finland,FIN,2023,9391269
Finland,FIN,2024,7784067
France,FRA,1802,2238704
France,FRA,1804,2176416
France,FRA,1810,2121456
France,FRA,1811,2051840.1
France,FRA,1812,2216720
France,FRA,1813,2048176
France,FRA,1814,2092144
France,FRA,1815,2341296
France,FRA,1816,2498848
France,FRA,1817,2660064
France,FRA,1818,2381600
France,FRA,1819,2557472
France,FRA,1820,2901888
France,FRA,1821,3011808
France,FRA,1822,3169360
France,FRA,1823,3169360
France,FRA,1824,3517440
France,FRA,1825,3957120
France,FRA,1826,4089024
France,FRA,1827,5910032
France,FRA,1828,6243456
France,FRA,1829,6074912
France,FRA,1830,6551232
France,FRA,1831,6052928
France,FRA,1832,6679472
France,FRA,1833,7247392
France,FRA,1834,8921840
France,FRA,1835,9258928
France,FRA,1836,10636592
France,FRA,1837,11351072
France,FRA,1838,11867696
France,FRA,1839,11570912
France,FRA,1840,11798080
France,FRA,1841,13820608
France,FRA,1842,14527760
France,FRA,1843,14549744
France,FRA,1844,15260560
France,FRA,1845,17836352
France,FRA,1846,18528848
France,FRA,1847,20840832
France,FRA,1848,16689520
France,FRA,1849,17385680
France,FRA,1850,19617056
France,FRA,1851,20038416
France,FRA,1852,21569968
France,FRA,1853,25340224
France,FRA,1854,29213072
France,FRA,1855,33034622
France,FRA,1856,34591824
France,FRA,1857,35236690
France,FRA,1858,34547856
France,FRA,1859,34943572
France,FRA,1860,38083620
France,FRA,1861,41194350
France,FRA,1862,43477024
France,FRA,1863,44136544
France,FRA,1864,46774624
France,FRA,1865,49244160
France,FRA,1866,53498064
France,FRA,1867,54212544
France,FRA,1868,55465628
France,FRA,1869,56876270
France,FRA,1870,50471600
France,FRA,1871,50196800
France,FRA,1872,60855376
France,FRA,1873,65776132
France,FRA,1874,62566464
France,FRA,1875,65167908
France,FRA,1876,65252170
France,FRA,1877,63804890
France,FRA,1878,65068984
France,FRA,1879,67315010
France,FRA,1880,75932740
France,FRA,1881,77739090
France,FRA,1882,82033300
France,FRA,1883,86012400
France,FRA,1884,82560900
France,FRA,1885,79208350
France,FRA,1886,78534180
France,FRA,1887,82736810
France,FRA,1888,86085680
France,FRA,1889,88214460
France,FRA,1890,97220580
France,FRA,1891,97370800
France,FRA,1892,97491710
France,FRA,1893,95685360
France,FRA,1894,101239980
France,FRA,1895,102068070
France,FRA,1896,105545180
France,FRA,1897,110447620
France,FRA,1898,114155580
France,FRA,1899,119472050
France,FRA,1900,128540450
France,FRA,1901,124297540
France,FRA,1902,117017190
France,FRA,1903,128789600
France,FRA,1904,125554290
France,FRA,1905,126983250
France,FRA,1906,136139580
France,FRA,1907,145182340
France,FRA,1908,146314510
France,FRA,1909,149711040
France,FRA,1910,150245970
France,FRA,1911,156555400
France,FRA,1912,158240830
France,FRA,1913,170841330
France,FRA,1914,118350860
France,FRA,1915,103233200
France,FRA,1916,109689170
France,FRA,1917,121604500
France,FRA,1918,108289520
France,FRA,1919,115994904
France,FRA,1920,151517390
France,FRA,1921,137616160
France,FRA,1922,162351840
France,FRA,1923,182441550
France,FRA,1924,203341010
France,FRA,1925,200017760
France,FRA,1926,207389820
France,FRA,1927,212849090
France,FRA,1928,209152110
France,FRA,1929,230930930
France,FRA,1930,233851140
France,FRA,1931,213706460
France,FRA,1932,186479400
France,FRA,1933,189117360
France,FRA,1934,188201360
France,FRA,1935,178451760
France,FRA,1936,178814540
France,FRA,1937,198585140
France,FRA,1938,182239660
France,FRA,1939,177059140
France,FRA,1940,127349650
France,FRA,1941,118244610
France,FRA,1942,121080540
France,FRA,1943,123517050
France,FRA,1944,78959200
France,FRA,1945,105332670
France,FRA,1946,156790060
France,FRA,1947,167953780
France,FRA,1948,172618820
France,FRA,1949,195774850
France,FRA,1950,166873220
France,FRA,1951,186999570
France,FRA,1952,181858980
France,FRA,1953,166661540
France,FRA,1954,172171360
France,FRA,1955,179426080
France,FRA,1956,201747170
France,FRA,1957,207520700
France,FRA,1958,190878700
France,FRA,1959,180371400
France,FRA,1960,199344820
France,FRA,1961,206163710
France,FRA,1962,209840340
France,FRA,1963,201293600
France,FRA,1964,204971280
France,FRA,1965,185318140
France,FRA,1966,181723020
France,FRA,1967,177572500
France,FRA,1968,170267680
France,FRA,1969,168231000
France,FRA,1970,154338290
France,FRA,1971,143068540
France,FRA,1972,126680536
France,FRA,1973,121283576
France,FRA,1974,121755510
France,FRA,1975,110557464
France,FRA,1976,124703250
France,FRA,1977,123966936
France,FRA,1978,120401064
France,FRA,1979,126314400
France,FRA,1980,127276824
France,FRA,1981,111923390
France,FRA,1982,114801330
France,FRA,1983,101495144
France,FRA,1984,99746730
France,FRA,1985,96849490
France,FRA,1986,79296060
France,FRA,1987,74143770
France,FRA,1988,76145690
France,FRA,1989,80149576
France,FRA,1990,80690150
France,FRA,1991,86241110
France,FRA,1992,78038350
France,FRA,1993,63127100
France,FRA,1994,61808844
France,FRA,1995,62976732
France,FRA,1996,65332696
France,FRA,1997,61290096
France,FRA,1998,71294310
France,FRA,1999,66409550
France,FRA,2000,65750190
France,FRA,2001,56100496
France,FRA,2002,58586450
France,FRA,2003,59197724
France,FRA,2004,58224730
France,FRA,2005,62031744
France,FRA,2006,59483736
France,FRA,2007,61348748
France,FRA,2008,56167196
France,FRA,2009,45161188
France,FRA,2010,49071050
France,FRA,2011,42169148
France,FRA,2012,46930572
France,FRA,2013,49663508
France,FRA,2014,39547624
France,FRA,2015,38024490
France,FRA,2016,36015630
France,FRA,2017,39996504
France,FRA,2018,35126244
France,FRA,2019,29426038
France,FRA,2020,23854494
France,FRA,2021,30471730
France,FRA,2022,26198966
France,FRA,2023,19542222
France,FRA,2024,19469372
Gabon,GAB,1950,1924
Gabon,GAB,1951,821
Gabon,GAB,1952,2739
Gabon,GAB,1953,1218
Gabon,GAB,1954,417
Gabon,GAB,1955,835
Gabon,GAB,1956,0
Gabon,GAB,1957,0
Gabon,GAB,1958,0
Georgia,GEO,1830,68
Georgia,GEO,1831,81
Georgia,GEO,1832,54
Georgia,GEO,1833,68
Georgia,GEO,1850,419
Georgia,GEO,1855,1271
Georgia,GEO,1858,1785
Georgia,GEO,1859,1893
Georgia,GEO,1860,2315
Georgia,GEO,1861,2989
Georgia,GEO,1862,2678
Georgia,GEO,1863,2697
Georgia,GEO,1864,2949
Georgia,GEO,1865,2750
Georgia,GEO,1866,9598
Georgia,GEO,1867,10855
Georgia,GEO,1868,8302
Georgia,GEO,1869,11775
Georgia,GEO,1870,12888
Georgia,GEO,1871,18099
Georgia,GEO,1872,18491
Georgia,GEO,1873,15845.001
Georgia,GEO,1874,18390
Georgia,GEO,1875,19669
Georgia,GEO,1876,22531
Georgia,GEO,1877,20263
Georgia,GEO,1878,27415
Georgia,GEO,1879,25816
Georgia,GEO,1880,30780
Georgia,GEO,1881,28197
Georgia,GEO,1882,29186
Georgia,GEO,1883,33811
Georgia,GEO,1884,26986
Georgia,GEO,1885,25930
Georgia,GEO,1886,26305
Georgia,GEO,1887,23458
Georgia,GEO,1888,23509
Georgia,GEO,1889,27518
Georgia,GEO,1890,28855
Georgia,GEO,1891,28151
Georgia,GEO,1892,30447
Georgia,GEO,1893,35326
Georgia,GEO,1894,40617
Georgia,GEO,1895,38080
Georgia,GEO,1896,39992
Georgia,GEO,1897,47110
Georgia,GEO,1898,52394
Georgia,GEO,1899,66891
Georgia,GEO,1900,73230
Georgia,GEO,1901,67356
Georgia,GEO,1902,66912
Georgia,GEO,1903,72037
Georgia,GEO,1904,86162
Georgia,GEO,1905,93347
Georgia,GEO,1906,106701
Georgia,GEO,1907,125908
Georgia,GEO,1908,127213
Georgia,GEO,1909,132721
Georgia,GEO,1910,124028
Georgia,GEO,1911,139399
Georgia,GEO,1912,172241
Georgia,GEO,1913,203328
Georgia,GEO,1914,165162
Georgia,GEO,1915,130860
Georgia,GEO,1916,139067
Georgia,GEO,1917,132214
Georgia,GEO,1918,50027
Georgia,GEO,1919,29488
Georgia,GEO,1920,28158
Georgia,GEO,1921,34462
Georgia,GEO,1922,41865
Georgia,GEO,1923,45513
Georgia,GEO,1924,61984
Georgia,GEO,1925,55955
Georgia,GEO,1926,98427
Georgia,GEO,1927,126432
Georgia,GEO,1928,150958
Georgia,GEO,1929,145188
Georgia,GEO,1930,146358
Georgia,GEO,1931,173718
Georgia,GEO,1932,235625
Georgia,GEO,1933,291064
Georgia,GEO,1934,370870
Georgia,GEO,1935,442976
Georgia,GEO,1936,524895
Georgia,GEO,1937,528096
Georgia,GEO,1938,556678
Georgia,GEO,1939,566419
Georgia,GEO,1940,752577
Georgia,GEO,1941,621556
Georgia,GEO,1942,196709
Georgia,GEO,1943,248787
Georgia,GEO,1944,386217
Georgia,GEO,1945,648644
Georgia,GEO,1946,715312
Georgia,GEO,1947,853721
Georgia,GEO,1948,878452
Georgia,GEO,1949,989569
Georgia,GEO,1950,1084037
Georgia,GEO,1951,1175241
Georgia,GEO,1952,1222545
Georgia,GEO,1953,1255411
Georgia,GEO,1954,1353112
Georgia,GEO,1955,1497214
Georgia,GEO,1956,1548196
Georgia,GEO,1957,1581934
Georgia,GEO,1958,1539140
Georgia,GEO,1959,1503719
Georgia,GEO,1960,1426606
Georgia,GEO,1961,1313782
Georgia,GEO,1962,1225257
Georgia,GEO,1963,1221369
Georgia,GEO,1964,1210247
Georgia,GEO,1965,1216576
Georgia,GEO,1966,1232683
Georgia,GEO,1967,1206600
Georgia,GEO,1968,1159188
Georgia,GEO,1969,1154241
Georgia,GEO,1970,1263393
Georgia,GEO,1971,1249032
Georgia,GEO,1972,1273946
Georgia,GEO,1973,1265082
Georgia,GEO,1974,1243660
Georgia,GEO,1975,1263048
Georgia,GEO,1976,1280283
Georgia,GEO,1977,1284682
Georgia,GEO,1978,1254707
Georgia,GEO,1979,1244355
Georgia,GEO,1980,1317813
Georgia,GEO,1981,1144139
Georgia,GEO,1982,1150865
Georgia,GEO,1983,1123847
Georgia,GEO,1984,1098155
Georgia,GEO,1985,1270411
Georgia,GEO,1986,1306422
Georgia,GEO,1987,1310044
Georgia,GEO,1988,1325483
Georgia,GEO,1989,1259994
Georgia,GEO,1990,1061651
Georgia,GEO,1991,947293
Georgia,GEO,1992,967296
Georgia,GEO,1993,637536
Georgia,GEO,1994,337088
Georgia,GEO,1995,157552
Georgia,GEO,1996,161070
Georgia,GEO,1997,29288
Georgia,GEO,1998,77002
Georgia,GEO,1999,62288
Georgia,GEO,2000,58624
Georgia,GEO,2001,55014
Georgia,GEO,2002,54960
Georgia,GEO,2003,113584
Georgia,GEO,2004,172208
Georgia,GEO,2005,179536
Georgia,GEO,2006,179536
Georgia,GEO,2007,337088
Georgia,GEO,2008,454336
Georgia,GEO,2009,509596
Georgia,GEO,2010,798752
Georgia,GEO,2011,1058896
Georgia,GEO,2012,1176662
Georgia,GEO,2013,1206003
Georgia,GEO,2014,1161488
Georgia,GEO,2015,1080880
Georgia,GEO,2016,1033247.94
Georgia,GEO,2017,1157824
Georgia,GEO,2018,1209120
Georgia,GEO,2019,974948
Georgia,GEO,2020,861040
Georgia,GEO,2021,861040
Georgia,GEO,2022,901613
Georgia,GEO,2023,853983
Georgia,GEO,2024,823117
Germany,DEU,1792,468992
Germany,DEU,1793,479984
Germany,DEU,1794,443344
Germany,DEU,1795,447008
Germany,DEU,1796,534944
Germany,DEU,1797,549600
Germany,DEU,1798,575248
Germany,DEU,1799,626544
Germany,DEU,1800,795088
Germany,DEU,1801,534944
Germany,DEU,1802,553264
Germany,DEU,1803,534944
Germany,DEU,1804,1007599.94
Germany,DEU,1805,1040576
Germany,DEU,1806,937984
Germany,DEU,1807,2689376
Germany,DEU,1808,897680
Germany,DEU,1809,930656
Germany,DEU,1810,978288
Germany,DEU,1811,926992
Germany,DEU,1812,912336
Germany,DEU,1813,890352
Germany,DEU,1814,883024
Germany,DEU,1815,1029584.06
Germany,DEU,1816,2385264
Germany,DEU,1817,3381872
Germany,DEU,1818,3532096
Germany,DEU,1819,3275616
Germany,DEU,1820,3381872
Germany,DEU,1821,3532096
Germany,DEU,1822,3631024
Germany,DEU,1823,4034063.8
Germany,DEU,1824,3231648
Germany,DEU,1825,4338176
Germany,DEU,1826,4187952
Germany,DEU,1827,4539696
Germany,DEU,1828,4539696
Germany,DEU,1829,3631024
Germany,DEU,1830,4792512
Germany,DEU,1831,4590992
Germany,DEU,1832,3447824
Germany,DEU,1833,4378480
Germany,DEU,1834,4411456
Germany,DEU,1835,4931744
Germany,DEU,1836,5191888
Germany,DEU,1837,5950336
Germany,DEU,1838,6631840
Germany,DEU,1839,7020224
Germany,DEU,1840,9174656
Germany,DEU,1841,9548384
Germany,DEU,1842,10882080
Germany,DEU,1843,10299504
Germany,DEU,1844,10882080
Germany,DEU,1845,12611488
Germany,DEU,1846,13186736
Germany,DEU,1847,13838928
Germany,DEU,1848,12827664
Germany,DEU,1849,13622752
Germany,DEU,1850,15139648
Germany,DEU,1851,16869056
Germany,DEU,1852,19173712
Germany,DEU,1853,20760224
Germany,DEU,1854,24365600
Germany,DEU,1855,28615840
Germany,DEU,1856,30924160
Germany,DEU,1857,32939362
Germany,DEU,1858,35610416
Germany,DEU,1859,33807730
Germany,DEU,1860,36394510
Germany,DEU,1861,41329920
Germany,DEU,1862,45539856
Germany,DEU,1863,49383390
Germany,DEU,1864,56641776
Germany,DEU,1865,63431170
Germany,DEU,1866,62804624
Germany,DEU,1867,68967470
Germany,DEU,1868,74148370
Germany,DEU,1869,77314060
Germany,DEU,1870,76346750
Germany,DEU,1871,84964500
Germany,DEU,1872,91724590
Germany,DEU,1873,97832460
Germany,DEU,1874,71114580
Germany,DEU,1875,100899230
Germany,DEU,1876,102786170
Germany,DEU,1877,100532830
Germany,DEU,1878,103771810
Germany,DEU,1879,110066560
Germany,DEU,1880,123846860
Germany,DEU,1881,133358616
Germany,DEU,1882,142588220
Germany,DEU,1883,151946080
Germany,DEU,1884,156086400
Germany,DEU,1885,159684480
Germany,DEU,1886,161659340
Germany,DEU,1887,168796820
Germany,DEU,1888,184581330
Germany,DEU,1889,196899660
Germany,DEU,1890,206202600
Germany,DEU,1891,218718860
Germany,DEU,1892,212665920
Germany,DEU,1893,218323100
Germany,DEU,1894,227039710
Germany,DEU,1895,235745390
Germany,DEU,1896,253578160
Germany,DEU,1897,270736640
Germany,DEU,1898,282520030
Germany,DEU,1899,300407650
Germany,DEU,1900,323729060
Germany,DEU,1901,322578560
Germany,DEU,1902,316155550
Germany,DEU,1903,340400200
Germany,DEU,1904,352839580
Germany,DEU,1905,379139740
Germany,DEU,1906,358709280
Germany,DEU,1907,438723680
Germany,DEU,1908,442981250
Germany,DEU,1909,442134900
Germany,DEU,1910,441827100
Germany,DEU,1911,455138430
Germany,DEU,1912,495277540
Germany,DEU,1913,531540160
Germany,DEU,1914,497589500
Germany,DEU,1915,462602000
Germany,DEU,1916,500410780
Germany,DEU,1917,524300060
Germany,DEU,1918,503305340
Germany,DEU,1919,387314100
Germany,DEU,1920,429102000
Germany,DEU,1921,473062720
Germany,DEU,1922,455332600
Germany,DEU,1923,331771550
Germany,DEU,1924,451613630
Germany,DEU,1925,457824130
Germany,DEU,1926,412943780
Germany,DEU,1927,481185800
Germany,DEU,1928,501198560
Germany,DEU,1929,535673150
Germany,DEU,1930,459289730
Germany,DEU,1931,384067800
Germany,DEU,1932,346057470
Germany,DEU,1933,363036450
Germany,DEU,1934,405088160
Germany,DEU,1935,446641600
Germany,DEU,1936,492445300
Germany,DEU,1937,555858100
Germany,DEU,1938,591659100
Germany,DEU,1939,639397300
Germany,DEU,1940,645746940
Germany,DEU,1941,652393500
Germany,DEU,1942,661989570
Germany,DEU,1943,672747000
Germany,DEU,1944,597928200
Germany,DEU,1945,114258180
Germany,DEU,1946,268241460
Germany,DEU,1947,314253950
Germany,DEU,1948,364809820
Germany,DEU,1949,421371000
Germany,DEU,1950,496717500
Germany,DEU,1951,558540000
Germany,DEU,1952,590138600
Germany,DEU,1953,596946050
Germany,DEU,1954,625235800
Germany,DEU,1955,682027970
Germany,DEU,1956,714879170
Germany,DEU,1957,719928640
Germany,DEU,1958,688469250
Germany,DEU,1959,670343040
Germany,DEU,1960,706866240
Germany,DEU,1961,711308000
Germany,DEU,1962,731686800
Germany,DEU,1963,761430460
Germany,DEU,1964,755330000
Germany,DEU,1965,716655500
Germany,DEU,1966,679835840
Germany,DEU,1967,653652860
Germany,DEU,1968,659416200
Germany,DEU,1969,685983800
Germany,DEU,1970,603013800
Germany,DEU,1971,587974660
Germany,DEU,1972,553452540
Germany,DEU,1973,561788350
Germany,DEU,1974,565629760
Germany,DEU,1975,515817920
Germany,DEU,1976,555940600
Germany,DEU,1977,516552480
Germany,DEU,1978,523675300
Germany,DEU,1979,549030200
Germany,DEU,1980,551010600
Germany,DEU,1981,557587500
Germany,DEU,1982,550581700
Germany,DEU,1983,553568100
Germany,DEU,1984,572104300
Germany,DEU,1985,579173760
Germany,DEU,1986,573523900
Germany,DEU,1987,560048060
Germany,DEU,1988,552538500
Germany,DEU,1989,546553200
Germany,DEU,1990,569116700
Germany,DEU,1991,504042600
Germany,DEU,1992,454310530
Germany,DEU,1993,430776160
Germany,DEU,1994,418185020
Germany,DEU,1995,406046200
Germany,DEU,1996,400612700
Germany,DEU,1997,386864450
Germany,DEU,1998,377479900
Germany,DEU,1999,360052200
Germany,DEU,2000,373460540
Germany,DEU,2001,376520320
Germany,DEU,2002,375786100
Germany,DEU,2003,378305280
Germany,DEU,2004,374907840
Germany,DEU,2005,361974620
Germany,DEU,2006,367652960
Germany,DEU,2007,376715140
Germany,DEU,2008,353581340
Germany,DEU,2009,316279900
Germany,DEU,2010,341311230
Germany,DEU,2011,339624480
Germany,DEU,2012,350039300
Germany,DEU,2013,357253860
Germany,DEU,2014,344722460
Germany,DEU,2015,341117470
Germany,DEU,2016,329435650
Germany,DEU,2017,312692320
Germany,DEU,2018,296870620
Germany,DEU,2019,240113970
Germany,DEU,2020,198530190
Germany,DEU,2021,232138600
Germany,DEU,2022,239427550
Germany,DEU,2023,186156670
Germany,DEU,2024,162639400
Ghana,GHA,1950,168544
Ghana,GHA,1951,339332
Ghana,GHA,1952,300448
Ghana,GHA,1953,326096
Ghana,GHA,1954,333424
Ghana,GHA,1955,296784
Ghana,GHA,1956,282128
Ghana,GHA,1957,264557
Ghana,GHA,1958,263808
Ghana,GHA,1959,222887
Ghana,GHA,1960,164880
Ghana,GHA,1961,153888
Ghana,GHA,1962,91366
Ghana,GHA,1963,113584
Ghana,GHA,1964,120644
Ghana,GHA,1965,73280
Ghana,GHA,1966,142896
Ghana,GHA,1967,80411
Ghana,GHA,1968,62288
Ghana,GHA,1969,51185
Ghana,GHA,1970,84272
Ghana,GHA,1971,14656
Ghana,GHA,1972,14656
Ghana,GHA,1973,29312
Ghana,GHA,1974,7328
Ghana,GHA,1975,14656
Ghana,GHA,1976,29312
Ghana,GHA,1977,3668
Ghana,GHA,1978,3669
Ghana,GHA,1979,3664
Ghana,GHA,1980,3669
Ghana,GHA,1981,3668
Ghana,GHA,1982,3664
Ghana,GHA,1983,3668
Ghana,GHA,1984,3669
Ghana,GHA,1985,3664
Ghana,GHA,1986,3664
Ghana,GHA,1987,7328
Ghana,GHA,1988,7328
Ghana,GHA,1989,7328
Ghana,GHA,1990,7328
Ghana,GHA,1991,7334
Ghana,GHA,1992,7328
Ghana,GHA,1993,7328
Ghana,GHA,1994,7328
Ghana,GHA,1995,7328
Ghana,GHA,1996,7328
Ghana,GHA,1997,7328
Greece,GRC,1867,168544
Greece,GRC,1868,84272
Greece,GRC,1869,194192
Greece,GRC,1870,201520
Greece,GRC,1871,296784
Greece,GRC,1872,175872
Greece,GRC,1873,194192
Greece,GRC,1874,150224
Greece,GRC,1875,164880
Greece,GRC,1879,3664
Greece,GRC,1883,3664
Greece,GRC,1888,3664
Greece,GRC,1892,370064
Greece,GRC,1893,326096
Greece,GRC,1894,333424
Greece,GRC,1895,311440
Greece,GRC,1896,373728
Greece,GRC,1897,362736
Greece,GRC,1898,461664
Greece,GRC,1899,241824
Greece,GRC,1900,417696
Greece,GRC,1901,417696
Greece,GRC,1902,333424
Greece,GRC,1903,399376
Greece,GRC,1904,355408
Greece,GRC,1905,278464
Greece,GRC,1906,260144
Greece,GRC,1907,428688
Greece,GRC,1908,729136
Greece,GRC,1909,560592
Greece,GRC,1910,718144
Greece,GRC,1911,905008
Greece,GRC,1913,1337360
Greece,GRC,1914,10992
Greece,GRC,1915,21984
Greece,GRC,1916,65952
Greece,GRC,1917,91600
Greece,GRC,1918,124576
Greece,GRC,1919,106256
Greece,GRC,1920,677840
Greece,GRC,1921,743792
Greece,GRC,1922,677840
Greece,GRC,1923,919664
Greece,GRC,1924,1297056
Greece,GRC,1925,1751812
Greece,GRC,1926,1549872
Greece,GRC,1927,1975434
Greece,GRC,1928,1912608
Greece,GRC,1929,2172752
Greece,GRC,1930,2270931
Greece,GRC,1931,2125120
Greece,GRC,1932,2026192
Greece,GRC,1933,1640420
Greece,GRC,1934,2066495.9
Greece,GRC,1935,2028744
Greece,GRC,1936,2366944
Greece,GRC,1937,2451216
Greece,GRC,1938,2440743
Greece,GRC,1939,80608
Greece,GRC,1940,142896
Greece,GRC,1941,102592
Greece,GRC,1942,212272
Greece,GRC,1943,212512
Greece,GRC,1944,109920
Greece,GRC,1945,40304
Greece,GRC,1946,73280
Greece,GRC,1947,76944
Greece,GRC,1948,727165
Greece,GRC,1949,872032
Greece,GRC,1950,912336
Greece,GRC,1951,1131270
Greece,GRC,1952,970219
Greece,GRC,1953,1147692
Greece,GRC,1954,1348352
Greece,GRC,1955,1498576
Greece,GRC,1956,1492117
Greece,GRC,1957,1766048
Greece,GRC,1958,1864976
Greece,GRC,1959,2209392
Greece,GRC,1960,3119280
Greece,GRC,1961,3282944
Greece,GRC,1962,3297600
Greece,GRC,1963,4371152
Greece,GRC,1964,4935408
Greece,GRC,1965,6375360
Greece,GRC,1966,6305744
Greece,GRC,1967,6313072
Greece,GRC,1968,6653824
Greece,GRC,1969,7994848
Greece,GRC,1970,5701184
Greece,GRC,1971,6690464
Greece,GRC,1972,6965264
Greece,GRC,1973,8493152
Greece,GRC,1974,8990546
Greece,GRC,1975,11353665
Greece,GRC,1976,13402912
Greece,GRC,1977,13791296
Greece,GRC,1978,11929984
Greece,GRC,1979,13545808
Greece,GRC,1980,12831328
Greece,GRC,1981,14274944
Greece,GRC,1982,15553680
Greece,GRC,1983,19166384
Greece,GRC,1984,20607660
Greece,GRC,1985,23746384
Greece,GRC,1986,24349434
Greece,GRC,1987,26531024
Greece,GRC,1988,29094256
Greece,GRC,1989,31407808
Greece,GRC,1990,39787144
Greece,GRC,1991,38403516
Greece,GRC,1992,40495060
Greece,GRC,1993,40163876
Greece,GRC,1994,42133524
Greece,GRC,1995,40427136
Greece,GRC,1996,39230052
Greece,GRC,1997,42628760
Greece,GRC,1998,44556200
Greece,GRC,1999,43083830
Greece,GRC,2000,45851400
Greece,GRC,2001,47019612
Greece,GRC,2002,45544284
Greece,GRC,2003,45615892
Greece,GRC,2004,47093908
Greece,GRC,2005,46604024
Greece,GRC,2006,42793820
Greece,GRC,2007,45192548
Greece,GRC,2008,43285276
Greece,GRC,2009,42242936
Greece,GRC,2010,41259850
Greece,GRC,2011,42079610
Greece,GRC,2012,43256950
Greece,GRC,2013,37290716
Greece,GRC,2014,35227164
Greece,GRC,2015,29948858
Greece,GRC,2016,23593530
Greece,GRC,2017,26019318
Greece,GRC,2018,24851030
Greece,GRC,2019,17878836
Greece,GRC,2020,10147111
Greece,GRC,2021,9259128
Greece,GRC,2022,8767123
Greece,GRC,2023,6531175
Greece,GRC,2024,4823211
Greenland,GRL,1950,80608
Greenland,GRL,1951,73280
Greenland,GRL,1952,80608
Greenland,GRL,1953,80608
Greenland,GRL,1954,73280
Greenland,GRL,1955,87936
Greenland,GRL,1956,73280
Greenland,GRL,1957,78817
Greenland,GRL,1958,109920
Greenland,GRL,1959,91600
Greenland,GRL,1960,120912
Greenland,GRL,1961,119419
Greenland,GRL,1962,108414
Greenland,GRL,1963,142896
Greenland,GRL,1964,91600
Greenland,GRL,1965,76944
Greenland,GRL,1966,106256
Greenland,GRL,1967,121982
Greenland,GRL,1968,102592
Greenland,GRL,1969,79888
Greenland,GRL,1970,76944
Greenland,GRL,1971,72712
Greenland,GRL,1972,18320
Greenland,GRL,1973,40304
Greenland,GRL,1974,21840
Greenland,GRL,1975,0
Greenland,GRL,1976,10992
Greenland,GRL,1977,0
Greenland,GRL,1978,7328
Greenland,GRL,1979,7328
Greenland,GRL,1980,3688
Greenland,GRL,1981,3690
Greenland,GRL,1982,3664
Greenland,GRL,1983,3664
Greenland,GRL,1984,3664
Greenland,GRL,1985,0
Greenland,GRL,1986,0
Greenland,GRL,1987,0
Greenland,GRL,1988,0
Guatemala,GTM,1870,0
Guatemala,GTM,1871,0
Guatemala,GTM,1872,0
Guatemala,GTM,1873,0
Guatemala,GTM,1874,3
Guatemala,GTM,1875,0
Guatemala,GTM,1876,0
Guatemala,GTM,1877,5
Guatemala,GTM,1878,23
Guatemala,GTM,1879,38
Guatemala,GTM,1880,23
Guatemala,GTM,1881,5
Guatemala,GTM,1882,3
Guatemala,GTM,1883,28
Guatemala,GTM,1884,74
Guatemala,GTM,1885,49
Guatemala,GTM,1886,103
Guatemala,GTM,1887,97
Guatemala,GTM,1888,126
Guatemala,GTM,1889,203
Guatemala,GTM,1890,362
Guatemala,GTM,1891,321
Guatemala,GTM,1892,587
Guatemala,GTM,1893,1131
Guatemala,GTM,1894,1857
Guatemala,GTM,1895,12208
Guatemala,GTM,1896,10023
Guatemala,GTM,1897,13732
Guatemala,GTM,1898,3260
Guatemala,GTM,1899,2834
Guatemala,GTM,1900,4732
Guatemala,GTM,1901,7420
Guatemala,GTM,1902,13096
Guatemala,GTM,1903,17366
Guatemala,GTM,1904,24563
Guatemala,GTM,1905,34397
Guatemala,GTM,1906,39139
Guatemala,GTM,1907,35479
Guatemala,GTM,1908,28277
Guatemala,GTM,1909,29554
Guatemala,GTM,1910,35607
Guatemala,GTM,1911,40860
Guatemala,GTM,1912,44756
Guatemala,GTM,1913,44004
Guatemala,GTM,1914,41024
Guatemala,GTM,1915,47018
Guatemala,GTM,1916,28698
Guatemala,GTM,1917,2526
Guatemala,GTM,1918,708
Guatemala,GTM,1919,10418
Guatemala,GTM,1920,5196
Guatemala,GTM,1921,7292
Guatemala,GTM,1922,2077
Guatemala,GTM,1923,857
Guatemala,GTM,1924,1762
Guatemala,GTM,1925,0
Guatemala,GTM,1926,0
Guatemala,GTM,1927,382
Guatemala,GTM,1928,1149
Guatemala,GTM,1929,2298
Guatemala,GTM,1930,1149
Guatemala,GTM,1931,1149
Guatemala,GTM,1932,1149
Guatemala,GTM,1933,1531
Guatemala,GTM,1934,1913
Guatemala,GTM,1935,382
Guatemala,GTM,1936,1531
Guatemala,GTM,1937,1913
Guatemala,GTM,1938,767
Guatemala,GTM,1939,1531
Guatemala,GTM,1940,767
Guatemala,GTM,1941,1149
Guatemala,GTM,1942,382
Guatemala,GTM,1943,767
Guatemala,GTM,1944,767
Guatemala,GTM,1945,767
Guatemala,GTM,1946,767
Guatemala,GTM,1947,767
Guatemala,GTM,1948,1149
Guatemala,GTM,1949,1913
Guatemala,GTM,1950,3062
Guatemala,GTM,1999,40304
Guatemala,GTM,2000,571369
Guatemala,GTM,2001,531280
Guatemala,GTM,2002,1033247.94
Guatemala,GTM,2003,978288
Guatemala,GTM,2004,1128512
Guatemala,GTM,2005,1560864
Guatemala,GTM,2006,1688595
Guatemala,GTM,2007,1187136
Guatemala,GTM,2008,1183073
Guatemala,GTM,2009,769193
Guatemala,GTM,2010,1286490
Guatemala,GTM,2011,1289728
Guatemala,GTM,2012,1513232
Guatemala,GTM,2013,2589704
Guatemala,GTM,2014,2800042
Guatemala,GTM,2015,4015744.2
Guatemala,GTM,2016,4714539
Guatemala,GTM,2017,3913152
Guatemala,GTM,2018,4619383
Guatemala,GTM,2019,4510384
Guatemala,GTM,2020,2912880
Guatemala,GTM,2021,3726288
Guatemala,GTM,2022,1421632
Guatemala,GTM,2023,1668365
Guatemala,GTM,2024,1191765
Guinea,GIN,1950,34531
Guinea,GIN,1951,60430
Guinea,GIN,1952,58257
Guinea,GIN,1953,19075
Guinea,GIN,1954,21687
Guinea,GIN,1955,9758
Guinea,GIN,1956,12779
Guinea,GIN,1957,511
Guyana,GUY,1950,0
Guyana,GUY,1951,7328
Guyana,GUY,1952,3704
Guyana,GUY,1953,3694
Guyana,GUY,1954,7385
Guyana,GUY,1955,3638
Guyana,GUY,1956,0
Guyana,GUY,1957,3639
Guyana,GUY,1958,3664
Guyana,GUY,1959,0
Guyana,GUY,1960,0
Guyana,GUY,1961,0
Guyana,GUY,1962,0
Guyana,GUY,1963,0
Guyana,GUY,1964,0
Guyana,GUY,1965,0
Guyana,GUY,1966,0
Guyana,GUY,1967,0
Guyana,GUY,1968,0
Guyana,GUY,1969,0
Guyana,GUY,1970,0
Guyana,GUY,1971,0
Guyana,GUY,1972,0
Guyana,GUY,1973,0
Guyana,GUY,1974,0
Guyana,GUY,1975,0
Guyana,GUY,1976,0
Guyana,GUY,1977,0
Guyana,GUY,1978,0
Guyana,GUY,1979,0
Guyana,GUY,1980,0
Guyana,GUY,1981,0
Guyana,GUY,1982,0
Guyana,GUY,1983,0
Guyana,GUY,1984,0
Guyana,GUY,1985,0
Guyana,GUY,1986,0
Guyana,GUY,1987,0
Guyana,GUY,1988,0
Guyana,GUY,1989,0
Guyana,GUY,2010,0
Guyana,GUY,2011,0
Guyana,GUY,2012,0
Guyana,GUY,2013,0
Guyana,GUY,2014,0
Guyana,GUY,2015,0
Guyana,GUY,2016,14679
Guyana,GUY,2017,0
Guyana,GUY,2018,0
Guyana,GUY,2019,0
Guyana,GUY,2020,0
Guyana,GUY,2021,0
Guyana,GUY,2022,0
Guyana,GUY,2023,0
Guyana,GUY,2024,0
Haiti,HTI,1870,0
Haiti,HTI,1871,333
Haiti,HTI,1872,782
Haiti,HTI,1873,454
Haiti,HTI,1874,567
Haiti,HTI,1875,495
Haiti,HTI,1876,233
Haiti,HTI,1877,2742
Haiti,HTI,1878,4796
Haiti,HTI,1879,1898
Haiti,HTI,1880,1377
Haiti,HTI,1881,1582
Haiti,HTI,1882,1267
Haiti,HTI,1883,1064
Haiti,HTI,1884,1447
Haiti,HTI,1885,1406
Haiti,HTI,1886,513
Haiti,HTI,1887,69
Haiti,HTI,1888,3819
Haiti,HTI,1889,7117
Haiti,HTI,1890,11498
Haiti,HTI,1891,11249
Haiti,HTI,1892,5222
Haiti,HTI,1893,3757
Haiti,HTI,1894,12860
Haiti,HTI,1895,12147
Haiti,HTI,1896,18569
Haiti,HTI,1897,14627
Haiti,HTI,1898,10139
Haiti,HTI,1899,8128.0005
Haiti,HTI,1900,6338
Haiti,HTI,1901,7307
Haiti,HTI,1902,7112
Haiti,HTI,1903,4299
Haiti,HTI,1904,1847
Haiti,HTI,1905,4104
Haiti,HTI,1906,4591
Haiti,HTI,1907,5925
Haiti,HTI,1908,7120
Haiti,HTI,1909,8205
Haiti,HTI,1910,13104
Haiti,HTI,1911,15709
Haiti,HTI,1912,21514
Haiti,HTI,1913,16951
Haiti,HTI,1914,5820
Haiti,HTI,1915,2136
Haiti,HTI,1916,969
Haiti,HTI,1917,3555
Haiti,HTI,1918,2365
Haiti,HTI,1919,10
Haiti,HTI,1920,13
Haiti,HTI,1921,192
Haiti,HTI,1922,8
Haiti,HTI,1923,7320
Haiti,HTI,1924,664
Haiti,HTI,1925,382
Haiti,HTI,1926,382
Haiti,HTI,1927,305
Haiti,HTI,1928,767
Haiti,HTI,1929,382
Haiti,HTI,1930,77
Haiti,HTI,1931,231
Haiti,HTI,1932,382
Haiti,HTI,1933,77
Haiti,HTI,1934,38
Haiti,HTI,1935,77
Haiti,HTI,1936,77
Haiti,HTI,1937,77
Haiti,HTI,1938,77
Haiti,HTI,1939,115
Haiti,HTI,1940,154
Haiti,HTI,1941,77
Haiti,HTI,1942,38
Haiti,HTI,1943,77
Haiti,HTI,1944,38
Haiti,HTI,1945,154
Haiti,HTI,1946,95
Haiti,HTI,1947,95
Haiti,HTI,1948,38
Haiti,HTI,1949,77
Haiti,HTI,1950,115
Haiti,HTI,1970,0
Haiti,HTI,1971,0
Haiti,HTI,1973,0
Haiti,HTI,1974,0
Haiti,HTI,1975,0
Haiti,HTI,1976,0
Haiti,HTI,1977,0
Haiti,HTI,1978,0
Haiti,HTI,1979,0
Haiti,HTI,1980,0
Haiti,HTI,1981,0
Haiti,HTI,1982,98928
Haiti,HTI,1983,150224
Haiti,HTI,1984,157552
Haiti,HTI,1985,161216
Haiti,HTI,1986,47632
Haiti,HTI,1987,47632
Haiti,HTI,1988,80608
Haiti,HTI,1989,32976
Haiti,HTI,1990,32976
Haiti,HTI,1991,65952
Haiti,HTI,1992,69616
High-income countries,,1750,9305937
High-income countries,,1751,9407229
High-income countries,,1752,9505168
High-income countries,,1753,9610490
High-income countries,,1754,9733580
High-income countries,,1755,9793468
High-income countries,,1756,9909914
High-income countries,,1757,10093936
High-income countries,,1758,10216358
High-income countries,,1759,10338854
High-income countries,,1760,10514331
High-income countries,,1761,10747885
High-income countries,,1762,10952198
High-income countries,,1763,11191592
High-income countries,,1764,11396982
High-income countries,,1765,11643486
High-income countries,,1766,11876080
High-income countries,,1767,12152509
High-income countries,,1768,12466936
High-income countries,,1769,12780074
High-income countries,,1770,13097216
High-income countries,,1771,13369488
High-income countries,,1772,13623507
High-income countries,,1773,13808138
High-income countries,,1774,14012415
High-income countries,,1775,14338920
High-income countries,,1776,14654124
High-income countries,,1777,14959537
High-income countries,,1778,15243483
High-income countries,,1779,15535235
High-income countries,,1780,15878726
High-income countries,,1781,16234383
High-income countries,,1782,16580954
High-income countries,,1783,17062752
High-income countries,,1784,17471092
High-income countries,,1785,17965128
High-income countries,,1786,18447496
High-income countries,,1787,18859130
High-income countries,,1788,19286228
High-income countries,,1789,19863424
High-income countries,,1790,20398094
High-income countries,,1791,20931750
High-income countries,,1792,21929214
High-income countries,,1793,22297262
High-income countries,,1794,22519656
High-income countries,,1795,22315246
High-income countries,,1796,22121376
High-income countries,,1797,22090078
High-income countries,,1798,23105930
High-income countries,,1799,27485208
High-income countries,,1800,32798352
High-income countries,,1801,31986050
High-income countries,,1802,40310470
High-income countries,,1803,29538506
High-income countries,,1804,31769178
High-income countries,,1805,31251818
High-income countries,,1806,32704622
High-income countries,,1807,36200652
High-income countries,,1808,35497788
High-income countries,,1809,36333812
High-income countries,,1810,39492310
High-income countries,,1811,40176684
High-income countries,,1812,40814524
High-income countries,,1813,41206140
High-income countries,,1814,42226650
High-income countries,,1815,43587264
High-income countries,,1816,45496576
High-income countries,,1817,49275924
High-income countries,,1818,51392010
High-income countries,,1819,50930164
High-income countries,,1820,50733076
High-income countries,,1821,52059350
High-income countries,,1822,54021716
High-income countries,,1823,56357764
High-income countries,,1824,57583636
High-income countries,,1825,60730868
High-income countries,,1826,61382132
High-income countries,,1827,65738572
High-income countries,,1828,66681788
High-income countries,,1829,66307410
High-income countries,,1830,88981880
High-income countries,,1831,83242960
High-income countries,,1832,82086456
High-income countries,,1833,83242330
High-income countries,,1834,88763120
High-income countries,,1835,97399590
High-income countries,,1836,106894500
High-income countries,,1837,106199416
High-income countries,,1838,105845260
High-income countries,,1839,109653030
High-income countries,,1840,118808510
High-income countries,,1841,122165544
High-income countries,,1842,129388790
High-income countries,,1843,132369390
High-income countries,,1844,141966430
High-income countries,,1845,155073400
High-income countries,,1846,157701800
High-income countries,,1847,170796750
High-income countries,,1848,173643490
High-income countries,,1849,185048030
High-income countries,,1850,196806560
High-income countries,,1851,198778560
High-income countries,,1852,207595090
High-income countries,,1853,217236960
High-income countries,,1854,255038560
High-income countries,,1855,260098820
High-income countries,,1856,277508540
High-income countries,,1857,280371520
High-income countries,,1858,284160700
High-income countries,,1859,300924900
High-income countries,,1860,330303100
High-income countries,,1861,346447100
High-income countries,,1862,352650340
High-income countries,,1863,376382500
High-income countries,,1864,406235780
High-income countries,,1865,431102100
High-income countries,,1866,443653060
High-income countries,,1867,476067900
High-income countries,,1868,489371460
High-income countries,,1869,519020770
High-income countries,,1870,529711330
High-income countries,,1871,562435000
High-income countries,,1872,622871400
High-income countries,,1873,660432960
High-income countries,,1874,617858370
High-income countries,,1875,670479800
High-income countries,,1876,679200830
High-income countries,,1877,690231300
High-income countries,,1878,691976200
High-income countries,,1879,739833100
High-income countries,,1880,834670700
High-income countries,,1881,862467500
High-income countries,,1882,910065800
High-income countries,,1883,970609100
High-income countries,,1884,979666600
High-income countries,,1885,984069760
High-income countries,,1886,992467000
High-income countries,,1887,1036709760
High-income countries,,1888,1146808700
High-income countries,,1889,1146091600
High-income countries,,1890,1244790400
High-income countries,,1891,1302279200
High-income countries,,1892,1312283900
High-income countries,,1893,1290614700
High-income countries,,1894,1338773600
High-income countries,,1895,1412421800
High-income countries,,1896,1455628800
High-income countries,,1897,1521979400
High-income countries,,1898,1603299700
High-income countries,,1899,1750877800
High-income countries,,1900,1841417200
High-income countries,,1901,1891735200
High-income countries,,1902,1932086800
High-income countries,,1903,2109730800
High-income countries,,1904,2115414500
High-income countries,,1905,2258813700
High-income countries,,1906,2354293800
High-income countries,,1907,2660469500
High-income countries,,1908,2530815500
High-income countries,,1909,2632228000
High-income countries,,1910,2758175500
High-income countries,,1911,2790982400
High-income countries,,1912,2940257800
High-income countries,,1913,3166769200
High-income countries,,1914,2842559500
High-income countries,,1915,2788692200
High-income countries,,1916,3007330800
High-income countries,,1917,3135336700
High-income countries,,1918,3094236400
High-income countries,,1919,2589938200
High-income countries,,1920,2999689200
High-income countries,,1921,2541513700
High-income countries,,1922,2641454000
High-income countries,,1923,2999385300
High-income countries,,1924,2992301600
High-income countries,,1925,2991773000
High-income countries,,1926,2915262200
High-income countries,,1927,3183039500
High-income countries,,1928,3118750000
High-income countries,,1929,3329263900
High-income countries,,1930,3016101400
High-income countries,,1931,2638272000
High-income countries,,1932,2328967000
High-income countries,,1933,2431019500
High-income countries,,1934,2640273000
High-income countries,,1935,2728975600
High-income countries,,1936,2997494800
High-income countries,,1937,3169691000
High-income countries,,1938,2928808400
High-income countries,,1939,3117774000
High-income countries,,1940,3426797800
High-income countries,,1941,3518583600
High-income countries,,1942,3595038500
High-income countries,,1943,3626321200
High-income countries,,1944,3540934700
High-income countries,,1945,2704278800
High-income countries,,1946,2942059300
High-income countries,,1947,3294957600
High-income countries,,1948,3401507600
High-income countries,,1949,3158886100
High-income countries,,1950,3432110000
High-income countries,,1951,3588921900
High-income countries,,1952,3490967600
High-income countries,,1953,3509866500
High-income countries,,1954,3450282000
High-income countries,,1955,3709016800
High-income countries,,1956,3880972500
High-income countries,,1957,3890781700
High-income countries,,1958,3673566700
High-income countries,,1959,3661197300
High-income countries,,1960,3790641700
High-income countries,,1961,3794430700
High-income countries,,1962,3869328000
High-income countries,,1963,4023079000
High-income countries,,1964,4107788500
High-income countries,,1965,4108929000
High-income countries,,1966,4113932500
High-income countries,,1967,4096212200
High-income countries,,1968,4106839600
High-income countries,,1969,4197785900
High-income countries,,1970,4167544300
High-income countries,,1971,4034616600
High-income countries,,1972,3985774600
High-income countries,,1973,4114763500
High-income countries,,1974,4093158700
High-income countries,,1975,4070966000
High-income countries,,1976,4238095400
High-income countries,,1977,4265384700
High-income countries,,1978,4281034000
High-income countries,,1979,4498943000
High-income countries,,1980,4654630400
High-income countries,,1981,4600542000
High-income countries,,1982,4569993000
High-income countries,,1983,4647254000
High-income countries,,1984,4782477300
High-income countries,,1985,5075758600
High-income countries,,1986,5054481000
High-income countries,,1987,5176999000
High-income countries,,1988,5280246000
High-income countries,,1989,5257550300
High-income countries,,1990,5164999700
High-income countries,,1991,5021158000
High-income countries,,1992,4739833000
High-income countries,,1993,4719631400
High-income countries,,1994,4657267000
High-income countries,,1995,4695607000
High-income countries,,1996,4804918300
High-income countries,,1997,4757764000
High-income countries,,1998,4725137000
High-income countries,,1999,4682823700
High-income countries,,2000,4923035600
High-income countries,,2001,4907461000
High-income countries,,2002,4924380000
High-income countries,,2003,5053067000
High-income countries,,2004,5069148000
High-income countries,,2005,5080217000
High-income countries,,2006,5111735000
High-income countries,,2007,5174251000
High-income countries,,2008,5069588000
High-income countries,,2009,4583426000
High-income countries,,2010,4822124000
High-income countries,,2011,4749809000
High-income countries,,2012,4600376300
High-income countries,,2013,4609071600
High-income countries,,2014,4522724400
High-income countries,,2015,4272567300
High-income countries,,2016,4020059400
High-income countries,,2017,3957833700
High-income countries,,2018,3828798500
High-income countries,,2019,3439353000
High-income countries,,2020,2979445500
High-income countries,,2021,3228556000
High-income countries,,2022,3086188500
High-income countries,,2023,2734214000
High-income countries,,2024,2594610700
Honduras,HND,1870,0
Honduras,HND,1871,0
Honduras,HND,1872,0
Honduras,HND,1873,3
Honduras,HND,1874,5
Honduras,HND,1875,3
Honduras,HND,1876,3
Honduras,HND,1877,8
Honduras,HND,1878,46
Honduras,HND,1879,80
Honduras,HND,1880,46
Honduras,HND,1881,8
Honduras,HND,1882,8
Honduras,HND,1883,56
Honduras,HND,1884,146
Honduras,HND,1885,95
Honduras,HND,1886,331
Honduras,HND,1887,167
Honduras,HND,1888,105
Honduras,HND,1889,213
Honduras,HND,1890,177
Honduras,HND,1891,21
Honduras,HND,1892,33
Honduras,HND,1893,15
Honduras,HND,1894,21
Honduras,HND,1895,410
Honduras,HND,1896,400
Honduras,HND,1897,282
Honduras,HND,1898,1282
Honduras,HND,1899,2603
Honduras,HND,1900,3068
Honduras,HND,1901,2857
Honduras,HND,1902,3727
Honduras,HND,1903,3355
Honduras,HND,1904,5048
Honduras,HND,1905,5471
Honduras,HND,1906,2939
Honduras,HND,1907,4568
Honduras,HND,1908,7202
Honduras,HND,1909,8041
Honduras,HND,1910,9995
Honduras,HND,1911,12132
Honduras,HND,1912,15166
Honduras,HND,1913,27246
Honduras,HND,1914,42509
Honduras,HND,1915,44007
Honduras,HND,1916,41119
Honduras,HND,1917,30973
Honduras,HND,1918,18608
Honduras,HND,1919,24586
Honduras,HND,1920,37500
Honduras,HND,1921,36928
Honduras,HND,1922,15455
Honduras,HND,1923,4276
Honduras,HND,1924,5283
Honduras,HND,1925,4976
Honduras,HND,1926,3447
Honduras,HND,1927,2660
Honduras,HND,1928,3852
Honduras,HND,1929,3498
Honduras,HND,1930,6820
Honduras,HND,1931,0
Honduras,HND,1932,0
Honduras,HND,1933,0
Honduras,HND,1934,0
Honduras,HND,1935,0
Honduras,HND,1936,0
Honduras,HND,1937,0
Honduras,HND,1938,0
Honduras,HND,1939,0
Honduras,HND,1940,0
Honduras,HND,1941,0
Honduras,HND,1942,767
Honduras,HND,1943,382
Honduras,HND,1944,767
Honduras,HND,1945,1149
Honduras,HND,1946,767
Honduras,HND,1947,767
Honduras,HND,1948,767
Honduras,HND,1949,767
Honduras,HND,1950,767
Honduras,HND,1970,0
Honduras,HND,1971,0
Honduras,HND,1972,0
Honduras,HND,1973,0
Honduras,HND,1974,0
Honduras,HND,1975,0
Honduras,HND,1976,0
Honduras,HND,1977,0
Honduras,HND,1978,0
Honduras,HND,1979,0
Honduras,HND,1980,0
Honduras,HND,1981,0
Honduras,HND,1982,0
Honduras,HND,1983,0
Honduras,HND,1984,0
Honduras,HND,1985,0
Honduras,HND,1986,0
Honduras,HND,1987,0
Honduras,HND,1988,0
Honduras,HND,1989,0
Honduras,HND,1990,3659
Honduras,HND,1991,3659
Honduras,HND,1992,3659
Honduras,HND,1993,3664
Honduras,HND,1994,3664
Honduras,HND,1995,3664
Honduras,HND,1996,3664
Honduras,HND,1997,3664
Honduras,HND,1998,3661
Honduras,HND,1999,146560
Honduras,HND,2000,351998
Honduras,HND,2001,322225
Honduras,HND,2002,370064
Honduras,HND,2003,443344
Honduras,HND,2004,461664
Honduras,HND,2005,95213
Honduras,HND,2006,175872
Honduras,HND,2007,186947
Honduras,HND,2008,311440
Honduras,HND,2009,267593
Honduras,HND,2010,278464
Honduras,HND,2011,333424
Honduras,HND,2012,381056
Honduras,HND,2013,370064
Honduras,HND,2014,392048
Honduras,HND,2015,337088
Honduras,HND,2016,150224
Honduras,HND,2017,3665
Hong Kong,HKG,1950,468992
Hong Kong,HKG,1951,512960.03
Hong Kong,HKG,1952,578912
Hong Kong,HKG,1953,378193
Hong Kong,HKG,1954,381056
Hong Kong,HKG,1955,475393
Hong Kong,HKG,1956,219840
Hong Kong,HKG,1957,446316
Hong Kong,HKG,1958,384720
Hong Kong,HKG,1959,399376
Hong Kong,HKG,1960,418215
Hong Kong,HKG,1961,450672
Hong Kong,HKG,1962,410368
Hong Kong,HKG,1963,359072
Hong Kong,HKG,1964,333424
Hong Kong,HKG,1965,330012
Hong Kong,HKG,1966,282128
Hong Kong,HKG,1967,230832
Hong Kong,HKG,1968,168544
Hong Kong,HKG,1969,102592
Hong Kong,HKG,1970,62288
Hong Kong,HKG,1971,76975
Hong Kong,HKG,1972,54938
Hong Kong,HKG,1973,21984
Hong Kong,HKG,1974,32976
Hong Kong,HKG,1975,25657
Hong Kong,HKG,1976,40316
Hong Kong,HKG,1977,32976
Hong Kong,HKG,1978,29312
Hong Kong,HKG,1979,29312
Hong Kong,HKG,1980,18320
Hong Kong,HKG,1981,113606
Hong Kong,HKG,1982,2905552
Hong Kong,HKG,1983,6686800
Hong Kong,HKG,1984,9053744
Hong Kong,HKG,1985,11208176
Hong Kong,HKG,1986,12970560
Hong Kong,HKG,1987,16249840
Hong Kong,HKG,1988,18792656
Hong Kong,HKG,1989,20130016
Hong Kong,HKG,1990,18108720
Hong Kong,HKG,1991,19533944
Hong Kong,HKG,1992,20712592
Hong Kong,HKG,1993,23989354
Hong Kong,HKG,1994,17136528
Hong Kong,HKG,1995,18473888
Hong Kong,HKG,1996,13730740
Hong Kong,HKG,1997,11581904
Hong Kong,HKG,1998,14311584
Hong Kong,HKG,1999,11698147
Hong Kong,HKG,2000,14464159
Hong Kong,HKG,2001,15139648
Hong Kong,HKG,2002,19661024
Hong Kong,HKG,2003,25060218
Hong Kong,HKG,2004,23169096
Hong Kong,HKG,2005,25466932
Hong Kong,HKG,2006,25239092
Hong Kong,HKG,2007,27604576
Hong Kong,HKG,2008,25963104
Hong Kong,HKG,2009,27117264
Hong Kong,HKG,2010,23588832
Hong Kong,HKG,2011,28062576
Hong Kong,HKG,2012,27622896
Hong Kong,HKG,2013,29450000
Hong Kong,HKG,2014,30853364
Hong Kong,HKG,2015,25373200
Hong Kong,HKG,2016,25374722
Hong Kong,HKG,2017,23772032
Hong Kong,HKG,2018,24411136
Hong Kong,HKG,2019,23377944
Hong Kong,HKG,2020,12446608
Hong Kong,HKG,2021,13831600
Hong Kong,HKG,2022,13602002
Hong Kong,HKG,2023,13289176
Hong Kong,HKG,2024,11346989
Hungary,HUN,1830,113584
Hungary,HUN,1831,69616
Hungary,HUN,1832,87936
Hungary,HUN,1833,65952
Hungary,HUN,1834,69616
Hungary,HUN,1835,51296
Hungary,HUN,1836,84272
Hungary,HUN,1837,69616
Hungary,HUN,1838,62288
Hungary,HUN,1839,139232
Hungary,HUN,1840,135568
Hungary,HUN,1841,142896
Hungary,HUN,1842,84272
Hungary,HUN,1843,87936
Hungary,HUN,1844,186864
Hungary,HUN,1845,87936
Hungary,HUN,1846,62288
Hungary,HUN,1847,164880
Hungary,HUN,1851,274800
Hungary,HUN,1852,344416
Hungary,HUN,1853,344416
Hungary,HUN,1854,436016
Hungary,HUN,1855,454336
Hungary,HUN,1856,476320
Hungary,HUN,1857,545936
Hungary,HUN,1858,381056
Hungary,HUN,1859,769440
Hungary,HUN,1860,905008
Hungary,HUN,1861,959968
Hungary,HUN,1862,1157824
Hungary,HUN,1863,1209120
Hungary,HUN,1864,1209120
Hungary,HUN,1865,1256752
Hungary,HUN,1866,1428960
Hungary,HUN,1867,1689104
Hungary,HUN,1868,1806352
Hungary,HUN,1869,1963904
Hungary,HUN,1870,2121456
Hungary,HUN,1871,2630752
Hungary,HUN,1872,2795632
Hungary,HUN,1873,2916544
Hungary,HUN,1874,2557472
Hungary,HUN,1875,2634416
Hungary,HUN,1876,2715024
Hungary,HUN,1877,2861584
Hungary,HUN,1878,2876240
Hungary,HUN,1879,2868912
Hungary,HUN,1880,3312256
Hungary,HUN,1881,3543088
Hungary,HUN,1882,3579728
Hungary,HUN,1883,4078032
Hungary,HUN,1884,4330848
Hungary,HUN,1885,4378480
Hungary,HUN,1886,4096352
Hungary,HUN,1887,4085360
Hungary,HUN,1888,4429776
Hungary,HUN,1889,4752208
Hungary,HUN,1890,5250512
Hungary,HUN,1891,5517986
Hungary,HUN,1892,5752480
Hungary,HUN,1893,5994304
Hungary,HUN,1894,6433984
Hungary,HUN,1895,6862672
Hungary,HUN,1896,7368304
Hungary,HUN,1897,7456240
Hungary,HUN,1898,8526128
Hungary,HUN,1899,8265983.5
Hungary,HUN,1900,9577696
Hungary,HUN,1901,9607008
Hungary,HUN,1902,8837563
Hungary,HUN,1903,9163664
Hungary,HUN,1904,9269920
Hungary,HUN,1905,9416480
Hungary,HUN,1906,10152948
Hungary,HUN,1907,10196912
Hungary,HUN,1908,10764832
Hungary,HUN,1909,11842051
Hungary,HUN,1910,11666179
Hungary,HUN,1911,11988608
Hungary,HUN,1912,12292720
Hungary,HUN,1913,13018192
Hungary,HUN,1914,11581904
Hungary,HUN,1915,11743120
Hungary,HUN,1916,11816400
Hungary,HUN,1917,11688160
Hungary,HUN,1918,10651248
Hungary,HUN,1919,4741216
Hungary,HUN,1920,5536304
Hungary,HUN,1921,9105040
Hungary,HUN,1922,10827120
Hungary,HUN,1923,11607552
Hungary,HUN,1924,10977344
Hungary,HUN,1925,9896464
Hungary,HUN,1926,11365728
Hungary,HUN,1927,12578512
Hungary,HUN,1928,12948576
Hungary,HUN,1929,14274944
Hungary,HUN,1930,11589232
Hungary,HUN,1931,10537450
Hungary,HUN,1932,9658304
Hungary,HUN,1933,9372744
Hungary,HUN,1934,9738912
Hungary,HUN,1935,10402096
Hungary,HUN,1936,10999328
Hungary,HUN,1937,12556241
Hungary,HUN,1938,13787632
Hungary,HUN,1939,13978160
Hungary,HUN,1940,14985954
Hungary,HUN,1941,16158239
Hungary,HUN,1942,16348768
Hungary,HUN,1943,16161322
Hungary,HUN,1944,13084144
Hungary,HUN,1945,6033640
Hungary,HUN,1946,8448387
Hungary,HUN,1947,11804869
Hungary,HUN,1948,14161360
Hungary,HUN,1949,17960928
Hungary,HUN,1950,15707568
Hungary,HUN,1951,18774336
Hungary,HUN,1952,23185792
Hungary,HUN,1953,26795406
Hungary,HUN,1954,28501662
Hungary,HUN,1955,29219734
Hungary,HUN,1956,27451318
Hungary,HUN,1957,32082592
Hungary,HUN,1958,32565632
Hungary,HUN,1959,34185120
Hungary,HUN,1960,36522750
Hungary,HUN,1961,39065570
Hungary,HUN,1962,39574864
Hungary,HUN,1963,43949680
Hungary,HUN,1964,48046030
Hungary,HUN,1965,45887936
Hungary,HUN,1966,44253790
Hungary,HUN,1967,39069230
Hungary,HUN,1968,38543930
Hungary,HUN,1969,37328830
Hungary,HUN,1970,46187136
Hungary,HUN,1971,42256910
Hungary,HUN,1972,40463080
Hungary,HUN,1973,40029200
Hungary,HUN,1974,38587492
Hungary,HUN,1975,37162144
Hungary,HUN,1976,37545010
Hungary,HUN,1977,36804880
Hungary,HUN,1978,38083616
Hungary,HUN,1979,37755916
Hungary,HUN,1980,36687630
Hungary,HUN,1981,37724544
Hungary,HUN,1982,38644210
Hungary,HUN,1983,37028384
Hungary,HUN,1984,36880336
Hungary,HUN,1985,36560948
Hungary,HUN,1986,35515150
Hungary,HUN,1987,35841250
Hungary,HUN,1988,33014186
Hungary,HUN,1989,30960800
Hungary,HUN,1990,26516972
Hungary,HUN,1991,25188088
Hungary,HUN,1992,20750678
Hungary,HUN,1993,20066430
Hungary,HUN,1994,18692904
Hungary,HUN,1995,18394484
Hungary,HUN,1996,18913682
Hungary,HUN,1997,18412782
Hungary,HUN,1998,17356286
Hungary,HUN,1999,17586388
Hungary,HUN,2000,16473251
Hungary,HUN,2001,15905082
Hungary,HUN,2002,15661545
Hungary,HUN,2003,16198380
Hungary,HUN,2004,15512647
Hungary,HUN,2005,13642698
Hungary,HUN,2006,13669093
Hungary,HUN,2007,13627239
Hungary,HUN,2008,13118041
Hungary,HUN,2009,11237114
Hungary,HUN,2010,11721364
Hungary,HUN,2011,12022081
Hungary,HUN,2012,11538155
Hungary,HUN,2013,10259636
Hungary,HUN,2014,10288544
Hungary,HUN,2015,10623979
Hungary,HUN,2016,9878765
Hungary,HUN,2017,10177045
Hungary,HUN,2018,9576753
Hungary,HUN,2019,8324330.5
Hungary,HUN,2020,7510637
Hungary,HUN,2021,6060382
Hungary,HUN,2022,5558780
Hungary,HUN,2023,4315375
Hungary,HUN,2024,3611129
Iceland,ISL,1936,21984
Iceland,ISL,1937,18320
Iceland,ISL,1940,357677
Iceland,ISL,1941,335113
Iceland,ISL,1942,340555
Iceland,ISL,1943,369301
Iceland,ISL,1944,352606
Iceland,ISL,1945,312956
Iceland,ISL,1946,329181
Iceland,ISL,1947,333846
Iceland,ISL,1948,336178
Iceland,ISL,1949,276702
Iceland,ISL,1950,230832
Iceland,ISL,1951,164880
Iceland,ISL,1952,146560
Iceland,ISL,1953,116781
Iceland,ISL,1954,106256
Iceland,ISL,1955,150224
Iceland,ISL,1956,109920
Iceland,ISL,1957,84272
Iceland,ISL,1958,80608
Iceland,ISL,1959,73280
Iceland,ISL,1960,58447
Iceland,ISL,1961,43968
Iceland,ISL,1962,43968
Iceland,ISL,1963,29395
Iceland,ISL,1964,33069
Iceland,ISL,1965,18320
Iceland,ISL,1966,14656
Iceland,ISL,1967,11020
Iceland,ISL,1968,10967
Iceland,ISL,1969,3664
Iceland,ISL,1970,3654
Iceland,ISL,1971,3664
Iceland,ISL,1972,3655
Iceland,ISL,1973,3656
Iceland,ISL,1974,0
Iceland,ISL,1975,0
Iceland,ISL,1976,0
Iceland,ISL,1977,0
Iceland,ISL,1978,0
Iceland,ISL,1979,51296
Iceland,ISL,1980,65952
Iceland,ISL,1981,109920
Iceland,ISL,1982,113584
Iceland,ISL,1983,164490
Iceland,ISL,1984,230832
Iceland,ISL,1985,245488
Iceland,ISL,1986,274237
Iceland,ISL,1987,219840
Iceland,ISL,1988,227168
Iceland,ISL,1989,234045
Iceland,ISL,1990,282147
Iceland,ISL,1991,245148
Iceland,ISL,1992,242904
Iceland,ISL,1993,297981
Iceland,ISL,1994,292943
Iceland,ISL,1995,296014
Iceland,ISL,1996,281272
Iceland,ISL,1997,319935
Iceland,ISL,1998,284473
Iceland,ISL,1999,358060
Iceland,ISL,2000,465699
Iceland,ISL,2001,502106
Iceland,ISL,2002,512880.03
Iceland,ISL,2003,510263.97
Iceland,ISL,2004,525751
Iceland,ISL,2005,484469
Iceland,ISL,2006,515155.97
Iceland,ISL,2007,596389
Iceland,ISL,2008,639214
Iceland,ISL,2009,621769
Iceland,ISL,2010,626117
Iceland,ISL,2011,639488
Iceland,ISL,2012,658973
Iceland,ISL,2013,661003
Iceland,ISL,2014,625169
Iceland,ISL,2015,661182
Iceland,ISL,2016,660089
Iceland,ISL,2017,693221
Iceland,ISL,2018,715029
Iceland,ISL,2019,684012
Iceland,ISL,2020,667573
Iceland,ISL,2021,726493
Iceland,ISL,2022,769759
Iceland,ISL,2023,671270
Iceland,ISL,2024,867962
India,IND,1858,394481
India,IND,1859,636474
India,IND,1860,643104
India,IND,1861,497245
India,IND,1862,550285
India,IND,1863,609954
India,IND,1864,576805
India,IND,1865,566860
India,IND,1866,639789
India,IND,1878,1766878
India,IND,1879,1611075
India,IND,1880,1776823
India,IND,1881,1740196
India,IND,1882,1969091
India,IND,1883,2290643
India,IND,1884,2433187
India,IND,1885,2254179
India,IND,1886,2416612
India,IND,1887,2721930
India,IND,1888,2973915
India,IND,1889,3387898
India,IND,1890,3775749
India,IND,1891,4054206.8
India,IND,1892,4416021
India,IND,1893,4459231
India,IND,1894,4909469
India,IND,1895,6162151
India,IND,1896,6702506
India,IND,1897,7080773
India,IND,1898,8022590.5
India,IND,1899,8870857
India,IND,1900,10654310
India,IND,1901,11552666
India,IND,1902,12925395
India,IND,1903,12951583
India,IND,1904,14307405
India,IND,1905,14658792
India,IND,1906,17035626
India,IND,1907,19412456
India,IND,1908,22236810
India,IND,1909,20668830
India,IND,1910,20977124
India,IND,1911,22143992
India,IND,1912,25608134
India,IND,1913,28223644
India,IND,1914,28670876
India,IND,1915,29784994
India,IND,1916,30043876
India,IND,1917,31714308
India,IND,1918,36086750
India,IND,1919,39401970
India,IND,1920,31276732
India,IND,1921,33613784
India,IND,1922,33103588
India,IND,1923,34230370
India,IND,1924,36878748
India,IND,1925,36398636
India,IND,1926,36567420
India,IND,1927,38453636
India,IND,1928,39255860
India,IND,1929,40780748
India,IND,1930,41450372
India,IND,1931,37813852
India,IND,1932,35092260
India,IND,1933,34459104
India,IND,1934,38410544
India,IND,1935,40081290
India,IND,1936,39375200
India,IND,1937,43598468
India,IND,1938,49356572
India,IND,1939,48358708
India,IND,1940,51176492
India,IND,1941,51309084
India,IND,1942,51252732
India,IND,1943,44427070
India,IND,1944,45497812
India,IND,1945,50791950
India,IND,1946,50321228
India,IND,1947,51667020
India,IND,1948,51627324
India,IND,1949,54322396
India,IND,1950,52399710
India,IND,1951,54295876
India,IND,1952,57852836
India,IND,1953,58969556
India,IND,1954,60484920
India,IND,1955,63617564
India,IND,1956,65119250
India,IND,1957,72820550
India,IND,1958,75804030
India,IND,1959,79512840
India,IND,1960,87872550
India,IND,1961,94880390
India,IND,1962,103257970
India,IND,1963,110414980
India,IND,1964,105919880
India,IND,1965,116451540
India,IND,1966,116981940
India,IND,1967,119096104
India,IND,1968,123826456
India,IND,1969,123366560
India,IND,1970,123551210
India,IND,1971,126967670
India,IND,1972,134377840
India,IND,1973,137809890
India,IND,1974,145639840
India,IND,1975,161338560
India,IND,1976,168920860
India,IND,1977,177510940
India,IND,1978,174688910
India,IND,1979,180622700
India,IND,1980,197340080
India,IND,1981,210308260
India,IND,1982,213125980
India,IND,1983,232525180
India,IND,1984,231500850
India,IND,1985,253297920
India,IND,1986,273179970
India,IND,1987,291867550
India,IND,1988,317180640
India,IND,1989,339636300
India,IND,1990,366504100
India,IND,1991,393065800
India,IND,1992,411389800
India,IND,1993,433085220
India,IND,1994,455698800
India,IND,1995,471741120
India,IND,1996,504478600
India,IND,1997,527685470
India,IND,1998,524136350
India,IND,1999,560465100
India,IND,2000,572902850
India,IND,2001,582110600
India,IND,2002,598538750
India,IND,2003,625832960
India,IND,2004,669992800
India,IND,2005,721496300
India,IND,2006,773551300
India,IND,2007,842535740
India,IND,2008,910753400
India,IND,2009,983946900
India,IND,2010,1015983040
India,IND,2011,1074385000
India,IND,2012,1206451800
India,IND,2013,1276383400
India,IND,2014,1407057000
India,IND,2015,1449586600
India,IND,2016,1499401100
India,IND,2017,1551256000
India,IND,2018,1668317800
India,IND,2019,1661940100
India,IND,2020,1561798900
India,IND,2021,1767296500
India,IND,2022,1855854100
India,IND,2023,2032047600
India,IND,2024,2108032800
Indonesia,IDN,1889,3664
Indonesia,IDN,1890,14656
Indonesia,IDN,1891,21984
Indonesia,IDN,1892,190757
Indonesia,IDN,1893,177919
Indonesia,IDN,1894,256480.02
Indonesia,IDN,1895,342382
Indonesia,IDN,1896,377392
Indonesia,IDN,1897,432352
Indonesia,IDN,1898,436016
Indonesia,IDN,1899,494640
Indonesia,IDN,1900,538608
Indonesia,IDN,1901,542272
Indonesia,IDN,1902,509296
Indonesia,IDN,1903,560592
Indonesia,IDN,1904,611888
Indonesia,IDN,1905,809744
Indonesia,IDN,1906,985616
Indonesia,IDN,1907,1066224
Indonesia,IDN,1908,1135840
Indonesia,IDN,1909,1311712
Indonesia,IDN,1910,1439952
Indonesia,IDN,1911,1601168
Indonesia,IDN,1912,1615824
Indonesia,IDN,1913,1505904
Indonesia,IDN,1914,1641472
Indonesia,IDN,1915,1652464
Indonesia,IDN,1916,1985888
Indonesia,IDN,1917,2183744
Indonesia,IDN,1918,2209392
Indonesia,IDN,1919,2519623
Indonesia,IDN,1920,2909216
Indonesia,IDN,1921,3215647
Indonesia,IDN,1922,2762656
Indonesia,IDN,1923,3065597
Indonesia,IDN,1924,3839872
Indonesia,IDN,1925,3715296
Indonesia,IDN,1926,3891168
Indonesia,IDN,1927,4297872
Indonesia,IDN,1928,4520259
Indonesia,IDN,1929,4862128
Indonesia,IDN,1930,4965726
Indonesia,IDN,1931,3725480
Indonesia,IDN,1932,2784640
Indonesia,IDN,1933,2744336
Indonesia,IDN,1934,2741194
Indonesia,IDN,1935,2946396
Indonesia,IDN,1936,3044784
Indonesia,IDN,1937,3642016
Indonesia,IDN,1938,3865520
Indonesia,IDN,1939,4725967
Indonesia,IDN,1940,5331120
Indonesia,IDN,1941,5280554
Indonesia,IDN,1942,0
Indonesia,IDN,1943,0
Indonesia,IDN,1944,0
Indonesia,IDN,1945,813408
Indonesia,IDN,1946,417696
Indonesia,IDN,1947,589904
Indonesia,IDN,1948,1432624
Indonesia,IDN,1949,1755056
Indonesia,IDN,1950,2041609
Indonesia,IDN,1951,2114128
Indonesia,IDN,1952,2454173
Indonesia,IDN,1953,2173361
Indonesia,IDN,1954,2246032
Indonesia,IDN,1955,2121456
Indonesia,IDN,1956,2282672
Indonesia,IDN,1957,1915959
Indonesia,IDN,1958,1605097
Indonesia,IDN,1959,1777040
Indonesia,IDN,1960,1820696
Indonesia,IDN,1961,1527888
Indonesia,IDN,1962,1300720
Indonesia,IDN,1963,1593840
Indonesia,IDN,1964,1205456
Indonesia,IDN,1965,762112
Indonesia,IDN,1966,897680
Indonesia,IDN,1967,619216
Indonesia,IDN,1968,472656
Indonesia,IDN,1969,560654
Indonesia,IDN,1970,432352
Indonesia,IDN,1971,553264
Indonesia,IDN,1972,523952
Indonesia,IDN,1973,355408
Indonesia,IDN,1974,439680
Indonesia,IDN,1975,545936
Indonesia,IDN,1976,447035
Indonesia,IDN,1977,509296
Indonesia,IDN,1978,545936
Indonesia,IDN,1979,652167
Indonesia,IDN,1980,707152
Indonesia,IDN,1981,791424
Indonesia,IDN,1982,861040
Indonesia,IDN,1983,1198170
Indonesia,IDN,1984,1883296
Indonesia,IDN,1985,3671328
Indonesia,IDN,1986,8057135.5
Indonesia,IDN,1987,8218596.5
Indonesia,IDN,1988,6913968
Indonesia,IDN,1989,6280096
Indonesia,IDN,1990,6947109
Indonesia,IDN,1991,13519874
Indonesia,IDN,1992,12509128
Indonesia,IDN,1993,21306160
Indonesia,IDN,1994,26648272
Indonesia,IDN,1995,25179008
Indonesia,IDN,1996,27560608
Indonesia,IDN,1997,29388944
Indonesia,IDN,1998,32074170
Indonesia,IDN,1999,37163470
Indonesia,IDN,2000,50906012
Indonesia,IDN,2001,64628564
Indonesia,IDN,2002,66665224
Indonesia,IDN,2003,89489690
Indonesia,IDN,2004,82216104
Indonesia,IDN,2005,94222090
Indonesia,IDN,2006,111640520
Indonesia,IDN,2007,140066000
Indonesia,IDN,2008,121844540
Indonesia,IDN,2009,128274200
Indonesia,IDN,2010,152666690
Indonesia,IDN,2011,181281000
Indonesia,IDN,2012,187171330
Indonesia,IDN,2013,164219220
Indonesia,IDN,2014,173584300
Indonesia,IDN,2015,197815250
Indonesia,IDN,2016,206327900
Indonesia,IDN,2017,221093260
Indonesia,IDN,2018,262222140
Indonesia,IDN,2019,315400700
Indonesia,IDN,2020,300517860
Indonesia,IDN,2021,303153570
Indonesia,IDN,2022,404572740
Indonesia,IDN,2023,399050600
Indonesia,IDN,2024,436116900
International aviation,,1950,0
International aviation,,1951,0
International aviation,,1952,0
International aviation,,1953,0
International aviation,,1954,0
International aviation,,1955,0
International aviation,,1956,0
International aviation,,1957,0
International aviation,,1958,0
International aviation,,1959,0
International aviation,,1960,0
International aviation,,1961,0
International aviation,,1962,0
International aviation,,1963,0
International aviation,,1964,0
International aviation,,1965,0
International aviation,,1966,0
International aviation,,1967,0
International aviation,,1968,0
International aviation,,1969,0
International aviation,,1970,0
International aviation,,1971,0
International aviation,,1972,0
International aviation,,1973,0
International aviation,,1974,0
International aviation,,1975,0
International aviation,,1976,0
International aviation,,1977,0
International aviation,,1978,0
International aviation,,1979,0
International aviation,,1980,0
International aviation,,1981,0
International aviation,,1982,0
International aviation,,1983,0
International aviation,,1984,0
International aviation,,1985,0
International aviation,,1986,0
International aviation,,1987,0
International aviation,,1988,0
International aviation,,1989,0
International aviation,,1990,0
International aviation,,1991,0
International aviation,,1992,0
International aviation,,1993,0
International aviation,,1994,0
International aviation,,1995,0
International aviation,,1996,0
International aviation,,1997,0
International aviation,,1998,0
International aviation,,1999,0
International aviation,,2000,0
International aviation,,2001,0
International aviation,,2002,0
International aviation,,2003,0
International aviation,,2004,0
International aviation,,2005,0
International aviation,,2006,0
International aviation,,2007,0
International aviation,,2008,0
International aviation,,2009,0
International aviation,,2010,0
International aviation,,2011,0
International aviation,,2012,0
International aviation,,2013,0
International aviation,,2014,0
International aviation,,2015,0
International aviation,,2016,0
International aviation,,2017,0
International aviation,,2018,0
International aviation,,2019,0
International aviation,,2020,0
International aviation,,2021,0
International aviation,,2022,0
International aviation,,2023,0
International aviation,,2024,0
International shipping,,1950,25046084
International shipping,,1951,26227346
International shipping,,1952,22790434
International shipping,,1953,18872326
International shipping,,1954,15419446
International shipping,,1955,14382004
International shipping,,1956,11862854
International shipping,,1957,10334724
International shipping,,1958,7464571
International shipping,,1959,6173418
International shipping,,1960,4448587
International shipping,,1961,2883883
International shipping,,1962,2101389
International shipping,,1963,1890656
International shipping,,1964,1991538
International shipping,,1965,1947038
International shipping,,1966,2025976.9
International shipping,,1967,1449381
International shipping,,1968,982487
International shipping,,1969,909265
International shipping,,1970,934893
International shipping,,1971,630042
International shipping,,1972,487504
International shipping,,1973,433795
International shipping,,1974,306181
International shipping,,1975,214055
International shipping,,1976,38914
International shipping,,1977,49983
International shipping,,1978,47305
International shipping,,1979,11125
International shipping,,1980,30647
International shipping,,1981,0
International shipping,,1982,0
International shipping,,1983,0
International shipping,,1984,0
International shipping,,1985,0
International shipping,,1986,0
International shipping,,1987,0
International shipping,,1988,0
International shipping,,1989,0
International shipping,,1990,0
International shipping,,1991,0
International shipping,,1992,0
International shipping,,1993,0
International shipping,,1994,0
International shipping,,1995,0
International shipping,,1996,0
International shipping,,1997,0
International shipping,,1998,0
International shipping,,1999,0
International shipping,,2000,0
International shipping,,2001,0
International shipping,,2002,0
International shipping,,2003,0
International shipping,,2004,0
International shipping,,2005,0
International shipping,,2006,0
International shipping,,2007,0
International shipping,,2008,0
International shipping,,2009,0
International shipping,,2010,0
International shipping,,2011,0
International shipping,,2012,0
International shipping,,2013,0
International shipping,,2014,0
International shipping,,2015,0
International shipping,,2016,0
International shipping,,2017,0
International shipping,,2018,0
International shipping,,2019,0
International shipping,,2020,0
International shipping,,2021,0
International shipping,,2022,0
International shipping,,2023,0
International shipping,,2024,0
Iran,IRN,1906,0
Iran,IRN,1911,0
Iran,IRN,1912,0
Iran,IRN,1913,0
Iran,IRN,1914,0
Iran,IRN,1915,0
Iran,IRN,1916,0
Iran,IRN,1917,0
Iran,IRN,1918,0
Iran,IRN,1919,0
Iran,IRN,1920,0
Iran,IRN,1921,0
Iran,IRN,1922,0
Iran,IRN,1923,0
Iran,IRN,1924,0
Iran,IRN,1925,0
Iran,IRN,1926,0
Iran,IRN,1927,0
Iran,IRN,1928,0
Iran,IRN,1929,0
Iran,IRN,1930,0
Iran,IRN,1931,0
Iran,IRN,1932,0
Iran,IRN,1933,0
Iran,IRN,1934,0
Iran,IRN,1935,0
Iran,IRN,1936,0
Iran,IRN,1937,0
Iran,IRN,1938,0
Iran,IRN,1939,197856
Iran,IRN,1940,245488
Iran,IRN,1941,238202
Iran,IRN,1942,216203
Iran,IRN,1943,183200
Iran,IRN,1944,263831
Iran,IRN,1945,399376
Iran,IRN,1946,399352
Iran,IRN,1947,498304
Iran,IRN,1948,399376
Iran,IRN,1949,450672
Iran,IRN,1950,531280
Iran,IRN,1951,450672
Iran,IRN,1952,399376
Iran,IRN,1953,410761
Iran,IRN,1954,664516
Iran,IRN,1955,648528
Iran,IRN,1956,505631.97
Iran,IRN,1957,465250
Iran,IRN,1958,512960.03
Iran,IRN,1959,630208
Iran,IRN,1960,611828
Iran,IRN,1961,524005
Iran,IRN,1962,542272
Iran,IRN,1963,604506
Iran,IRN,1964,725472
Iran,IRN,1965,754835
Iran,IRN,1966,754827
Iran,IRN,1967,769440
Iran,IRN,1968,787760
Iran,IRN,1969,1300720
Iran,IRN,1970,1260416
Iran,IRN,1971,1428960
Iran,IRN,1972,2421904
Iran,IRN,1973,2663728
Iran,IRN,1974,3037379
Iran,IRN,1975,2612501
Iran,IRN,1976,2326640
Iran,IRN,1977,2333916
Iran,IRN,1978,2535488
Iran,IRN,1979,2407248
Iran,IRN,1980,2432896
Iran,IRN,1981,1927264
Iran,IRN,1982,2997152
Iran,IRN,1983,2751664
Iran,IRN,1984,3271872
Iran,IRN,1985,3425840
Iran,IRN,1986,3579728
Iran,IRN,1987,3653008
Iran,IRN,1988,3700640
Iran,IRN,1989,3055776
Iran,IRN,1990,2693040
Iran,IRN,1991,3843473
Iran,IRN,1992,3385481
Iran,IRN,1993,4132928
Iran,IRN,1994,4173296
Iran,IRN,1995,3909488
Iran,IRN,1996,4089024
Iran,IRN,1997,4195280
Iran,IRN,1998,4884054
Iran,IRN,1999,4975712
Iran,IRN,2000,5327509
Iran,IRN,2001,4140358
Iran,IRN,2002,4664272
Iran,IRN,2003,5188224
Iran,IRN,2004,4994073
Iran,IRN,2005,6085904
Iran,IRN,2006,5983269
Iran,IRN,2007,6576927
Iran,IRN,2008,5858696
Iran,IRN,2009,4396800
Iran,IRN,2010,5451996
Iran,IRN,2011,5529011
Iran,IRN,2012,4283216
Iran,IRN,2013,4268560
Iran,IRN,2014,3664000
Iran,IRN,2015,4349143
Iran,IRN,2016,3455112
Iran,IRN,2017,4715543
Iran,IRN,2018,4462752
Iran,IRN,2019,5785427
Iran,IRN,2020,6503632
Iran,IRN,2021,7280368
Iran,IRN,2022,7459904
Iran,IRN,2023,6263210
Iran,IRN,2024,6397664
Iraq,IRQ,1927,0
Iraq,IRQ,1928,0
Iraq,IRQ,1929,0
Iraq,IRQ,1930,0
Iraq,IRQ,1931,0
Iraq,IRQ,1932,0
Iraq,IRQ,1933,0
Iraq,IRQ,1934,0
Iraq,IRQ,1935,0
Iraq,IRQ,1936,0
Iraq,IRQ,1937,0
Iraq,IRQ,1938,0
Iraq,IRQ,1939,0
Iraq,IRQ,1940,0
Iraq,IRQ,1941,0
Iraq,IRQ,1942,0
Iraq,IRQ,1943,0
Iraq,IRQ,1944,0
Iraq,IRQ,1945,0
Iraq,IRQ,1946,0
Iraq,IRQ,1947,0
Iraq,IRQ,1948,0
Iraq,IRQ,1949,0
Iraq,IRQ,1950,3664
Iraq,IRQ,1951,7328
Iraq,IRQ,1952,3664
Iraq,IRQ,1953,3659
Iraq,IRQ,1954,3660
Iraq,IRQ,1955,7335
Iraq,IRQ,1956,3664
Iraq,IRQ,1957,3664
Iraq,IRQ,1958,3664
Iraq,IRQ,1959,10992
Iraq,IRQ,1960,7328
Iraq,IRQ,1961,3664
Iraq,IRQ,1962,3664
Iraq,IRQ,1963,3664
Iraq,IRQ,1964,3664
Iraq,IRQ,1965,3665
Iraq,IRQ,1966,3664
Iraq,IRQ,1967,3664
Iraq,IRQ,1968,3665
Iraq,IRQ,1969,3664
Iraq,IRQ,1970,3664
Iraq,IRQ,1971,10989
Iraq,IRQ,1972,7327
Iraq,IRQ,1973,3664
Iraq,IRQ,1974,10992
Iraq,IRQ,1975,3664
Iraq,IRQ,1976,3664
Iraq,IRQ,1977,3664
Iraq,IRQ,1978,3664
Iraq,IRQ,1979,3664
Iraq,IRQ,1980,3664
Iraq,IRQ,1981,3664
Iraq,IRQ,1982,3664
Iraq,IRQ,1983,3664
Iraq,IRQ,1984,3664
Iraq,IRQ,1985,3664
Iraq,IRQ,1986,3664
Iraq,IRQ,1987,3664
Iraq,IRQ,1988,3664
Iraq,IRQ,1989,3664
Iraq,IRQ,1990,3664
Iraq,IRQ,1991,3664
Iraq,IRQ,1992,0
Iraq,IRQ,1993,0
Iraq,IRQ,1994,0
Iraq,IRQ,1995,0
Iraq,IRQ,1996,0
Iraq,IRQ,1997,0
Iraq,IRQ,1998,0
Iraq,IRQ,1999,0
Iraq,IRQ,2000,0
Iraq,IRQ,2001,0
Iraq,IRQ,2002,0
Iraq,IRQ,2003,0
Iraq,IRQ,2004,0
Iraq,IRQ,2005,0
Iraq,IRQ,2006,0
Iraq,IRQ,2007,0
Iraq,IRQ,2008,0
Iraq,IRQ,2009,0
Iraq,IRQ,2010,0
Iraq,IRQ,2011,0
Iraq,IRQ,2012,0
Iraq,IRQ,2013,0
Iraq,IRQ,2014,0
Iraq,IRQ,2015,0
Iraq,IRQ,2016,0
Iraq,IRQ,2017,0
Iraq,IRQ,2018,0
Iraq,IRQ,2019,0
Iraq,IRQ,2020,0
Iraq,IRQ,2021,0
Iraq,IRQ,2022,6390
Iraq,IRQ,2023,6390
Iraq,IRQ,2024,6390
Ireland,IRL,1850,395712
Ireland,IRL,1880,351744
Ireland,IRL,1881,351744
Ireland,IRL,1910,216176
Ireland,IRL,1913,223504
Ireland,IRL,1914,249152
Ireland,IRL,1915,227168
Ireland,IRL,1916,241824
Ireland,IRL,1917,256480.02
Ireland,IRL,1918,245488
Ireland,IRL,1919,249152
Ireland,IRL,1920,293120
Ireland,IRL,1921,238160
Ireland,IRL,1924,6686800
Ireland,IRL,1925,6034608
Ireland,IRL,1926,8097440
Ireland,IRL,1927,6730768
Ireland,IRL,1928,6485280
Ireland,IRL,1929,9999056
Ireland,IRL,1930,9552048
Ireland,IRL,1931,9841504
Ireland,IRL,1932,6426656
Ireland,IRL,1933,9266256
Ireland,IRL,1934,9482432
Ireland,IRL,1935,9533728
Ireland,IRL,1936,10145616
Ireland,IRL,1937,10354464
Ireland,IRL,1938,9911120
Ireland,IRL,1939,11402368
Ireland,IRL,1940,11387712
Ireland,IRL,1941,8302623.5
Ireland,IRL,1942,6917580
Ireland,IRL,1943,6987248
Ireland,IRL,1944,6247120
Ireland,IRL,1945,6738096
Ireland,IRL,1946,8046143.5
Ireland,IRL,1947,8665421
Ireland,IRL,1948,8247664.5
Ireland,IRL,1949,8130416
Ireland,IRL,1950,8522918
Ireland,IRL,1951,8929168
Ireland,IRL,1952,8302623.5
Ireland,IRL,1953,7954544
Ireland,IRL,1954,7253979
Ireland,IRL,1955,8434528
Ireland,IRL,1956,7073892
Ireland,IRL,1957,6888320
Ireland,IRL,1958,5950336
Ireland,IRL,1959,8793600
Ireland,IRL,1960,7591808
Ireland,IRL,1961,8306288
Ireland,IRL,1962,8229344.5
Ireland,IRL,1963,7872416
Ireland,IRL,1964,7879630
Ireland,IRL,1965,6661152
Ireland,IRL,1966,7415936
Ireland,IRL,1967,7643104
Ireland,IRL,1968,8863216
Ireland,IRL,1969,8405216
Ireland,IRL,1970,8145072
Ireland,IRL,1971,8222016.5
Ireland,IRL,1972,7712720
Ireland,IRL,1973,7093504
Ireland,IRL,1974,7445248
Ireland,IRL,1975,6785728
Ireland,IRL,1976,6928624
Ireland,IRL,1977,7411119
Ireland,IRL,1978,6148192
Ireland,IRL,1979,7709056
Ireland,IRL,1980,7408608
Ireland,IRL,1981,7914240
Ireland,IRL,1982,8353920
Ireland,IRL,1983,9214960
Ireland,IRL,1984,8745968
Ireland,IRL,1985,10141952
Ireland,IRL,1986,11145888
Ireland,IRL,1987,14216320
Ireland,IRL,1988,14514888
Ireland,IRL,1989,14553408
Ireland,IRL,1990,14658914
Ireland,IRL,1991,14367054
Ireland,IRL,1992,13765116
Ireland,IRL,1993,13195587
Ireland,IRL,1994,12556833
Ireland,IRL,1995,12668263
Ireland,IRL,1996,13073998
Ireland,IRL,1997,12210017
Ireland,IRL,1998,11892729
Ireland,IRL,1999,10289113
Ireland,IRL,2000,11107352
Ireland,IRL,2001,11659160
Ireland,IRL,2002,11314750
Ireland,IRL,2003,10842907
Ireland,IRL,2004,10206641
Ireland,IRL,2005,11160146
Ireland,IRL,2006,10020683
Ireland,IRL,2007,9670674
Ireland,IRL,2008,9643891
Ireland,IRL,2009,8604719
Ireland,IRL,2010,8426884
Ireland,IRL,2011,8310955
Ireland,IRL,2012,9621590
Ireland,IRL,2013,8738544
Ireland,IRL,2014,8647303
Ireland,IRL,2015,9351409
Ireland,IRL,2016,9205348
Ireland,IRL,2017,7869823
Ireland,IRL,2018,6354173
Ireland,IRL,2019,4543129
Ireland,IRL,2020,3757465
Ireland,IRL,2021,4929065
Ireland,IRL,2022,4036382.2
Ireland,IRL,2023,2685436
Ireland,IRL,2024,1947315
Israel,ISR,1950,69616
Israel,ISR,1951,40304
Israel,ISR,1952,73280
Israel,ISR,1953,73280
Israel,ISR,1954,87936
Israel,ISR,1955,43968
Israel,ISR,1956,73280
Israel,ISR,1957,73280
Israel,ISR,1958,65952
Israel,ISR,1959,54960
Israel,ISR,1960,120912
Israel,ISR,1961,113584
Israel,ISR,1962,117248
Israel,ISR,1963,54935
Israel,ISR,1964,73251
Israel,ISR,1965,21984
Israel,ISR,1966,18325
Israel,ISR,1967,18320
Israel,ISR,1968,25641
Israel,ISR,1969,25642
Israel,ISR,1970,18324
Israel,ISR,1971,21984
Israel,ISR,1972,18320
Israel,ISR,1973,10994
Israel,ISR,1974,10994
Israel,ISR,1975,14653
Israel,ISR,1976,14656
Israel,ISR,1977,14656
Israel,ISR,1978,14656
Israel,ISR,1979,14659
Israel,ISR,1980,14656
Israel,ISR,1981,14656
Israel,ISR,1982,2407615
Israel,ISR,1983,4469395
Israel,ISR,1984,7120252
Israel,ISR,1985,7781189
Israel,ISR,1986,8537120
Israel,ISR,1987,8665360
Israel,ISR,1988,8638658
Israel,ISR,1989,9207632
Israel,ISR,1990,9950414
Israel,ISR,1991,10861186
Israel,ISR,1992,13369936
Israel,ISR,1993,15111573
Israel,ISR,1994,16016563
Israel,ISR,1995,17550560
Israel,ISR,1996,20906784
Israel,ISR,1997,23046560
Israel,ISR,1998,24790624
Israel,ISR,1999,24208048
Israel,ISR,2000,28201808
Israel,ISR,2001,30583408
Israel,ISR,2002,29258844
Israel,ISR,2003,29726032
Israel,ISR,2004,30042922
Israel,ISR,2005,27824416
Israel,ISR,2006,29921996
Israel,ISR,2007,30306722
Israel,ISR,2008,29586800
Israel,ISR,2009,27087952
Israel,ISR,2010,28069904
Israel,ISR,2011,29000560
Israel,ISR,2012,32571362
Israel,ISR,2013,26715770
Israel,ISR,2014,25303584
Israel,ISR,2015,25087408
Israel,ISR,2016,20835944
Israel,ISR,2017,18832960
Israel,ISR,2018,18129472
Israel,ISR,2019,18011112
Israel,ISR,2020,17096224
Israel,ISR,2021,14334446
Israel,ISR,2022,14535088
Israel,ISR,2023,11508293
Israel,ISR,2024,10062576
Italy,ITA,1860,29312
Italy,ITA,1861,670512
Italy,ITA,1862,1227440
Italy,ITA,1863,1069888
Italy,ITA,1864,1601168
Italy,ITA,1865,1245760
Italy,ITA,1866,1439952
Italy,ITA,1867,1410640
Italy,ITA,1868,1590176
Italy,ITA,1869,1780704
Italy,ITA,1870,2557472
Italy,ITA,1871,2176416
Italy,ITA,1872,2846770
Italy,ITA,1873,2663728
Italy,ITA,1874,2861584
Italy,ITA,1875,2927536
Italy,ITA,1876,3971776
Italy,ITA,1877,3649344
Italy,ITA,1878,3638352
Italy,ITA,1879,4176808.8
Italy,ITA,1880,4887776
Italy,ITA,1881,5774351
Italy,ITA,1882,6085904
Italy,ITA,1883,6448640
Italy,ITA,1884,7133808
Italy,ITA,1885,8090111.5
Italy,ITA,1886,8108334.5
Italy,ITA,1887,9914869
Italy,ITA,1888,10680560
Italy,ITA,1889,11039632
Italy,ITA,1890,11988542
Italy,ITA,1891,10731856
Italy,ITA,1892,10621936
Italy,ITA,1893,10233552
Italy,ITA,1894,12776368
Italy,ITA,1895,11754112
Italy,ITA,1896,11120240
Italy,ITA,1897,11633288
Italy,ITA,1898,12124176
Italy,ITA,1899,13322304
Italy,ITA,1900,13637408
Italy,ITA,1901,13303925
Italy,ITA,1902,14791568
Italy,ITA,1903,15095680
Italy,ITA,1904,15960333
Italy,ITA,1905,17616512
Italy,ITA,1906,20859152
Italy,ITA,1907,22533600
Italy,ITA,1908,22951296
Italy,ITA,1909,25358592
Italy,ITA,1910,25395184
Italy,ITA,1911,26054704
Italy,ITA,1912,27384736
Italy,ITA,1913,29473216
Italy,ITA,1914,26714224
Italy,ITA,1915,23229760
Italy,ITA,1916,22815836
Italy,ITA,1917,15381472
Italy,ITA,1918,18074338
Italy,ITA,1919,17840016
Italy,ITA,1920,17081568
Italy,ITA,1921,21229216
Italy,ITA,1922,24783164
Italy,ITA,1923,25728458
Italy,ITA,1924,31001104
Italy,ITA,1925,29619776
Italy,ITA,1926,34386640
Italy,ITA,1927,38706650
Italy,ITA,1928,34738384
Italy,ITA,1929,40124464
Italy,ITA,1930,35522480
Italy,ITA,1931,30429520
Italy,ITA,1932,24347280
Italy,ITA,1933,26644146
Italy,ITA,1934,35335616
Italy,ITA,1935,40637424
Italy,ITA,1936,27904554
Italy,ITA,1937,38728480
Italy,ITA,1938,37472340
Italy,ITA,1939,37292190
Italy,ITA,1940,42703920
Italy,ITA,1941,40340420
Italy,ITA,1942,39029180
Italy,ITA,1943,6137705
Italy,ITA,1944,2803757
Italy,ITA,1945,3696421
Italy,ITA,1946,19928496
Italy,ITA,1947,29749420
Italy,ITA,1948,26323126
Italy,ITA,1949,27544824
Italy,ITA,1950,24572276
Italy,ITA,1951,27661126
Italy,ITA,1952,26025392
Italy,ITA,1953,26838800
Italy,ITA,1954,27967312
Italy,ITA,1955,28998344
Italy,ITA,1956,30982784
Italy,ITA,1957,29890912
Italy,ITA,1958,27007344
Italy,ITA,1959,26021728
Italy,ITA,1960,27897696
Italy,ITA,1961,30187696
Italy,ITA,1962,31890658
Italy,ITA,1963,32762760
Italy,ITA,1964,27806096
Italy,ITA,1965,30550432
Italy,ITA,1966,31689394
Italy,ITA,1967,35199496
Italy,ITA,1968,32767150
Italy,ITA,1969,32921040
Italy,ITA,1970,32895394
Italy,ITA,1971,30718976
Italy,ITA,1972,29128800
Italy,ITA,1973,29421920
Italy,ITA,1974,31682608
Italy,ITA,1975,30609056
Italy,ITA,1976,30964464
Italy,ITA,1977,31371490
Italy,ITA,1978,35544464
Italy,ITA,1979,40131790
Italy,ITA,1980,44916976
Italy,ITA,1981,47775360
Italy,ITA,1982,49848720
Italy,ITA,1983,44480960
Italy,ITA,1984,54663216
Italy,ITA,1985,59400770
Italy,ITA,1986,53285020
Italy,ITA,1987,55626850
Italy,ITA,1988,52692480
Italy,ITA,1989,52157040
Italy,ITA,1990,69580090
Italy,ITA,1991,65966188
Italy,ITA,1992,58065030
Italy,ITA,1993,52079080
Italy,ITA,1994,54772144
Italy,ITA,1995,58416932
Italy,ITA,1996,53524420
Italy,ITA,1997,54146180
Italy,ITA,1998,54867124
Italy,ITA,1999,53939636
Italy,ITA,2000,56032196
Italy,ITA,2001,59024470
Italy,ITA,2002,60015670
Italy,ITA,2003,65125830
Italy,ITA,2004,72217310
Italy,ITA,2005,71264930
Italy,ITA,2006,70786910
Italy,ITA,2007,70675250
Italy,ITA,2008,68138770
Italy,ITA,2009,52387804
Italy,ITA,2010,58217964
Italy,ITA,2011,65439216
Italy,ITA,2012,66958948
Italy,ITA,2013,57781948
Italy,ITA,2014,55837156
Italy,ITA,2015,53062916
Italy,ITA,2016,48302164
Italy,ITA,2017,41797600
Italy,ITA,2018,39213464
Italy,ITA,2019,30480370
Italy,ITA,2020,22118678
Italy,ITA,2021,24569758
Italy,ITA,2022,31341490
Italy,ITA,2023,21669166
Italy,ITA,2024,11293955
Jamaica,JAM,1950,43382
Jamaica,JAM,1951,65952
Jamaica,JAM,1952,25648
Jamaica,JAM,1953,29312
Jamaica,JAM,1954,36640
Jamaica,JAM,1955,40304
Jamaica,JAM,1956,32976
Jamaica,JAM,1957,3664
Jamaica,JAM,1958,3654
Jamaica,JAM,1959,3664
Jamaica,JAM,1960,0
Jamaica,JAM,1961,3664
Jamaica,JAM,1962,3664
Jamaica,JAM,1963,3664
Jamaica,JAM,1964,3661
Jamaica,JAM,1965,3660
Jamaica,JAM,1966,3660
Jamaica,JAM,1967,3664
Jamaica,JAM,1968,3664
Jamaica,JAM,1969,3661
Jamaica,JAM,1970,3667
Jamaica,JAM,1971,3664
Jamaica,JAM,1972,3664
Jamaica,JAM,1973,3664
Jamaica,JAM,1974,3662
Jamaica,JAM,1975,3664
Jamaica,JAM,1976,3662
Jamaica,JAM,1977,0
Jamaica,JAM,1978,0
Jamaica,JAM,1979,3662
Jamaica,JAM,1980,3664
Jamaica,JAM,1981,3664
Jamaica,JAM,1982,0
Jamaica,JAM,1983,0
Jamaica,JAM,1984,0
Jamaica,JAM,1985,0
Jamaica,JAM,1986,0
Jamaica,JAM,1987,0
Jamaica,JAM,1988,0
Jamaica,JAM,1989,0
Jamaica,JAM,1990,139164
Jamaica,JAM,1991,135568
Jamaica,JAM,1992,175872
Jamaica,JAM,1993,146560
Jamaica,JAM,1994,139232
Jamaica,JAM,1995,146560
Jamaica,JAM,1996,168608
Jamaica,JAM,1997,179471
Jamaica,JAM,1998,186864
Jamaica,JAM,1999,190528
Jamaica,JAM,2000,190528
Jamaica,JAM,2001,139280
Jamaica,JAM,2002,234412
Jamaica,JAM,2003,227090
Jamaica,JAM,2004,175872
Jamaica,JAM,2005,153888
Jamaica,JAM,2006,73280
Jamaica,JAM,2007,95264
Jamaica,JAM,2008,128240.01
Jamaica,JAM,2009,135568
Jamaica,JAM,2010,113584
Jamaica,JAM,2011,186864
Jamaica,JAM,2012,172208
Jamaica,JAM,2013,208848
Jamaica,JAM,2014,245488
Jamaica,JAM,2015,238049
Jamaica,JAM,2016,227168
Jamaica,JAM,2017,190528
Jamaica,JAM,2018,201612
Jamaica,JAM,2019,274693
Jamaica,JAM,2020,274653
Jamaica,JAM,2021,274800
Jamaica,JAM,2022,219840
Jamaica,JAM,2023,227200
Jamaica,JAM,2024,235537
Japan,JPN,1868,10992
Japan,JPN,1869,18320
Japan,JPN,1870,18320
Japan,JPN,1871,22442
Japan,JPN,1872,29312
Japan,JPN,1873,29312
Japan,JPN,1874,575248
Japan,JPN,1875,1410640
Japan,JPN,1876,1374000
Japan,JPN,1877,1260416
Japan,JPN,1878,1747728
Japan,JPN,1879,2147370
Japan,JPN,1880,2198400
Japan,JPN,1881,2330304
Japan,JPN,1882,2311984
Japan,JPN,1883,2480216
Japan,JPN,1884,2777312
Japan,JPN,1885,3165896
Japan,JPN,1886,3355971
Japan,JPN,1887,4265067
Japan,JPN,1888,4880448
Japan,JPN,1889,5884384
Japan,JPN,1890,6331622
Japan,JPN,1891,7727376
Japan,JPN,1892,7734704
Japan,JPN,1893,8068127.5
Japan,JPN,1894,10438541
Japan,JPN,1895,11750448
Japan,JPN,1896,12311040
Japan,JPN,1897,12871632
Japan,JPN,1898,16484497
Japan,JPN,1899,16575935
Japan,JPN,1900,18429920
Japan,JPN,1901,22189012
Japan,JPN,1902,23764878
Japan,JPN,1903,24841920
Japan,JPN,1904,27721824
Japan,JPN,1905,28843008
Japan,JPN,1906,31609328
Japan,JPN,1907,33598880
Japan,JPN,1908,36116196
Japan,JPN,1909,36903810
Japan,JPN,1910,38596576
Japan,JPN,1911,43352380
Japan,JPN,1912,48562708
Japan,JPN,1913,53476080
Japan,JPN,1914,56876344
Japan,JPN,1915,51578130
Japan,JPN,1916,57290304
Japan,JPN,1917,66204750
Japan,JPN,1918,70440400
Japan,JPN,1919,78175100
Japan,JPN,1920,73250690
Japan,JPN,1921,65834756
Japan,JPN,1922,70495410
Japan,JPN,1923,75090020
Japan,JPN,1924,78537880
Japan,JPN,1925,81153940
Japan,JPN,1926,81802500
Japan,JPN,1927,88668830
Japan,JPN,1928,89643420
Japan,JPN,1929,91863810
Japan,JPN,1930,83370660
Japan,JPN,1931,75137780
Japan,JPN,1932,75353820
Japan,JPN,1933,88273090
Japan,JPN,1934,98033864
Japan,JPN,1935,102441780
Japan,JPN,1936,112613176
Japan,JPN,1937,121267540
Japan,JPN,1938,127833410
Japan,JPN,1939,124151080
Japan,JPN,1940,150125070
Japan,JPN,1941,150832320
Japan,JPN,1942,144816020
Japan,JPN,1943,147948590
Japan,JPN,1944,136484050
Japan,JPN,1945,75306190
Japan,JPN,1946,51592784
Japan,JPN,1947,68795260
Japan,JPN,1948,86583980
Japan,JPN,1949,96103060
Japan,JPN,1950,95729330
Japan,JPN,1951,110923940
Japan,JPN,1952,113873920
Japan,JPN,1953,119145280
Japan,JPN,1954,112989670
Japan,JPN,1955,108861100
Japan,JPN,1956,121359910
Japan,JPN,1957,136034350
Japan,JPN,1958,126487496
Japan,JPN,1959,125851070
Japan,JPN,1960,139145540
Japan,JPN,1961,160866340
Japan,JPN,1962,154221420
Japan,JPN,1963,155346270
Japan,JPN,1964,160212060
Japan,JPN,1965,165750460
Japan,JPN,1966,170456600
Japan,JPN,1967,181505870
Japan,JPN,1968,200142340
Japan,JPN,1969,221027140
Japan,JPN,1970,229273710
Japan,JPN,1971,206391230
Japan,JPN,1972,200220140
Japan,JPN,1973,214388830
Japan,JPN,1974,229194190
Japan,JPN,1975,213425230
Japan,JPN,1976,208386340
Japan,JPN,1977,204527340
Japan,JPN,1978,174739820
Japan,JPN,1979,190934700
Japan,JPN,1980,224295420
Japan,JPN,1981,247346620
Japan,JPN,1982,242622750
Japan,JPN,1983,229780430
Japan,JPN,1984,260169650
Japan,JPN,1985,271784500
Japan,JPN,1986,257450960
Japan,JPN,1987,250408750
Japan,JPN,1988,278497000
Japan,JPN,1989,277108320
Japan,JPN,1990,311242340
Japan,JPN,1991,311215520
Japan,JPN,1992,305863300
Japan,JPN,1993,311471070
Japan,JPN,1994,319196130
Japan,JPN,1995,328968400
Japan,JPN,1996,337796740
Japan,JPN,1997,343383740
Japan,JPN,1998,321286340
Japan,JPN,1999,339156000
Japan,JPN,2000,365731520
Japan,JPN,2001,374744900
Japan,JPN,2002,392048000
Japan,JPN,2003,405725020
Japan,JPN,2004,413613570
Japan,JPN,2005,424187900
Japan,JPN,2006,421174900
Japan,JPN,2007,438589020
Japan,JPN,2008,420310880
Japan,JPN,2009,406014100
Japan,JPN,2010,440140830
Japan,JPN,2011,424823580
Japan,JPN,2012,444259040
Japan,JPN,2013,475299260
Japan,JPN,2014,466617440
Japan,JPN,2015,460157660
Japan,JPN,2016,451653500
Japan,JPN,2017,453723680
Japan,JPN,2018,436722620
Japan,JPN,2019,427648000
Japan,JPN,2020,395041570
Japan,JPN,2021,421463900
Japan,JPN,2022,403623460
Japan,JPN,2023,386838660
Japan,JPN,2024,380972450
Jordan,JOR,2008,0
Jordan,JOR,2009,0
Jordan,JOR,2010,0
Jordan,JOR,2011,0
Jordan,JOR,2012,0
Jordan,JOR,2013,835392
Jordan,JOR,2014,1337360
Jordan,JOR,2015,659520
Jordan,JOR,2016,905008
Jordan,JOR,2017,740128
Jordan,JOR,2018,776768
Jordan,JOR,2019,791424
Jordan,JOR,2020,619107
Jordan,JOR,2021,641200
Jordan,JOR,2022,855809
Jordan,JOR,2023,1439237
Jordan,JOR,2024,1700214
Kazakhstan,KAZ,1830,1216
Kazakhstan,KAZ,1831,1459
Kazakhstan,KAZ,1832,973
Kazakhstan,KAZ,1833,1216
Kazakhstan,KAZ,1850,7537
Kazakhstan,KAZ,1855,22856
Kazakhstan,KAZ,1858,32095
Kazakhstan,KAZ,1859,34040
Kazakhstan,KAZ,1860,44654
Kazakhstan,KAZ,1861,56813
Kazakhstan,KAZ,1862,51219
Kazakhstan,KAZ,1863,53429
Kazakhstan,KAZ,1864,59772
Kazakhstan,KAZ,1865,56985
Kazakhstan,KAZ,1866,181863
Kazakhstan,KAZ,1867,208411
Kazakhstan,KAZ,1868,171927
Kazakhstan,KAZ,1869,234297
Kazakhstan,KAZ,1870,254480
Kazakhstan,KAZ,1871,344893
Kazakhstan,KAZ,1872,353912
Kazakhstan,KAZ,1873,329131
Kazakhstan,KAZ,1874,397590
Kazakhstan,KAZ,1875,453840
Kazakhstan,KAZ,1876,557998
Kazakhstan,KAZ,1877,560001
Kazakhstan,KAZ,1878,735369
Kazakhstan,KAZ,1879,745482
Kazakhstan,KAZ,1880,876587
Kazakhstan,KAZ,1881,903779
Kazakhstan,KAZ,1882,949246
Kazakhstan,KAZ,1883,1083540
Kazakhstan,KAZ,1884,1053629
Kazakhstan,KAZ,1885,1118120
Kazakhstan,KAZ,1886,1144019
Kazakhstan,KAZ,1887,1162807
Kazakhstan,KAZ,1888,1200608
Kazakhstan,KAZ,1889,1323072
Kazakhstan,KAZ,1890,1469734
Kazakhstan,KAZ,1891,1566327
Kazakhstan,KAZ,1892,1667990
Kazakhstan,KAZ,1893,1949537
Kazakhstan,KAZ,1894,2051006.1
Kazakhstan,KAZ,1895,2228209
Kazakhstan,KAZ,1896,2289106
Kazakhstan,KAZ,1897,2660928
Kazakhstan,KAZ,1898,2977152
Kazakhstan,KAZ,1899,3546917
Kazakhstan,KAZ,1900,3980855
Kazakhstan,KAZ,1901,3960322
Kazakhstan,KAZ,1902,3856901
Kazakhstan,KAZ,1903,3876132
Kazakhstan,KAZ,1904,4396101
Kazakhstan,KAZ,1905,4110990
Kazakhstan,KAZ,1906,4691301
Kazakhstan,KAZ,1907,5314739
Kazakhstan,KAZ,1908,5352131
Kazakhstan,KAZ,1909,5635642
Kazakhstan,KAZ,1910,5468763
Kazakhstan,KAZ,1911,5769754
Kazakhstan,KAZ,1912,6651809
Kazakhstan,KAZ,1913,7340428
Kazakhstan,KAZ,1914,6493112
Kazakhstan,KAZ,1915,5777636
Kazakhstan,KAZ,1916,6153940
Kazakhstan,KAZ,1917,5704479
Kazakhstan,KAZ,1918,2248466
Kazakhstan,KAZ,1919,1742514
Kazakhstan,KAZ,1920,1610672
Kazakhstan,KAZ,1921,1807961
Kazakhstan,KAZ,1922,2202128
Kazakhstan,KAZ,1923,2421590
Kazakhstan,KAZ,1924,2993185
Kazakhstan,KAZ,1925,2894839
Kazakhstan,KAZ,1926,4391414
Kazakhstan,KAZ,1927,5495767
Kazakhstan,KAZ,1928,6196989
Kazakhstan,KAZ,1929,6515553
Kazakhstan,KAZ,1930,8209295.5
Kazakhstan,KAZ,1931,9842921
Kazakhstan,KAZ,1932,11655364
Kazakhstan,KAZ,1933,13346548
Kazakhstan,KAZ,1934,16340168
Kazakhstan,KAZ,1935,18715824
Kazakhstan,KAZ,1936,21619010
Kazakhstan,KAZ,1937,22038388
Kazakhstan,KAZ,1938,23247550
Kazakhstan,KAZ,1939,23556212
Kazakhstan,KAZ,1940,28867904
Kazakhstan,KAZ,1941,24862024
Kazakhstan,KAZ,1942,11804237
Kazakhstan,KAZ,1943,13010339
Kazakhstan,KAZ,1944,19202050
Kazakhstan,KAZ,1945,22635800
Kazakhstan,KAZ,1946,25357960
Kazakhstan,KAZ,1947,30491522
Kazakhstan,KAZ,1948,32262036
Kazakhstan,KAZ,1949,36577116
Kazakhstan,KAZ,1950,40712268
Kazakhstan,KAZ,1951,44124270
Kazakhstan,KAZ,1952,46965732
Kazakhstan,KAZ,1953,49410120
Kazakhstan,KAZ,1954,53822444
Kazakhstan,KAZ,1955,60771332
Kazakhstan,KAZ,1956,66015692
Kazakhstan,KAZ,1957,71636140
Kazakhstan,KAZ,1958,75502200
Kazakhstan,KAZ,1959,78485944
Kazakhstan,KAZ,1960,80456770
Kazakhstan,KAZ,1961,81412270
Kazakhstan,KAZ,1962,83439610
Kazakhstan,KAZ,1963,88365100
Kazakhstan,KAZ,1964,92940830
Kazakhstan,KAZ,1965,97669870
Kazakhstan,KAZ,1966,102214730
Kazakhstan,KAZ,1967,104951064
Kazakhstan,KAZ,1968,105910950
Kazakhstan,KAZ,1969,108810824
Kazakhstan,KAZ,1970,114432504
Kazakhstan,KAZ,1971,118983680
Kazakhstan,KAZ,1972,123663064
Kazakhstan,KAZ,1973,126595050
Kazakhstan,KAZ,1974,128799660
Kazakhstan,KAZ,1975,134078550
Kazakhstan,KAZ,1976,138906560
Kazakhstan,KAZ,1977,142525250
Kazakhstan,KAZ,1978,143985700
Kazakhstan,KAZ,1979,145428850
Kazakhstan,KAZ,1980,152571970
Kazakhstan,KAZ,1981,143619950
Kazakhstan,KAZ,1982,146507840
Kazakhstan,KAZ,1983,147575090
Kazakhstan,KAZ,1984,148825400
Kazakhstan,KAZ,1985,166713260
Kazakhstan,KAZ,1986,176030290
Kazakhstan,KAZ,1987,181548530
Kazakhstan,KAZ,1988,195433120
Kazakhstan,KAZ,1989,185852110
Kazakhstan,KAZ,1990,173707000
Kazakhstan,KAZ,1991,171460850
Kazakhstan,KAZ,1992,160477250
Kazakhstan,KAZ,1993,143686620
Kazakhstan,KAZ,1994,118563944
Kazakhstan,KAZ,1995,116130856
Kazakhstan,KAZ,1996,104793340
Kazakhstan,KAZ,1997,96058360
Kazakhstan,KAZ,1998,93213060
Kazakhstan,KAZ,1999,81795704
Kazakhstan,KAZ,2000,95035430
Kazakhstan,KAZ,2001,93208500
Kazakhstan,KAZ,2002,95067730
Kazakhstan,KAZ,2003,106205860
Kazakhstan,KAZ,2004,112533816
Kazakhstan,KAZ,2005,113323790
Kazakhstan,KAZ,2006,119135300
Kazakhstan,KAZ,2007,129580320
Kazakhstan,KAZ,2008,125130130
Kazakhstan,KAZ,2009,136013230
Kazakhstan,KAZ,2010,144000720
Kazakhstan,KAZ,2011,141541340
Kazakhstan,KAZ,2012,152612260
Kazakhstan,KAZ,2013,150899620
Kazakhstan,KAZ,2014,194195650
Kazakhstan,KAZ,2015,186754260
Kazakhstan,KAZ,2016,185488660
Kazakhstan,KAZ,2017,191064030
Kazakhstan,KAZ,2018,193771730
Kazakhstan,KAZ,2019,180217390
Kazakhstan,KAZ,2020,184963570
Kazakhstan,KAZ,2021,138532640
Kazakhstan,KAZ,2022,150966300
Kazakhstan,KAZ,2023,163217470
Kazakhstan,KAZ,2024,160166690
Kenya,KEN,1950,117248
Kenya,KEN,1951,51296
Kenya,KEN,1952,76944
Kenya,KEN,1953,36640
Kenya,KEN,1954,62288
Kenya,KEN,1955,69616
Kenya,KEN,1956,120912
Kenya,KEN,1957,106256
Kenya,KEN,1958,102592
Kenya,KEN,1959,99092
Kenya,KEN,1960,113413
Kenya,KEN,1961,98777
Kenya,KEN,1962,117412
Kenya,KEN,1963,113584
Kenya,KEN,1964,91600
Kenya,KEN,1965,146343
Kenya,KEN,1966,128415
Kenya,KEN,1967,131904
Kenya,KEN,1968,109777
Kenya,KEN,1969,84371
Kenya,KEN,1970,219840
Kenya,KEN,1971,216176
Kenya,KEN,1972,106256
Kenya,KEN,1973,187039
Kenya,KEN,1974,175872
Kenya,KEN,1975,120912
Kenya,KEN,1976,168544
Kenya,KEN,1977,168544
Kenya,KEN,1978,139136
Kenya,KEN,1979,43936
Kenya,KEN,1980,47604
Kenya,KEN,1981,238160
Kenya,KEN,1982,87936
Kenya,KEN,1983,245295
Kenya,KEN,1984,315104
Kenya,KEN,1985,230832
Kenya,KEN,1986,227168
Kenya,KEN,1987,245314
Kenya,KEN,1988,300448
Kenya,KEN,1989,351744
Kenya,KEN,1990,403040
Kenya,KEN,1991,351744
Kenya,KEN,1992,421360
Kenya,KEN,1993,351539
Kenya,KEN,1994,293120
Kenya,KEN,1995,369883
Kenya,KEN,1996,351744
Kenya,KEN,1997,245378
Kenya,KEN,1998,197783
Kenya,KEN,1999,194192
Kenya,KEN,2000,175872
Kenya,KEN,2001,175872
Kenya,KEN,2002,263931
Kenya,KEN,2003,245488
Kenya,KEN,2004,285792
Kenya,KEN,2005,333279
Kenya,KEN,2006,443344
Kenya,KEN,2007,399528
Kenya,KEN,2008,410368
Kenya,KEN,2009,366400
Kenya,KEN,2010,626544
Kenya,KEN,2011,894016
Kenya,KEN,2012,802171
Kenya,KEN,2013,886688
Kenya,KEN,2014,1098909
Kenya,KEN,2015,1161749
Kenya,KEN,2016,1147073
Kenya,KEN,2017,1080880
Kenya,KEN,2018,1619162
Kenya,KEN,2019,1428960
Kenya,KEN,2020,1920270
Kenya,KEN,2021,2227712
Kenya,KEN,2022,2729196
Kenya,KEN,2023,3155558
Kenya,KEN,2024,3221861
Kosovo,OWID_KOS,2000,3825216
Kosovo,OWID_KOS,2001,4851136
Kosovo,OWID_KOS,2002,4821824
Kosovo,OWID_KOS,2003,5147920
Kosovo,OWID_KOS,2004,5129600
Kosovo,OWID_KOS,2005,4906096
Kosovo,OWID_KOS,2006,4884112
Kosovo,OWID_KOS,2007,5101135
Kosovo,OWID_KOS,2008,5510656
Kosovo,OWID_KOS,2009,6261776
Kosovo,OWID_KOS,2010,6612750
Kosovo,OWID_KOS,2011,6407496
Kosovo,OWID_KOS,2012,6045600
Kosovo,OWID_KOS,2013,6140864
Kosovo,OWID_KOS,2014,5350352
Kosovo,OWID_KOS,2015,6151856
Kosovo,OWID_KOS,2016,6665727
Kosovo,OWID_KOS,2017,5599728
Kosovo,OWID_KOS,2018,5664544
Kosovo,OWID_KOS,2019,5943008
Kosovo,OWID_KOS,2020,6094302
Kosovo,OWID_KOS,2021,6188496
Kosovo,OWID_KOS,2022,6055497
Kosovo,OWID_KOS,2023,5735597
Kosovo,OWID_KOS,2024,5528294
Kuwait,KWT,1946,0
Kuwait,KWT,1947,0
Kuwait,KWT,1948,0
Kuwait,KWT,1949,0
Kuwait,KWT,1980,0
Kuwait,KWT,1981,0
Kuwait,KWT,1982,0
Kuwait,KWT,1983,0
Kuwait,KWT,1984,0
Kuwait,KWT,1985,0
Kuwait,KWT,1986,0
Kuwait,KWT,1987,0
Kuwait,KWT,1988,0
Kuwait,KWT,1989,0
Kuwait,KWT,1990,0
Kuwait,KWT,1992,0
Kuwait,KWT,1993,0
Kuwait,KWT,1994,0
Kuwait,KWT,1995,0
Kuwait,KWT,1996,0
Kuwait,KWT,1997,0
Kuwait,KWT,1998,0
Kuwait,KWT,1999,0
Kuwait,KWT,2000,42
Kuwait,KWT,2001,155
Kuwait,KWT,2002,291
Kuwait,KWT,2003,245
Kuwait,KWT,2004,351
Kuwait,KWT,2005,1364
Kuwait,KWT,2006,2455
Kuwait,KWT,2007,2043
Kuwait,KWT,2008,1267
Kuwait,KWT,2009,2317
Kuwait,KWT,2010,3378
Kuwait,KWT,2011,50818
Kuwait,KWT,2012,531852
Kuwait,KWT,2013,589402
Kuwait,KWT,2014,811270
Kuwait,KWT,2015,846946
Kuwait,KWT,2016,778208
Kuwait,KWT,2017,534137
Kuwait,KWT,2018,746030
Kuwait,KWT,2019,578493
Kuwait,KWT,2020,162671
Kuwait,KWT,2021,277678
Kuwait,KWT,2022,336952
Kuwait,KWT,2023,621075
Kuwait,KWT,2024,622777
Kyrgyzstan,KGZ,1830,104
Kyrgyzstan,KGZ,1831,125.00001
Kyrgyzstan,KGZ,1832,83
Kyrgyzstan,KGZ,1833,104
Kyrgyzstan,KGZ,1850,647
Kyrgyzstan,KGZ,1855,1962
Kyrgyzstan,KGZ,1858,2755
Kyrgyzstan,KGZ,1859,2922
Kyrgyzstan,KGZ,1860,3794
Kyrgyzstan,KGZ,1861,4837
Kyrgyzstan,KGZ,1862,4357
Kyrgyzstan,KGZ,1863,4521
Kyrgyzstan,KGZ,1864,5040
Kyrgyzstan,KGZ,1865,4789
Kyrgyzstan,KGZ,1866,15492
Kyrgyzstan,KGZ,1867,17719
Kyrgyzstan,KGZ,1868,14449
Kyrgyzstan,KGZ,1869,19813
Kyrgyzstan,KGZ,1870,21545
Kyrgyzstan,KGZ,1871,29355
Kyrgyzstan,KGZ,1872,30104
Kyrgyzstan,KGZ,1873,27648
Kyrgyzstan,KGZ,1874,33184
Kyrgyzstan,KGZ,1875,37466
Kyrgyzstan,KGZ,1876,45489
Kyrgyzstan,KGZ,1877,44703
Kyrgyzstan,KGZ,1878,59050
Kyrgyzstan,KGZ,1879,58979
Kyrgyzstan,KGZ,1880,69550
Kyrgyzstan,KGZ,1881,69910
Kyrgyzstan,KGZ,1882,73185
Kyrgyzstan,KGZ,1883,83818
Kyrgyzstan,KGZ,1884,77691
Kyrgyzstan,KGZ,1885,80257
Kyrgyzstan,KGZ,1886,81919
Kyrgyzstan,KGZ,1887,80101
Kyrgyzstan,KGZ,1888,81937
Kyrgyzstan,KGZ,1889,91998
Kyrgyzstan,KGZ,1890,100388
Kyrgyzstan,KGZ,1891,103955
Kyrgyzstan,KGZ,1892,111276
Kyrgyzstan,KGZ,1893,129741
Kyrgyzstan,KGZ,1894,140473
Kyrgyzstan,KGZ,1895,145368
Kyrgyzstan,KGZ,1896,150477
Kyrgyzstan,KGZ,1897,175710
Kyrgyzstan,KGZ,1898,196193
Kyrgyzstan,KGZ,1899,239169
Kyrgyzstan,KGZ,1900,266255
Kyrgyzstan,KGZ,1901,257939.02
Kyrgyzstan,KGZ,1902,252929.98
Kyrgyzstan,KGZ,1903,260123.02
Kyrgyzstan,KGZ,1904,300108
Kyrgyzstan,KGZ,1905,293325
Kyrgyzstan,KGZ,1906,334890
Kyrgyzstan,KGZ,1907,383757
Kyrgyzstan,KGZ,1908,386810
Kyrgyzstan,KGZ,1909,406260
Kyrgyzstan,KGZ,1910,390071
Kyrgyzstan,KGZ,1911,418865
Kyrgyzstan,KGZ,1912,491875
Kyrgyzstan,KGZ,1913,552119
Kyrgyzstan,KGZ,1914,477913
Kyrgyzstan,KGZ,1915,411946
Kyrgyzstan,KGZ,1916,438493
Kyrgyzstan,KGZ,1917,409393
Kyrgyzstan,KGZ,1918,159497
Kyrgyzstan,KGZ,1919,113293
Kyrgyzstan,KGZ,1920,105903
Kyrgyzstan,KGZ,1921,122459
Kyrgyzstan,KGZ,1922,148992
Kyrgyzstan,KGZ,1923,163187
Kyrgyzstan,KGZ,1924,208564
Kyrgyzstan,KGZ,1925,197906
Kyrgyzstan,KGZ,1926,313670
Kyrgyzstan,KGZ,1927,395175
Kyrgyzstan,KGZ,1928,451041
Kyrgyzstan,KGZ,1929,462568
Kyrgyzstan,KGZ,1930,543454
Kyrgyzstan,KGZ,1931,650673
Kyrgyzstan,KGZ,1932,805710
Kyrgyzstan,KGZ,1933,945220
Kyrgyzstan,KGZ,1934,1171001
Kyrgyzstan,KGZ,1935,1357125
Kyrgyzstan,KGZ,1936,1579019
Kyrgyzstan,KGZ,1937,1604830
Kyrgyzstan,KGZ,1938,1691993
Kyrgyzstan,KGZ,1939,1716308
Kyrgyzstan,KGZ,1940,2153641
Kyrgyzstan,KGZ,1941,1816546
Kyrgyzstan,KGZ,1942,763354
Kyrgyzstan,KGZ,1943,881224
Kyrgyzstan,KGZ,1944,1321527
Kyrgyzstan,KGZ,1945,1736971
Kyrgyzstan,KGZ,1946,1937611
Kyrgyzstan,KGZ,1947,2325448
Kyrgyzstan,KGZ,1948,2443393
Kyrgyzstan,KGZ,1949,2761854
Kyrgyzstan,KGZ,1950,3067265
Kyrgyzstan,KGZ,1951,3323569
Kyrgyzstan,KGZ,1952,3513558
Kyrgyzstan,KGZ,1953,3672985
Kyrgyzstan,KGZ,1954,3988403
Kyrgyzstan,KGZ,1955,4481797
Kyrgyzstan,KGZ,1956,4819585
Kyrgyzstan,KGZ,1957,5179931
Kyrgyzstan,KGZ,1958,5383499
Kyrgyzstan,KGZ,1959,5527462
Kyrgyzstan,KGZ,1960,5573806
Kyrgyzstan,KGZ,1961,5531768
Kyrgyzstan,KGZ,1962,5541445
Kyrgyzstan,KGZ,1963,5799457
Kyrgyzstan,KGZ,1964,6035701
Kyrgyzstan,KGZ,1965,6285824
Kyrgyzstan,KGZ,1966,6524206
Kyrgyzstan,KGZ,1967,6597996
Kyrgyzstan,KGZ,1968,6558906
Kyrgyzstan,KGZ,1969,6668502
Kyrgyzstan,KGZ,1970,7022249
Kyrgyzstan,KGZ,1971,7165124
Kyrgyzstan,KGZ,1972,7384440
Kyrgyzstan,KGZ,1973,7460800
Kyrgyzstan,KGZ,1974,7484346
Kyrgyzstan,KGZ,1975,7735255
Kyrgyzstan,KGZ,1976,7993893
Kyrgyzstan,KGZ,1977,8156175.5
Kyrgyzstan,KGZ,1978,8118169
Kyrgyzstan,KGZ,1979,8219930.5
Kyrgyzstan,KGZ,1980,8674781
Kyrgyzstan,KGZ,1981,7950404
Kyrgyzstan,KGZ,1982,8113190.5
Kyrgyzstan,KGZ,1983,8129565
Kyrgyzstan,KGZ,1984,8183715
Kyrgyzstan,KGZ,1985,9377659
Kyrgyzstan,KGZ,1986,10088408
Kyrgyzstan,KGZ,1987,10062322
Kyrgyzstan,KGZ,1988,8823141
Kyrgyzstan,KGZ,1989,8320480.5
Kyrgyzstan,KGZ,1990,7085116
Kyrgyzstan,KGZ,1991,6164203
Kyrgyzstan,KGZ,1992,3814224
Kyrgyzstan,KGZ,1993,3436832
Kyrgyzstan,KGZ,1994,3424220
Kyrgyzstan,KGZ,1995,1245760
Kyrgyzstan,KGZ,1996,1853984
Kyrgyzstan,KGZ,1997,1941920
Kyrgyzstan,KGZ,1998,1938256
Kyrgyzstan,KGZ,1999,1916272
Kyrgyzstan,KGZ,2000,1864976
Kyrgyzstan,KGZ,2001,1228607
Kyrgyzstan,KGZ,2002,1985888
Kyrgyzstan,KGZ,2003,2407248
Kyrgyzstan,KGZ,2004,2363280
Kyrgyzstan,KGZ,2005,2319312
Kyrgyzstan,KGZ,2006,2224048
Kyrgyzstan,KGZ,2007,2304656
Kyrgyzstan,KGZ,2008,3192892
Kyrgyzstan,KGZ,2009,2751664
Kyrgyzstan,KGZ,2010,2682048
Kyrgyzstan,KGZ,2011,2865248
Kyrgyzstan,KGZ,2012,4015744.2
Kyrgyzstan,KGZ,2013,3576064
Kyrgyzstan,KGZ,2014,4503056
Kyrgyzstan,KGZ,2015,4338176
Kyrgyzstan,KGZ,2016,3480800
Kyrgyzstan,KGZ,2017,3390532
Kyrgyzstan,KGZ,2018,4042728
Kyrgyzstan,KGZ,2019,3173024
Kyrgyzstan,KGZ,2020,3174431
Kyrgyzstan,KGZ,2021,4157127.8
Kyrgyzstan,KGZ,2022,5429336
Kyrgyzstan,KGZ,2023,4998675
Kyrgyzstan,KGZ,2024,5667011
Laos,LAO,1955,0
Laos,LAO,1956,0
Laos,LAO,1958,0
Laos,LAO,1959,0
Laos,LAO,1960,0
Laos,LAO,1961,0
Laos,LAO,1962,0
Laos,LAO,1963,0
Laos,LAO,1964,0
Laos,LAO,1965,0
Laos,LAO,1966,0
Laos,LAO,1967,0
Laos,LAO,1968,0
Laos,LAO,1969,0
Laos,LAO,1970,0
Laos,LAO,1971,0
Laos,LAO,1972,0
Laos,LAO,1973,0
Laos,LAO,1974,0
Laos,LAO,1975,0
Laos,LAO,1976,0
Laos,LAO,1977,0
Laos,LAO,1978,0
Laos,LAO,1985,0
Laos,LAO,1986,0
Laos,LAO,1987,3664
Laos,LAO,1988,3664
Laos,LAO,1989,3607
Laos,LAO,1990,3664
Laos,LAO,1991,3689
Laos,LAO,1992,7328
Laos,LAO,1993,14568
Laos,LAO,1994,18320
Laos,LAO,1995,22105
Laos,LAO,1996,51296
Laos,LAO,1997,95264
Laos,LAO,1998,69616
Laos,LAO,1999,14656
Laos,LAO,2000,40304
Laos,LAO,2001,51296
Laos,LAO,2002,84272
Laos,LAO,2003,102288
Laos,LAO,2004,124576
Laos,LAO,2005,135568
Laos,LAO,2006,186864
Laos,LAO,2007,212512
Laos,LAO,2008,296784
Laos,LAO,2009,352221
Laos,LAO,2010,637536
Laos,LAO,2011,677840
Laos,LAO,2012,714480
Laos,LAO,2013,1070873
Laos,LAO,2014,1124848
Laos,LAO,2015,5107616
Laos,LAO,2016,11965626
Laos,LAO,2017,14916144
Laos,LAO,2018,15337504
Laos,LAO,2019,13663056
Laos,LAO,2020,13292992
Laos,LAO,2021,13669003
Laos,LAO,2022,14938128
Laos,LAO,2023,16559292
Laos,LAO,2024,16678045
Latvia,LVA,1830,122
Latvia,LVA,1831,147
Latvia,LVA,1832,98
Latvia,LVA,1833,122
Latvia,LVA,1850,759
Latvia,LVA,1855,2301
Latvia,LVA,1858,3231
Latvia,LVA,1859,3427
Latvia,LVA,1860,4094
Latvia,LVA,1861,5312
Latvia,LVA,1862,4750
Latvia,LVA,1863,4732
Latvia,LVA,1864,5138
Latvia,LVA,1865,4760
Latvia,LVA,1866,17076
Latvia,LVA,1867,19229
Latvia,LVA,1868,14374
Latvia,LVA,1869,20629
Latvia,LVA,1870,22632
Latvia,LVA,1871,32139
Latvia,LVA,1872,32791
Latvia,LVA,1873,27410
Latvia,LVA,1874,31459
Latvia,LVA,1875,33078
Latvia,LVA,1876,37252
Latvia,LVA,1877,32719.002
Latvia,LVA,1878,44541
Latvia,LVA,1879,41328
Latvia,LVA,1880,49407
Latvia,LVA,1881,44302
Latvia,LVA,1882,45743
Latvia,LVA,1883,53124
Latvia,LVA,1884,41155
Latvia,LVA,1885,39047
Latvia,LVA,1886,39571
Latvia,LVA,1887,34780
Latvia,LVA,1888,34750
Latvia,LVA,1889,40930
Latvia,LVA,1890,42664
Latvia,LVA,1891,41275
Latvia,LVA,1892,44704
Latvia,LVA,1893,51832
Latvia,LVA,1894,60107
Latvia,LVA,1895,55584
Latvia,LVA,1896,58487
Latvia,LVA,1897,68978
Latvia,LVA,1898,76673
Latvia,LVA,1899,98515
Latvia,LVA,1900,107598
Latvia,LVA,1901,98276
Latvia,LVA,1902,97797
Latvia,LVA,1903,105946
Latvia,LVA,1904,127375.01
Latvia,LVA,1905,140216
Latvia,LVA,1906,160306
Latvia,LVA,1907,190095
Latvia,LVA,1908,192143
Latvia,LVA,1909,200234
Latvia,LVA,1910,186276
Latvia,LVA,1911,210979
Latvia,LVA,1912,263064
Latvia,LVA,1913,313523
Latvia,LVA,1914,251645
Latvia,LVA,1915,196506
Latvia,LVA,1916,208775
Latvia,LVA,1917,199083
Latvia,LVA,1918,74967
Latvia,LVA,1919,43006
Latvia,LVA,1920,41183
Latvia,LVA,1921,51007
Latvia,LVA,1922,61886
Latvia,LVA,1923,67131
Latvia,LVA,1924,93440
Latvia,LVA,1925,84488
Latvia,LVA,1926,150726
Latvia,LVA,1927,193628
Latvia,LVA,1928,236974
Latvia,LVA,1929,225947
Latvia,LVA,1930,221577
Latvia,LVA,1931,263753
Latvia,LVA,1932,363518
Latvia,LVA,1933,451687
Latvia,LVA,1934,579865
Latvia,LVA,1935,699364
Latvia,LVA,1936,835272
Latvia,LVA,1937,837725
Latvia,LVA,1938,879596
Latvia,LVA,1939,894602
Latvia,LVA,1940,1226750
Latvia,LVA,1941,961343
Latvia,LVA,1942,286514
Latvia,LVA,1943,366894
Latvia,LVA,1944,572451
Latvia,LVA,1945,1086130
Latvia,LVA,1946,1201055
Latvia,LVA,1947,1435791
Latvia,LVA,1948,1478152
Latvia,LVA,1949,1653419
Latvia,LVA,1950,1833476
Latvia,LVA,1951,1991649
Latvia,LVA,1952,2055907
Latvia,LVA,1953,2105656
Latvia,LVA,1954,2269553
Latvia,LVA,1955,2513342
Latvia,LVA,1956,2615451
Latvia,LVA,1957,2741757
Latvia,LVA,1958,2750039
Latvia,LVA,1959,2744849
Latvia,LVA,1960,2670116
Latvia,LVA,1961,2542345
Latvia,LVA,1962,2426776
Latvia,LVA,1963,2479385
Latvia,LVA,1964,2532550
Latvia,LVA,1965,2603472
Latvia,LVA,1966,2667742
Latvia,LVA,1967,2619016
Latvia,LVA,1968,2531327
Latvia,LVA,1969,2521549
Latvia,LVA,1970,2644330
Latvia,LVA,1971,2682013
Latvia,LVA,1972,2710926
Latvia,LVA,1973,2685528
Latvia,LVA,1974,2635991
Latvia,LVA,1975,2702027
Latvia,LVA,1976,2792944
Latvia,LVA,1977,2831310
Latvia,LVA,1978,2749466
Latvia,LVA,1979,2755767
Latvia,LVA,1980,2932152
Latvia,LVA,1981,2596961
Latvia,LVA,1982,2652052
Latvia,LVA,1983,2649999
Latvia,LVA,1984,2677258
Latvia,LVA,1985,3173908
Latvia,LVA,1986,4025067.8
Latvia,LVA,1987,3658270
Latvia,LVA,1988,3789397
Latvia,LVA,1989,3083335
Latvia,LVA,1990,2811669
Latvia,LVA,1991,2455090
Latvia,LVA,1992,2163498
Latvia,LVA,1993,1994787
Latvia,LVA,1994,1520794
Latvia,LVA,1995,1111259
Latvia,LVA,1996,1039513.94
Latvia,LVA,1997,941060
Latvia,LVA,1998,703367
Latvia,LVA,1999,538523
Latvia,LVA,2000,569863
Latvia,LVA,2001,525763
Latvia,LVA,2002,435511
Latvia,LVA,2003,387864
Latvia,LVA,2004,321560
Latvia,LVA,2005,361700
Latvia,LVA,2006,381311
Latvia,LVA,2007,453590
Latvia,LVA,2008,440299
Latvia,LVA,2009,362411
Latvia,LVA,2010,455342
Latvia,LVA,2011,442418
Latvia,LVA,2012,400164
Latvia,LVA,2013,301134
Latvia,LVA,2014,242430
Latvia,LVA,2015,190231
Latvia,LVA,2016,165653
Latvia,LVA,2017,167253
Latvia,LVA,2018,197038
Latvia,LVA,2019,166208
Latvia,LVA,2020,99901
Latvia,LVA,2021,78466
Latvia,LVA,2022,58247
Latvia,LVA,2023,60195
Latvia,LVA,2024,48274
Lebanon,LBN,1950,3655
Lebanon,LBN,1951,3655
Lebanon,LBN,1952,10992
Lebanon,LBN,1953,10992
Lebanon,LBN,1954,7328
Lebanon,LBN,1955,3664
Lebanon,LBN,1956,7328
Lebanon,LBN,1957,7328
Lebanon,LBN,1958,7328
Lebanon,LBN,1959,7328
Lebanon,LBN,1960,11008
Lebanon,LBN,1961,3664
Lebanon,LBN,1962,7328
Lebanon,LBN,1963,21984
Lebanon,LBN,1964,29312
Lebanon,LBN,1965,25648
Lebanon,LBN,1966,10992
Lebanon,LBN,1967,3664
Lebanon,LBN,1968,11003
Lebanon,LBN,1969,25648
Lebanon,LBN,1970,10982
Lebanon,LBN,1971,10992
Lebanon,LBN,1972,18308
Lebanon,LBN,1973,36640
Lebanon,LBN,1974,25648
Lebanon,LBN,1975,25648
Lebanon,LBN,1976,14656
Lebanon,LBN,1977,14656
Lebanon,LBN,1978,14656
Lebanon,LBN,1979,14656
Lebanon,LBN,1980,14656
Lebanon,LBN,1981,14656
Lebanon,LBN,1982,7328
Lebanon,LBN,1983,0
Lebanon,LBN,1984,0
Lebanon,LBN,1985,0
Lebanon,LBN,1986,0
Lebanon,LBN,1987,0
Lebanon,LBN,1988,0
Lebanon,LBN,1989,0
Lebanon,LBN,1993,278464
Lebanon,LBN,1994,282045
Lebanon,LBN,1995,476320
Lebanon,LBN,1996,564256
Lebanon,LBN,1997,575248
Lebanon,LBN,1998,501968.03
Lebanon,LBN,1999,505631.97
Lebanon,LBN,2000,501968.03
Lebanon,LBN,2001,501968.03
Lebanon,LBN,2002,501968.03
Lebanon,LBN,2003,501865.03
Lebanon,LBN,2004,501968.03
Lebanon,LBN,2005,501968.03
Lebanon,LBN,2006,501838.03
Lebanon,LBN,2007,501968.03
Lebanon,LBN,2008,501968.03
Lebanon,LBN,2009,501877
Lebanon,LBN,2010,564256
Lebanon,LBN,2011,626544
Lebanon,LBN,2012,626544
Lebanon,LBN,2013,501882.97
Lebanon,LBN,2014,626544
Lebanon,LBN,2015,626455
Lebanon,LBN,2016,626544
Lebanon,LBN,2017,626462
Lebanon,LBN,2018,263808
Lebanon,LBN,2019,109920
Lebanon,LBN,2020,43968
Lebanon,LBN,2021,157582
Lebanon,LBN,2022,51296
Lebanon,LBN,2023,86266
Lebanon,LBN,2024,101908
Lesotho,LSO,1990,1142346
Lesotho,LSO,1991,1194464
Lesotho,LSO,1992,1245760
Lesotho,LSO,1993,1286064
Lesotho,LSO,1994,1326368
Lesotho,LSO,1995,1352016
Lesotho,LSO,1996,1378420
Lesotho,LSO,1997,1404069
Lesotho,LSO,1998,1432624
Lesotho,LSO,1999,1450944
Lesotho,LSO,2000,1472179
Lesotho,LSO,2001,1491248
Lesotho,LSO,2002,1516148
Lesotho,LSO,2003,1542544
Lesotho,LSO,2004,1571856
Lesotho,LSO,2005,1597504
Lesotho,LSO,2006,1623890
Lesotho,LSO,2007,1652464
Lesotho,LSO,2008,1681776
Lesotho,LSO,2009,1711088
Lesotho,LSO,2010,1751392
Lesotho,LSO,2011,2210121
Lesotho,LSO,2012,2198400
Lesotho,LSO,2013,1531552
Lesotho,LSO,2014,1670784
Lesotho,LSO,2015,1432624
Lesotho,LSO,2016,1377664
Lesotho,LSO,2017,1634144
Lesotho,LSO,2018,1480256
Lesotho,LSO,2019,1470465
Lesotho,LSO,2020,1352016
Lesotho,LSO,2021,2399920
Lesotho,LSO,2022,1637808
Lesotho,LSO,2023,1570695
Lesotho,LSO,2024,1640938
Libya,LBY,1950,14656
Libya,LBY,1951,14656
Libya,LBY,1952,14989
Libya,LBY,1953,25648
Libya,LBY,1954,69616
Libya,LBY,1955,197856
Libya,LBY,1956,91600
Libya,LBY,1957,80608
Libya,LBY,1958,96267
Libya,LBY,1959,81297
Libya,LBY,1960,87936
Libya,LBY,1961,102278
Libya,LBY,1962,14707
Libya,LBY,1963,25584
Libya,LBY,1964,3684
Libya,LBY,1965,18320
Libya,LBY,1967,3665
Libya,LBY,1968,10991
Libya,LBY,1969,3664
Libya,LBY,1970,0
Libya,LBY,1971,3664
Libya,LBY,1972,3664
Libya,LBY,1973,0
Libya,LBY,1974,0
Libya,LBY,1975,0
Libya,LBY,1976,0
Libya,LBY,1977,0
Libya,LBY,1978,0
Libya,LBY,1979,0
Libya,LBY,1980,3664
Libya,LBY,1981,3664
Libya,LBY,1982,3664
Libya,LBY,1983,3664
Libya,LBY,1984,3664
Libya,LBY,1985,3664
Libya,LBY,1986,3664
Libya,LBY,1987,3664
Libya,LBY,1988,3664
Libya,LBY,1989,10992
Libya,LBY,1990,14655
Libya,LBY,1991,14655
Libya,LBY,1992,14656
Libya,LBY,1993,10993
Libya,LBY,1994,14656
Libya,LBY,1995,14655
Libya,LBY,1996,14656
Libya,LBY,1997,14655
Libya,LBY,1998,0
Libya,LBY,1999,0
Libya,LBY,2000,0
Libya,LBY,2001,0
Libya,LBY,2002,0
Libya,LBY,2003,0
Libya,LBY,2004,0
Libya,LBY,2005,0
Libya,LBY,2006,3664
Libya,LBY,2007,0
Libya,LBY,2008,0
Liechtenstein,LIE,1990,96
Liechtenstein,LIE,1991,91
Liechtenstein,LIE,1992,109
Liechtenstein,LIE,1993,99
Liechtenstein,LIE,1994,70
Liechtenstein,LIE,1995,68
Liechtenstein,LIE,1996,49
Liechtenstein,LIE,1997,52
Liechtenstein,LIE,1998,55
Liechtenstein,LIE,1999,29
Liechtenstein,LIE,2000,63
Liechtenstein,LIE,2001,34
Liechtenstein,LIE,2002,31
Liechtenstein,LIE,2003,34
Liechtenstein,LIE,2004,26
Liechtenstein,LIE,2005,23
Liechtenstein,LIE,2006,16
Liechtenstein,LIE,2007,13
Liechtenstein,LIE,2008,10
Liechtenstein,LIE,2009,5
Liechtenstein,LIE,2010,5
Liechtenstein,LIE,2011,5
Liechtenstein,LIE,2012,0
Liechtenstein,LIE,2013,0
Liechtenstein,LIE,2014,0
Liechtenstein,LIE,2015,0
Liechtenstein,LIE,2016,0
Liechtenstein,LIE,2017,0
Liechtenstein,LIE,2018,0
Liechtenstein,LIE,2019,0
Liechtenstein,LIE,2020,0
Liechtenstein,LIE,2021,0
Liechtenstein,LIE,2022,0
Liechtenstein,LIE,2023,0
Liechtenstein,LIE,2024,0
Lithuania,LTU,1830,191
Lithuania,LTU,1831,229
Lithuania,LTU,1832,153
Lithuania,LTU,1833,191
Lithuania,LTU,1850,1184
Lithuania,LTU,1855,3589
Lithuania,LTU,1858,5040
Lithuania,LTU,1859,5345
Lithuania,LTU,1860,6180
Lithuania,LTU,1861,8072
Lithuania,LTU,1862,7199
Lithuania,LTU,1863,7065
Lithuania,LTU,1864,7601
Lithuania,LTU,1865,6982
Lithuania,LTU,1866,25984
Lithuania,LTU,1867,29089
Lithuania,LTU,1868,21091
Lithuania,LTU,1869,30743
Lithuania,LTU,1870,33834
Lithuania,LTU,1871,48779
Lithuania,LTU,1872,49673
Lithuania,LTU,1873,40174
Lithuania,LTU,1874,45454
Lithuania,LTU,1875,46796
Lithuania,LTU,1876,51644
Lithuania,LTU,1877,44155
Lithuania,LTU,1878,60521
Lithuania,LTU,1879,55246
Lithuania,LTU,1880,66239
Lithuania,LTU,1881,58043
Lithuania,LTU,1882,59778
Lithuania,LTU,1883,69604
Lithuania,LTU,1884,52307
Lithuania,LTU,1885,49019
Lithuania,LTU,1886,49627
Lithuania,LTU,1887,43022
Lithuania,LTU,1888,42864
Lithuania,LTU,1889,50783
Lithuania,LTU,1890,52639
Lithuania,LTU,1891,50530
Lithuania,LTU,1892,54800
Lithuania,LTU,1893,63497.996
Lithuania,LTU,1894,74221
Lithuania,LTU,1895,67773
Lithuania,LTU,1896,71437
Lithuania,LTU,1897,84341
Lithuania,LTU,1898,93705
Lithuania,LTU,1899,121105
Lithuania,LTU,1900,131985
Lithuania,LTU,1901,119781
Lithuania,LTU,1902,119383
Lithuania,LTU,1903,130072.99
Lithuania,LTU,1904,157131
Lithuania,LTU,1905,175599
Lithuania,LTU,1906,200797
Lithuania,LTU,1907,239241
Lithuania,LTU,1908,241915
Lithuania,LTU,1909,251823.98
Lithuania,LTU,1910,233251
Lithuania,LTU,1911,266157
Lithuania,LTU,1912,334841
Lithuania,LTU,1913,402902
Lithuania,LTU,1914,319544
Lithuania,LTU,1915,246025
Lithuania,LTU,1916,261319.02
Lithuania,LTU,1917,249908
Lithuania,LTU,1918,93673
Lithuania,LTU,1919,52396
Lithuania,LTU,1920,50304
Lithuania,LTU,1921,62767.996
Lithuania,LTU,1922,76136
Lithuania,LTU,1923,82503
Lithuania,LTU,1924,115931
Lithuania,LTU,1925,104148
Lithuania,LTU,1926,188642
Lithuania,LTU,1927,243035
Lithuania,LTU,1928,297427
Lithuania,LTU,1929,280525
Lithuania,LTU,1930,268620
Lithuania,LTU,1931,319772
Lithuania,LTU,1932,446895
Lithuania,LTU,1933,561743
Lithuania,LTU,1934,725064
Lithuania,LTU,1935,878040
Lithuania,LTU,1936,1052671
Lithuania,LTU,1937,1055761
Lithuania,LTU,1938,1110582
Lithuania,LTU,1939,1130747
Lithuania,LTU,1940,1553066
Lithuania,LTU,1941,1206252
Lithuania,LTU,1942,348665
Lithuania,LTU,1943,451584
Lithuania,LTU,1944,707908
Lithuania,LTU,1945,1404763
Lithuania,LTU,1946,1545190
Lithuania,LTU,1947,1842908
Lithuania,LTU,1948,1884950
Lithuania,LTU,1949,2104164
Lithuania,LTU,1950,2324988
Lithuania,LTU,1951,2522822
Lithuania,LTU,1952,2593025
Lithuania,LTU,1953,2644564
Lithuania,LTU,1954,2842631
Lithuania,LTU,1955,3138144
Lithuania,LTU,1956,3247583
Lithuania,LTU,1957,3381145
Lithuania,LTU,1958,3361089
Lithuania,LTU,1959,3329148
Lithuania,LTU,1960,3208511
Lithuania,LTU,1961,3025571
Lithuania,LTU,1962,2862081
Lithuania,LTU,1963,2910739
Lithuania,LTU,1964,2958849
Lithuania,LTU,1965,3027483
Lithuania,LTU,1966,3091475
Lithuania,LTU,1967,3025023
Lithuania,LTU,1968,2914517
Lithuania,LTU,1969,2899164
Lithuania,LTU,1970,3051811
Lithuania,LTU,1971,3055647
Lithuania,LTU,1972,3090679
Lithuania,LTU,1973,3053958
Lithuania,LTU,1974,2991137
Lithuania,LTU,1975,3059194
Lithuania,LTU,1976,3154792
Lithuania,LTU,1977,3192484
Lithuania,LTU,1978,3097904
Lithuania,LTU,1979,3119256
Lithuania,LTU,1980,3321325
Lithuania,LTU,1981,2926402
Lithuania,LTU,1982,2986797
Lithuania,LTU,1983,2975862
Lithuania,LTU,1984,2996085
Lithuania,LTU,1985,3555197
Lithuania,LTU,1986,4158244.2
Lithuania,LTU,1987,4063006
Lithuania,LTU,1988,4227018
Lithuania,LTU,1989,3935028
Lithuania,LTU,1990,3187051
Lithuania,LTU,1991,3555129
Lithuania,LTU,1992,1662027
Lithuania,LTU,1993,1464818
Lithuania,LTU,1994,1220176
Lithuania,LTU,1995,979148
Lithuania,LTU,1996,895311
Lithuania,LTU,1997,737671
Lithuania,LTU,1998,646718
Lithuania,LTU,1999,547675
Lithuania,LTU,2000,378470
Lithuania,LTU,2001,342059
Lithuania,LTU,2002,547510
Lithuania,LTU,2003,713543
Lithuania,LTU,2004,687531
Lithuania,LTU,2005,763105
Lithuania,LTU,2006,1030194.06
Lithuania,LTU,2007,1024928
Lithuania,LTU,2008,867360
Lithuania,LTU,2009,688946
Lithuania,LTU,2010,842852
Lithuania,LTU,2011,972862
Lithuania,LTU,2012,950419
Lithuania,LTU,2013,1091504
Lithuania,LTU,2014,922524
Lithuania,LTU,2015,735889
Lithuania,LTU,2016,748809
Lithuania,LTU,2017,801037
Lithuania,LTU,2018,858890
Lithuania,LTU,2019,800845
Lithuania,LTU,2020,621598
Lithuania,LTU,2021,739404
Lithuania,LTU,2022,733561
Lithuania,LTU,2023,465399
Lithuania,LTU,2024,379280
Low-income countries,,1905,13885
Low-income countries,,1909,149260
Low-income countries,,1910,187443
Low-income countries,,1911,222154
Low-income countries,,1912,277693
Low-income countries,,1913,322818
Low-income countries,,1914,461664
Low-income countries,,1915,576212
Low-income countries,,1916,479020
Low-income countries,,1918,472077
Low-income countries,,1919,558856
Low-income countries,,1920,729136
Low-income countries,,1921,788339
Low-income countries,,1922,878974
Low-income countries,,1923,1115784
Low-income countries,,1924,1219341
Low-income countries,,1925,1772412
Low-income countries,,1926,1956383
Low-income countries,,1927,2055504
Low-income countries,,1928,2326254
Low-income countries,,1929,2631716
Low-income countries,,1930,2576949
Low-income countries,,1931,2580613
Low-income countries,,1932,2868719
Low-income countries,,1933,3310868
Low-income countries,,1934,4318506
Low-income countries,,1935,4967420
Low-income countries,,1936,5818277
Low-income countries,,1937,6262628
Low-income countries,,1938,8736155
Low-income countries,,1939,10777925
Low-income countries,,1940,14546301
Low-income countries,,1941,15602469
Low-income countries,,1942,17338240
Low-income countries,,1943,16783136
Low-income countries,,1944,17889630
Low-income countries,,1945,172720
Low-income countries,,1946,312356
Low-income countries,,1947,309505
Low-income countries,,1948,1740400
Low-income countries,,1949,2233574
Low-income countries,,1950,2712421
Low-income countries,,1951,2776386
Low-income countries,,1952,3309599
Low-income countries,,1953,4001867
Low-income countries,,1954,7052482
Low-income countries,,1955,10469614
Low-income countries,,1956,11657568
Low-income countries,,1957,14036924
Low-income countries,,1958,17731524
Low-income countries,,1959,21387976
Low-income countries,,1960,24984764
Low-income countries,,1961,27529616
Low-income countries,,1962,31310602
Low-income countries,,1963,33087840
Low-income countries,,1964,35934844
Low-income countries,,1965,45057988
Low-income countries,,1966,48049692
Low-income countries,,1967,52486800
Low-income countries,,1968,58654784
Low-income countries,,1969,63553160
Low-income countries,,1970,71943600
Low-income countries,,1971,106079900
Low-income countries,,1972,87361700
Low-income countries,,1973,95002100
Low-income countries,,1974,98397304
Low-income countries,,1975,103298460
Low-income countries,,1976,106038264
Low-income countries,,1977,108974690
Low-income countries,,1978,101534760
Low-income countries,,1979,101968600
Low-income countries,,1980,105413030
Low-income countries,,1981,105366960
Low-income countries,,1982,107567390
Low-income countries,,1983,115577630
Low-income countries,,1984,124367970
Low-income countries,,1985,133346100
Low-income countries,,1986,143836320
Low-income countries,,1987,158781860
Low-income countries,,1988,183708860
Low-income countries,,1989,194038240
Low-income countries,,1990,109546270
Low-income countries,,1991,105397650
Low-income countries,,1992,91625650
Low-income countries,,1993,84103670
Low-income countries,,1994,77415170
Low-income countries,,1995,70979010
Low-income countries,,1996,60974524
Low-income countries,,1997,59845524
Low-income countries,,1998,53994656
Low-income countries,,1999,60316664
Low-income countries,,2000,64617320
Low-income countries,,2001,66588412
Low-income countries,,2002,63583988
Low-income countries,,2003,65113744
Low-income countries,,2004,66718520
Low-income countries,,2005,70399850
Low-income countries,,2006,72241650
Low-income countries,,2007,59736930
Low-income countries,,2008,66977320
Low-income countries,,2009,65126380
Low-income countries,,2010,63914760
Low-income countries,,2011,48453790
Low-income countries,,2012,46844064
Low-income countries,,2013,36575612
Low-income countries,,2014,41607236
Low-income countries,,2015,31403892
Low-income countries,,2016,33875560
Low-income countries,,2017,70458824
Low-income countries,,2018,64218850
Low-income countries,,2019,71232424
Low-income countries,,2020,67890120
Low-income countries,,2021,56491856
Low-income countries,,2022,59312824
Low-income countries,,2023,66118450
Low-income countries,,2024,66658570
Lower-middle-income countries,,1830,641
Lower-middle-income countries,,1831,769
Lower-middle-income countries,,1832,512
Lower-middle-income countries,,1833,641
Lower-middle-income countries,,1850,3974
Lower-middle-income countries,,1855,12052
Lower-middle-income countries,,1858,411406
Lower-middle-income countries,,1859,654425
Lower-middle-income countries,,1860,665142
Lower-middle-income countries,,1861,525676
Lower-middle-income countries,,1862,579749
Lower-middle-income countries,,1863,635682
Lower-middle-income countries,,1864,605913
Lower-middle-income countries,,1865,598961
Lower-middle-income countries,,1866,732997
Lower-middle-income countries,,1867,105680
Lower-middle-income countries,,1868,85130
Lower-middle-income countries,,1869,116058
Lower-middle-income countries,,1870,124926
Lower-middle-income countries,,1871,177896
Lower-middle-income countries,,1872,187070
Lower-middle-income countries,,1873,166115
Lower-middle-income countries,,1874,185602
Lower-middle-income countries,,1875,201199
Lower-middle-income countries,,1876,236645
Lower-middle-income countries,,1877,215580
Lower-middle-income countries,,1878,2064175
Lower-middle-income countries,,1879,1898821
Lower-middle-income countries,,1880,2118404
Lower-middle-income countries,,1881,2069561
Lower-middle-income countries,,1882,2317293
Lower-middle-income countries,,1883,2677377
Lower-middle-income countries,,1884,2772156
Lower-middle-income countries,,1885,2570227
Lower-middle-income countries,,1886,2719013
Lower-middle-income countries,,1887,3012612
Lower-middle-income countries,,1888,3281345
Lower-middle-income countries,,1889,3700822
Lower-middle-income countries,,1890,4121091
Lower-middle-income countries,,1891,4408262
Lower-middle-income countries,,1892,4995026
Lower-middle-income countries,,1893,5531483
Lower-middle-income countries,,1894,5685037
Lower-middle-income countries,,1895,6794178
Lower-middle-income countries,,1896,7539396
Lower-middle-income countries,,1897,8153222
Lower-middle-income countries,,1898,9283542
Lower-middle-income countries,,1899,10360643
Lower-middle-income countries,,1900,11998248
Lower-middle-income countries,,1901,12834522
Lower-middle-income countries,,1902,14096795
Lower-middle-income countries,,1903,14437412
Lower-middle-income countries,,1904,16213204
Lower-middle-income countries,,1905,16696609
Lower-middle-income countries,,1906,19275622
Lower-middle-income countries,,1907,21896548
Lower-middle-income countries,,1908,24935092
Lower-middle-income countries,,1909,23579908
Lower-middle-income countries,,1910,24135252
Lower-middle-income countries,,1911,25356200
Lower-middle-income countries,,1912,29107538
Lower-middle-income countries,,1913,32306400
Lower-middle-income countries,,1914,32955080
Lower-middle-income countries,,1915,34024510
Lower-middle-income countries,,1916,34816256
Lower-middle-income countries,,1917,36575944
Lower-middle-income countries,,1918,40080930
Lower-middle-income countries,,1919,43252070
Lower-middle-income countries,,1920,35602236
Lower-middle-income countries,,1921,38599790
Lower-middle-income countries,,1922,37891690
Lower-middle-income countries,,1923,39662210
Lower-middle-income countries,,1924,43116390
Lower-middle-income countries,,1925,43239990
Lower-middle-income countries,,1926,44371404
Lower-middle-income countries,,1927,47255628
Lower-middle-income countries,,1928,50048970
Lower-middle-income countries,,1929,51305240
Lower-middle-income countries,,1930,51802230
Lower-middle-income countries,,1931,46815116
Lower-middle-income countries,,1932,44117730
Lower-middle-income countries,,1933,43810310
Lower-middle-income countries,,1934,49094164
Lower-middle-income countries,,1935,52135990
Lower-middle-income countries,,1936,53453684
Lower-middle-income countries,,1937,59249544
Lower-middle-income countries,,1938,65636224
Lower-middle-income countries,,1939,65427188
Lower-middle-income countries,,1940,70337580
Lower-middle-income countries,,1941,69238790
Lower-middle-income countries,,1942,62690684
Lower-middle-income countries,,1943,56351310
Lower-middle-income countries,,1944,58109844
Lower-middle-income countries,,1945,64342456
Lower-middle-income countries,,1946,65715850
Lower-middle-income countries,,1947,68084160
Lower-middle-income countries,,1948,69101400
Lower-middle-income countries,,1949,73724024
Lower-middle-income countries,,1950,79247200
Lower-middle-income countries,,1951,82769440
Lower-middle-income countries,,1952,88897720
Lower-middle-income countries,,1953,89859580
Lower-middle-income countries,,1954,92951230
Lower-middle-income countries,,1955,98652510
Lower-middle-income countries,,1956,102003350
Lower-middle-income countries,,1957,110510980
Lower-middle-income countries,,1958,114287250
Lower-middle-income countries,,1959,119038056
Lower-middle-income countries,,1960,128587430
Lower-middle-income countries,,1961,133115550
Lower-middle-income countries,,1962,142448600
Lower-middle-income countries,,1963,149049010
Lower-middle-income countries,,1964,145724940
Lower-middle-income countries,,1965,156823280
Lower-middle-income countries,,1966,158247300
Lower-middle-income countries,,1967,158991230
Lower-middle-income countries,,1968,163285800
Lower-middle-income countries,,1969,162570380
Lower-middle-income countries,,1970,164997500
Lower-middle-income countries,,1971,167415980
Lower-middle-income countries,,1972,171960560
Lower-middle-income countries,,1973,178339790
Lower-middle-income countries,,1974,187567650
Lower-middle-income countries,,1975,208209870
Lower-middle-income countries,,1976,216762930
Lower-middle-income countries,,1977,225797800
Lower-middle-income countries,,1978,221797150
Lower-middle-income countries,,1979,228510100
Lower-middle-income countries,,1980,247348910
Lower-middle-income countries,,1981,259480430
Lower-middle-income countries,,1982,264681060
Lower-middle-income countries,,1983,284625400
Lower-middle-income countries,,1984,282593920
Lower-middle-income countries,,1985,311829340
Lower-middle-income countries,,1986,337188260
Lower-middle-income countries,,1987,360039840
Lower-middle-income countries,,1988,384019000
Lower-middle-income countries,,1989,400658300
Lower-middle-income countries,,1990,430978980
Lower-middle-income countries,,1991,455364700
Lower-middle-income countries,,1992,473515460
Lower-middle-income countries,,1993,490657340
Lower-middle-income countries,,1994,517722980
Lower-middle-income countries,,1995,527346750
Lower-middle-income countries,,1996,567758850
Lower-middle-income countries,,1997,596103400
Lower-middle-income countries,,1998,592067900
Lower-middle-income countries,,1999,633450050
Lower-middle-income countries,,2000,655597630
Lower-middle-income countries,,2001,671003800
Lower-middle-income countries,,2002,687941570
Lower-middle-income countries,,2003,718591740
Lower-middle-income countries,,2004,771611140
Lower-middle-income countries,,2005,831259900
Lower-middle-income countries,,2006,886876540
Lower-middle-income countries,,2007,958904770
Lower-middle-income countries,,2008,1033967170
Lower-middle-income countries,,2009,1106130300
Lower-middle-income countries,,2010,1146914600
Lower-middle-income countries,,2011,1219804700
Lower-middle-income countries,,2012,1347663400
Lower-middle-income countries,,2013,1432453500
Lower-middle-income countries,,2014,1600650800
Lower-middle-income countries,,2015,1677081500
Lower-middle-income countries,,2016,1756646800
Lower-middle-income countries,,2017,1847163400
Lower-middle-income countries,,2018,2009888600
Lower-middle-income countries,,2019,2077100500
Lower-middle-income countries,,2020,2013454100
Lower-middle-income countries,,2021,2200114000
Lower-middle-income countries,,2022,2302564900
Lower-middle-income countries,,2023,2530136000
Lower-middle-income countries,,2024,2635375000
Luxembourg,LUX,1950,7188768
Luxembourg,LUX,1951,8745968
Luxembourg,LUX,1952,9141574
Luxembourg,LUX,1953,8342928
Luxembourg,LUX,1954,8412544
Luxembourg,LUX,1955,9452956
Luxembourg,LUX,1956,9870816
Luxembourg,LUX,1957,10306649
Luxembourg,LUX,1958,9464341
Luxembourg,LUX,1959,9771888
Luxembourg,LUX,1960,10764832
Luxembourg,LUX,1961,10706208
Luxembourg,LUX,1962,10240880
Luxembourg,LUX,1963,9621664
Luxembourg,LUX,1964,10127945
Luxembourg,LUX,1965,9617223
Luxembourg,LUX,1966,8669954
Luxembourg,LUX,1967,8125707.5
Luxembourg,LUX,1968,8703065
Luxembourg,LUX,1969,9254171
Luxembourg,LUX,1970,9492291
Luxembourg,LUX,1971,8797264
Luxembourg,LUX,1972,8675044
Luxembourg,LUX,1973,8589858
Luxembourg,LUX,1974,9229616
Luxembourg,LUX,1975,7012896
Luxembourg,LUX,1976,6624512
Luxembourg,LUX,1977,5693856
Luxembourg,LUX,1978,6470624
Luxembourg,LUX,1979,7098685
Luxembourg,LUX,1980,6912602
Luxembourg,LUX,1981,5636704
Luxembourg,LUX,1982,5213872
Luxembourg,LUX,1983,4790965
Luxembourg,LUX,1984,5446940
Luxembourg,LUX,1985,5433712
Luxembourg,LUX,1986,4957392
Luxembourg,LUX,1987,4026735.8
Luxembourg,LUX,1988,4154976
Luxembourg,LUX,1989,4356496
Luxembourg,LUX,1990,6302350
Luxembourg,LUX,1991,6015192
Luxembourg,LUX,1992,5539509
Luxembourg,LUX,1993,5735721
Luxembourg,LUX,1994,4843936
Luxembourg,LUX,1995,2704531
Luxembourg,LUX,1996,2459654
Luxembourg,LUX,1997,1541343
Luxembourg,LUX,1998,420315
Luxembourg,LUX,1999,443780
Luxembourg,LUX,2000,470808
Luxembourg,LUX,2001,471383
Luxembourg,LUX,2002,370870
Luxembourg,LUX,2003,345734
Luxembourg,LUX,2004,385448
Luxembourg,LUX,2005,377213
Luxembourg,LUX,2006,469509
Luxembourg,LUX,2007,407653
Luxembourg,LUX,2008,355641
Luxembourg,LUX,2009,339359
Luxembourg,LUX,2010,326491
Luxembourg,LUX,2011,314884
Luxembourg,LUX,2012,285579
Luxembourg,LUX,2013,276175
Luxembourg,LUX,2014,277324
Luxembourg,LUX,2015,288220
Luxembourg,LUX,2016,294294
Luxembourg,LUX,2017,282571
Luxembourg,LUX,2018,267196
Luxembourg,LUX,2019,274406
Luxembourg,LUX,2020,235926
Luxembourg,LUX,2021,241894
Luxembourg,LUX,2022,238741
Luxembourg,LUX,2023,174821
Luxembourg,LUX,2024,150923
Macao,MAC,1954,8794
Macao,MAC,1955,4397
Macao,MAC,1956,7328
Macao,MAC,1957,10992
Macao,MAC,1958,14656
Macao,MAC,1959,13324
Macao,MAC,1960,14656
Macao,MAC,1961,18320
Macao,MAC,1962,14113
Macao,MAC,1963,18320
Macao,MAC,1964,14656
Macao,MAC,1965,10992
Macao,MAC,1966,10992
Macao,MAC,1967,10992
Macao,MAC,1968,10992
Macao,MAC,1969,7328
Macao,MAC,1970,14399
Macao,MAC,1971,7448
Macao,MAC,1972,3664
Macao,MAC,1973,3725
Macao,MAC,1974,3715
Macao,MAC,1975,7328
Macao,MAC,1976,3664
Macao,MAC,1977,3621
Macao,MAC,1978,3664
Macao,MAC,1979,0
Macao,MAC,1980,10992
Macao,MAC,1981,3639
Macao,MAC,1982,3664
Macao,MAC,1983,3664
Macao,MAC,1984,3664
Macao,MAC,2009,7328
Macao,MAC,2010,3664
Macao,MAC,2011,0
Macao,MAC,2012,0
Macao,MAC,2013,0
Macao,MAC,2014,0
Macao,MAC,2015,0
Macao,MAC,2016,0
Madagascar,MDG,1945,7328
Madagascar,MDG,1950,161216
Madagascar,MDG,1951,69616
Madagascar,MDG,1952,109920
Madagascar,MDG,1953,25282
Madagascar,MDG,1954,43968
Madagascar,MDG,1955,25961
Madagascar,MDG,1956,10992
Madagascar,MDG,1957,10992
Madagascar,MDG,1958,29312
Madagascar,MDG,1959,32976
Madagascar,MDG,1960,47632
Madagascar,MDG,1961,14506
Madagascar,MDG,1962,14656
Madagascar,MDG,1963,40304
Madagascar,MDG,1964,33228
Madagascar,MDG,1965,40304
Madagascar,MDG,1966,40304
Madagascar,MDG,1967,43968
Madagascar,MDG,1968,54960
Madagascar,MDG,1969,51296
Madagascar,MDG,1970,54960
Madagascar,MDG,1971,62066
Madagascar,MDG,1972,54960
Madagascar,MDG,1973,32864
Madagascar,MDG,1974,36640
Madagascar,MDG,1975,51296
Madagascar,MDG,1976,55164
Madagascar,MDG,1977,43968
Madagascar,MDG,1978,32976
Madagascar,MDG,1979,69616
Madagascar,MDG,1980,66102
Madagascar,MDG,1981,73280
Madagascar,MDG,1982,73546
Madagascar,MDG,1983,73694
Madagascar,MDG,1984,18320
Madagascar,MDG,1985,10992
Madagascar,MDG,1986,47632
Madagascar,MDG,1987,32882
Madagascar,MDG,1988,51151
Madagascar,MDG,1989,33106
Madagascar,MDG,1990,32976
Madagascar,MDG,1991,32976
Madagascar,MDG,1992,32976
Madagascar,MDG,1993,36640
Madagascar,MDG,1994,32872
Madagascar,MDG,1995,25648
Madagascar,MDG,1996,25648
Madagascar,MDG,1997,32976
Madagascar,MDG,1998,32902
Madagascar,MDG,1999,21984
Madagascar,MDG,2000,25696
Madagascar,MDG,2001,25648
Madagascar,MDG,2002,25648
Madagascar,MDG,2003,25648
Madagascar,MDG,2004,25648
Madagascar,MDG,2005,43968
Madagascar,MDG,2006,40304
Madagascar,MDG,2007,25648
Madagascar,MDG,2008,36640
Madagascar,MDG,2009,36640
Madagascar,MDG,2010,106256
Madagascar,MDG,2011,355408
Madagascar,MDG,2012,614708
Madagascar,MDG,2013,994133
Madagascar,MDG,2014,897680
Madagascar,MDG,2015,923328
Madagascar,MDG,2016,901344
Madagascar,MDG,2017,1282400
Madagascar,MDG,2018,1113856
Madagascar,MDG,2019,1253088
Madagascar,MDG,2020,1231104
Madagascar,MDG,2021,1267744
Madagascar,MDG,2022,1138498
Madagascar,MDG,2023,1316357
Madagascar,MDG,2024,1344016
Malawi,MWI,1950,183720
Malawi,MWI,1951,186677
Malawi,MWI,1952,207096
Malawi,MWI,1953,221060
Malawi,MWI,1954,241105
Malawi,MWI,1955,286692
Malawi,MWI,1956,297757
Malawi,MWI,1957,304134
Malawi,MWI,1958,243863
Malawi,MWI,1959,295150
Malawi,MWI,1960,272293
Malawi,MWI,1961,216276
Malawi,MWI,1962,200438
Malawi,MWI,1963,187685
Malawi,MWI,1964,164880
Malawi,MWI,1965,179536
Malawi,MWI,1966,208848
Malawi,MWI,1967,142896
Malawi,MWI,1968,127041
Malawi,MWI,1969,85090
Malawi,MWI,1970,117248
Malawi,MWI,1971,120912
Malawi,MWI,1972,140173
Malawi,MWI,1973,149267
Malawi,MWI,1974,139232
Malawi,MWI,1975,186864
Malawi,MWI,1976,164880
Malawi,MWI,1977,150224
Malawi,MWI,1978,147365
Malawi,MWI,1979,91077
Malawi,MWI,1980,172208
Malawi,MWI,1981,127467.01
Malawi,MWI,1982,161216
Malawi,MWI,1983,117248
Malawi,MWI,1984,109920
Malawi,MWI,1985,87361
Malawi,MWI,1986,73280
Malawi,MWI,1987,73280
Malawi,MWI,1988,43968
Malawi,MWI,1989,29312
Malawi,MWI,1990,172208
Malawi,MWI,1991,157552
Malawi,MWI,1992,161216
Malawi,MWI,1993,168544
Malawi,MWI,1994,172208
Malawi,MWI,1995,168544
Malawi,MWI,1996,179536
Malawi,MWI,1997,186864
Malawi,MWI,1998,179536
Malawi,MWI,1999,146560
Malawi,MWI,2000,164880
Malawi,MWI,2001,124576
Malawi,MWI,2002,179536
Malawi,MWI,2003,168544
Malawi,MWI,2004,161216
Malawi,MWI,2005,157552
Malawi,MWI,2006,157552
Malawi,MWI,2007,158147
Malawi,MWI,2008,150224
Malawi,MWI,2009,142423
Malawi,MWI,2010,168544
Malawi,MWI,2011,216176
Malawi,MWI,2012,190528
Malawi,MWI,2013,194192
Malawi,MWI,2014,175872
Malawi,MWI,2015,197856
Malawi,MWI,2016,180102
Malawi,MWI,2017,172208
Malawi,MWI,2018,205184
Malawi,MWI,2019,212051
Malawi,MWI,2020,194192
Malawi,MWI,2021,132198
Malawi,MWI,2022,149911
Malawi,MWI,2023,173331
Malawi,MWI,2024,176972
Malaysia,MYS,1890,7328
Malaysia,MYS,1891,18320
Malaysia,MYS,1892,47632
Malaysia,MYS,1893,10992
Malaysia,MYS,1894,47632
Malaysia,MYS,1895,109920
Malaysia,MYS,1896,124576
Malaysia,MYS,1897,91600
Malaysia,MYS,1898,128240.01
Malaysia,MYS,1899,120912
Malaysia,MYS,1900,58624
Malaysia,MYS,1901,47632
Malaysia,MYS,1902,51296
Malaysia,MYS,1903,51296
Malaysia,MYS,1904,32976
Malaysia,MYS,1905,40304
Malaysia,MYS,1906,36640
Malaysia,MYS,1907,87936
Malaysia,MYS,1908,91600
Malaysia,MYS,1909,168544
Malaysia,MYS,1910,234496
Malaysia,MYS,1912,0
Malaysia,MYS,1913,0
Malaysia,MYS,1914,3664
Malaysia,MYS,1915,32976
Malaysia,MYS,1916,271136
Malaysia,MYS,1917,412686
Malaysia,MYS,1918,447008
Malaysia,MYS,1919,505631.97
Malaysia,MYS,1920,659520
Malaysia,MYS,1921,793034
Malaysia,MYS,1922,747456
Malaysia,MYS,1923,842720
Malaysia,MYS,1924,989280
Malaysia,MYS,1925,1082218
Malaysia,MYS,1926,1212784
Malaysia,MYS,1927,1194464
Malaysia,MYS,1928,1502240
Malaysia,MYS,1929,1784368
Malaysia,MYS,1930,1525747
Malaysia,MYS,1931,1084544
Malaysia,MYS,1932,747456
Malaysia,MYS,1933,589904
Malaysia,MYS,1934,868368
Malaysia,MYS,1935,1014928
Malaysia,MYS,1936,1355680
Malaysia,MYS,1937,1692768
Malaysia,MYS,1938,1289728
Malaysia,MYS,1939,1187136
Malaysia,MYS,1940,2106800
Malaysia,MYS,1941,1853430
Malaysia,MYS,1942,659520
Malaysia,MYS,1943,1319040
Malaysia,MYS,1944,1102864
Malaysia,MYS,1945,611888
Malaysia,MYS,1946,604560
Malaysia,MYS,1947,608633
Malaysia,MYS,1948,1011263.94
Malaysia,MYS,1949,1041114
Malaysia,MYS,1950,388490
Malaysia,MYS,1951,403729
Malaysia,MYS,1952,358411
Malaysia,MYS,1953,275153
Malaysia,MYS,1954,208361
Malaysia,MYS,1955,199411
Malaysia,MYS,1956,185841
Malaysia,MYS,1957,47582
Malaysia,MYS,1958,10982
Malaysia,MYS,1959,51237
Malaysia,MYS,1960,91520
Malaysia,MYS,1961,98928
Malaysia,MYS,1962,87936
Malaysia,MYS,1963,91600
Malaysia,MYS,1964,76906
Malaysia,MYS,1965,58650
Malaysia,MYS,1966,62288
Malaysia,MYS,1967,47632
Malaysia,MYS,1968,47632
Malaysia,MYS,1969,58624
Malaysia,MYS,1970,62272
Malaysia,MYS,1971,153888
Malaysia,MYS,1972,32983
Malaysia,MYS,1973,128240.01
Malaysia,MYS,1974,161216
Malaysia,MYS,1975,69616
Malaysia,MYS,1976,95279
Malaysia,MYS,1977,117248
Malaysia,MYS,1978,91600
Malaysia,MYS,1979,135568
Malaysia,MYS,1980,205211
Malaysia,MYS,1981,384720
Malaysia,MYS,1982,355408
Malaysia,MYS,1983,992944
Malaysia,MYS,1984,1091987
Malaysia,MYS,1985,1439952
Malaysia,MYS,1986,1062657
Malaysia,MYS,1987,1300720
Malaysia,MYS,1988,1161488
Malaysia,MYS,1989,4803504
Malaysia,MYS,1990,5411728
Malaysia,MYS,1991,6071248
Malaysia,MYS,1992,6324064
Malaysia,MYS,1993,5385854
Malaysia,MYS,1994,6232464
Malaysia,MYS,1995,6331392
Malaysia,MYS,1996,7738368
Malaysia,MYS,1997,6375168
Malaysia,MYS,1998,6283760
Malaysia,MYS,1999,5206544
Malaysia,MYS,2000,7873936
Malaysia,MYS,2001,9929712
Malaysia,MYS,2002,12545536
Malaysia,MYS,2003,18213744
Malaysia,MYS,2004,31719932
Malaysia,MYS,2005,26113328
Malaysia,MYS,2006,26626288
Malaysia,MYS,2007,29937942
Malaysia,MYS,2008,38036676
Malaysia,MYS,2009,46595090
Malaysia,MYS,2010,55340076
Malaysia,MYS,2011,55546240
Malaysia,MYS,2012,59869760
Malaysia,MYS,2013,57989252
Malaysia,MYS,2014,57870084
Malaysia,MYS,2015,66754416
Malaysia,MYS,2016,71523820
Malaysia,MYS,2017,78956710
Malaysia,MYS,2018,84589600
Malaysia,MYS,2019,80139010
Malaysia,MYS,2020,94073200
Malaysia,MYS,2021,87492660
Malaysia,MYS,2022,89214740
Malaysia,MYS,2023,92570776
Malaysia,MYS,2024,97569980
Malta,MLT,1950,47632
Malta,MLT,1951,43968
Malta,MLT,1952,29312
Malta,MLT,1953,25648
Malta,MLT,1954,61555
Malta,MLT,1955,47632
Malta,MLT,1956,14656
Malta,MLT,1957,14830
Malta,MLT,1958,18320
Malta,MLT,1959,10992
Malta,MLT,1960,7408
Malta,MLT,1961,7328
Malta,MLT,1962,7328
Malta,MLT,1963,7328
Malta,MLT,1964,10992
Malta,MLT,1965,3664
Malta,MLT,1966,7328
Malta,MLT,1967,3664
Malta,MLT,1968,7328
Malta,MLT,1969,3664
Malta,MLT,1970,3664
Malta,MLT,1971,0
Malta,MLT,1972,0
Malta,MLT,1973,3664
Malta,MLT,1974,3646
Malta,MLT,1975,0
Malta,MLT,1976,0
Malta,MLT,1977,0
Malta,MLT,1978,0
Malta,MLT,1979,0
Malta,MLT,1980,3664
Malta,MLT,1981,3664
Malta,MLT,1982,62288
Malta,MLT,1983,139232
Malta,MLT,1984,249152
Malta,MLT,1985,496785
Malta,MLT,1986,329760
Malta,MLT,1987,410368
Malta,MLT,1988,553264
Malta,MLT,1989,685168
Malta,MLT,1990,709556
Malta,MLT,1991,574808
Malta,MLT,1992,484881
Malta,MLT,1993,709569
Malta,MLT,1994,482538
Malta,MLT,1995,123063
Malta,MLT,1996,46
Malta,MLT,1997,74
Malta,MLT,1998,67
Malta,MLT,1999,46
Malta,MLT,2000,29
Malta,MLT,2001,68
Malta,MLT,2002,57
Malta,MLT,2003,32
Malta,MLT,2004,52
Malta,MLT,2005,86
Malta,MLT,2006,31
Malta,MLT,2007,34
Malta,MLT,2008,20
Malta,MLT,2009,32
Malta,MLT,2010,32
Malta,MLT,2011,43
Malta,MLT,2012,11
Malta,MLT,2013,11
Malta,MLT,2014,23
Malta,MLT,2015,23
Malta,MLT,2016,12
Malta,MLT,2017,12
Malta,MLT,2018,12
Malta,MLT,2019,11
Malta,MLT,2020,0
Malta,MLT,2021,0
Malta,MLT,2022,8
Malta,MLT,2023,7
Malta,MLT,2024,7
Mauritania,MRT,1969,7328
Mauritania,MRT,1970,32976
Mauritania,MRT,1971,14656
Mauritania,MRT,1972,14777
Mauritania,MRT,1973,14656
Mauritania,MRT,1974,14656
Mauritania,MRT,1975,14656
Mauritania,MRT,1976,14656
Mauritania,MRT,1977,14753
Mauritania,MRT,1978,14656
Mauritania,MRT,1979,18320
Mauritania,MRT,1980,14742
Mauritania,MRT,1981,14737
Mauritania,MRT,1982,18320
Mauritania,MRT,1983,18320
Mauritania,MRT,1984,18320
Mauritania,MRT,1985,18320
Mauritania,MRT,1986,14514
Mauritania,MRT,1987,14656
Mauritania,MRT,1988,14656
Mauritania,MRT,1989,14656
Mauritania,MRT,1990,14716
Mauritania,MRT,1991,14656
Mauritania,MRT,1992,14656
Mauritania,MRT,1993,14711
Mauritania,MRT,1994,14704
Mauritania,MRT,1995,10992
Mauritania,MRT,1996,7328
Mauritania,MRT,1997,3664
Mauritania,MRT,1998,3664
Mauritania,MRT,1999,0
Mauritania,MRT,2000,0
Mauritius,MUS,1950,130614.99
Mauritius,MUS,1951,69616
Mauritius,MUS,1952,73280
Mauritius,MUS,1953,73280
Mauritius,MUS,1954,73280
Mauritius,MUS,1955,25648
Mauritius,MUS,1956,52165
Mauritius,MUS,1957,43968
Mauritius,MUS,1958,50412
Mauritius,MUS,1959,36640
Mauritius,MUS,1960,7328
Mauritius,MUS,1961,14656
Mauritius,MUS,1962,7328
Mauritius,MUS,1963,3729
Mauritius,MUS,1964,3664
Mauritius,MUS,1965,3664
Mauritius,MUS,1966,7328
Mauritius,MUS,1967,0
Mauritius,MUS,1968,3664
Mauritius,MUS,1969,3641
Mauritius,MUS,1970,0
Mauritius,MUS,1971,3664
Mauritius,MUS,1972,3645
Mauritius,MUS,1973,3664
Mauritius,MUS,1974,3664
Mauritius,MUS,1975,0
Mauritius,MUS,1976,3664
Mauritius,MUS,1977,3664
Mauritius,MUS,1978,3664
Mauritius,MUS,1979,3664
Mauritius,MUS,1980,3641
Mauritius,MUS,1981,3664
Mauritius,MUS,1982,3664
Mauritius,MUS,1983,36866
Mauritius,MUS,1984,62654.004
Mauritius,MUS,1985,95264
Mauritius,MUS,1986,120912
Mauritius,MUS,1987,98928
Mauritius,MUS,1988,109920
Mauritius,MUS,1989,197856
Mauritius,MUS,1990,197856
Mauritius,MUS,1991,175449
Mauritius,MUS,1992,190528
Mauritius,MUS,1993,168196
Mauritius,MUS,1994,91600
Mauritius,MUS,1995,168207
Mauritius,MUS,1996,109920
Mauritius,MUS,1997,120912
Mauritius,MUS,1998,161216
Mauritius,MUS,1999,322432
Mauritius,MUS,2000,593568
Mauritius,MUS,2001,688832
Mauritius,MUS,2002,736464
Mauritius,MUS,2003,751120
Mauritius,MUS,2004,666848
Mauritius,MUS,2005,850995
Mauritius,MUS,2006,1135840
Mauritius,MUS,2007,1322704
Mauritius,MUS,2008,1542544
Mauritius,MUS,2009,1410640
Mauritius,MUS,2010,1571856
Mauritius,MUS,2011,1505904
Mauritius,MUS,2012,1586512
Mauritius,MUS,2013,1670784
Mauritius,MUS,2014,1735224
Mauritius,MUS,2015,1685440
Mauritius,MUS,2016,1714752
Mauritius,MUS,2017,1788032
Mauritius,MUS,2018,1696432
Mauritius,MUS,2019,1560864
Mauritius,MUS,2020,1552039
Mauritius,MUS,2021,1731006
Mauritius,MUS,2022,1361847
Mauritius,MUS,2023,1574598
Mauritius,MUS,2024,1607683
Mexico,MEX,1856,7969.0005
Mexico,MEX,1857,7325
Mexico,MEX,1858,15481
Mexico,MEX,1859,7979
Mexico,MEX,1860,5040
Mexico,MEX,1861,11711
Mexico,MEX,1862,32768
Mexico,MEX,1863,21575
Mexico,MEX,1864,6127
Mexico,MEX,1865,20357
Mexico,MEX,1866,35192
Mexico,MEX,1867,15340
Mexico,MEX,1868,11595
Mexico,MEX,1869,3583
Mexico,MEX,1870,10454
Mexico,MEX,1871,12655
Mexico,MEX,1872,25230
Mexico,MEX,1873,33314
Mexico,MEX,1874,34471
Mexico,MEX,1875,37313
Mexico,MEX,1876,37844
Mexico,MEX,1877,46777
Mexico,MEX,1878,61573
Mexico,MEX,1879,80263
Mexico,MEX,1880,88427
Mexico,MEX,1881,57898
Mexico,MEX,1882,79114
Mexico,MEX,1883,83428
Mexico,MEX,1884,71496
Mexico,MEX,1885,63814.996
Mexico,MEX,1886,88327
Mexico,MEX,1887,172716
Mexico,MEX,1888,232112
Mexico,MEX,1889,297114
Mexico,MEX,1890,456209
Mexico,MEX,1891,1104052
Mexico,MEX,1892,1620459
Mexico,MEX,1893,1420225
Mexico,MEX,1894,1556654
Mexico,MEX,1895,1506848
Mexico,MEX,1896,1647261
Mexico,MEX,1897,2310492
Mexico,MEX,1898,2617837
Mexico,MEX,1899,3259902
Mexico,MEX,1900,3504230
Mexico,MEX,1901,4192086.2
Mexico,MEX,1902,4555862
Mexico,MEX,1903,5354459
Mexico,MEX,1904,5719209
Mexico,MEX,1905,6046716
Mexico,MEX,1906,6235503
Mexico,MEX,1907,6678760
Mexico,MEX,1908,5400351
Mexico,MEX,1909,5958777
Mexico,MEX,1910,5770138
Mexico,MEX,1911,5394200
Mexico,MEX,1912,4103608.2
Mexico,MEX,1913,2996258
Mexico,MEX,1914,3267778
Mexico,MEX,1915,2316020
Mexico,MEX,1916,1791390
Mexico,MEX,1917,2160798
Mexico,MEX,1918,3228863
Mexico,MEX,1919,2591841
Mexico,MEX,1920,2784180
Mexico,MEX,1921,2523199
Mexico,MEX,1922,2720006
Mexico,MEX,1923,3671144
Mexico,MEX,1924,3384913
Mexico,MEX,1925,3158072
Mexico,MEX,1926,2928394
Mexico,MEX,1927,3016436
Mexico,MEX,1928,2312090
Mexico,MEX,1929,2331231
Mexico,MEX,1930,2790587
Mexico,MEX,1931,1944606
Mexico,MEX,1932,1439314
Mexico,MEX,1933,2116865
Mexico,MEX,1934,1653680
Mexico,MEX,1935,2614501
Mexico,MEX,1936,2729340
Mexico,MEX,1937,2580048
Mexico,MEX,1938,2281467
Mexico,MEX,1939,1822111
Mexico,MEX,1940,1714928
Mexico,MEX,1941,1787660
Mexico,MEX,1942,1871876
Mexico,MEX,1943,2136004
Mexico,MEX,1944,1852735
Mexico,MEX,1945,1887188
Mexico,MEX,1946,1854249
Mexico,MEX,1947,1971232
Mexico,MEX,1948,2000783.9
Mexico,MEX,1949,2036926
Mexico,MEX,1950,1857648
Mexico,MEX,1951,2128784
Mexico,MEX,1952,2605104
Mexico,MEX,1953,2821280
Mexico,MEX,1954,2637814
Mexico,MEX,1955,2682048
Mexico,MEX,1956,2817616
Mexico,MEX,1957,2850804
Mexico,MEX,1958,2887232
Mexico,MEX,1959,3132720
Mexico,MEX,1960,3491792
Mexico,MEX,1961,3576064
Mexico,MEX,1962,3718746
Mexico,MEX,1963,4077807
Mexico,MEX,1964,4235375
Mexico,MEX,1965,4070506
Mexico,MEX,1966,4433440
Mexico,MEX,1967,5015812
Mexico,MEX,1968,5814768
Mexico,MEX,1969,6206593
Mexico,MEX,1970,6767408
Mexico,MEX,1971,7426928
Mexico,MEX,1972,8152400
Mexico,MEX,1973,9031760
Mexico,MEX,1974,11138560
Mexico,MEX,1975,11208176
Mexico,MEX,1976,11680832
Mexico,MEX,1977,12526978
Mexico,MEX,1978,15799168
Mexico,MEX,1979,17294080
Mexico,MEX,1980,10662386
Mexico,MEX,1981,8559104
Mexico,MEX,1982,10336268
Mexico,MEX,1983,10651248
Mexico,MEX,1984,10566976
Mexico,MEX,1985,12893616
Mexico,MEX,1986,12420805
Mexico,MEX,1987,11593034
Mexico,MEX,1988,11057820
Mexico,MEX,1989,12329485
Mexico,MEX,1990,15894616
Mexico,MEX,1991,15509884
Mexico,MEX,1992,14809725
Mexico,MEX,1993,18202752
Mexico,MEX,1994,20247264
Mexico,MEX,1995,22266128
Mexico,MEX,1996,25193664
Mexico,MEX,1997,25574720
Mexico,MEX,1998,26266968
Mexico,MEX,1999,25999744
Mexico,MEX,2000,26695904
Mexico,MEX,2001,30638368
Mexico,MEX,2002,34701436
Mexico,MEX,2003,42458430
Mexico,MEX,2004,37881780
Mexico,MEX,2005,46811264
Mexico,MEX,2006,50288788
Mexico,MEX,2007,45840304
Mexico,MEX,2008,40783984
Mexico,MEX,2009,40812980
Mexico,MEX,2010,51054176
Mexico,MEX,2011,56041308
Mexico,MEX,2012,49226210
Mexico,MEX,2013,49976580
Mexico,MEX,2014,48943710
Mexico,MEX,2015,44114224
Mexico,MEX,2016,47621010
Mexico,MEX,2017,48532956
Mexico,MEX,2018,47316896
Mexico,MEX,2019,45271668
Mexico,MEX,2020,33704550
Mexico,MEX,2021,29220400
Mexico,MEX,2022,34749970
Mexico,MEX,2023,39600190
Mexico,MEX,2024,40177990
Moldova,MDA,1830,189
Moldova,MDA,1831,226
Moldova,MDA,1832,151
Moldova,MDA,1833,189
Moldova,MDA,1850,1170
Moldova,MDA,1855,3547
Moldova,MDA,1858,4981
Moldova,MDA,1859,5283
Moldova,MDA,1860,6692
Moldova,MDA,1861,8578
Moldova,MDA,1862,7710
Moldova,MDA,1863,7899.9995
Moldova,MDA,1864,8734
Moldova,MDA,1865,8231
Moldova,MDA,1866,27503
Moldova,MDA,1867,31308
Moldova,MDA,1868,24842
Moldova,MDA,1869,34562
Moldova,MDA,1870,37688
Moldova,MDA,1871,52007
Moldova,MDA,1872,53250
Moldova,MDA,1873,47481
Moldova,MDA,1874,56156
Moldova,MDA,1875,61876
Moldova,MDA,1876,73126
Moldova,MDA,1877,68855
Moldova,MDA,1878,92028
Moldova,MDA,1879,89279
Moldova,MDA,1880,105862
Moldova,MDA,1881,101484
Moldova,MDA,1882,105610
Moldova,MDA,1883,121682
Moldova,MDA,1884,104023
Moldova,MDA,1885,103126
Moldova,MDA,1886,104888
Moldova,MDA,1887,97138
Moldova,MDA,1888,98144
Moldova,MDA,1889,112987
Moldova,MDA,1890,120376
Moldova,MDA,1891,120185
Moldova,MDA,1892,129474
Moldova,MDA,1893,150502
Moldova,MDA,1894,169048
Moldova,MDA,1895,164620
Moldova,MDA,1896,171953
Moldova,MDA,1897,201888
Moldova,MDA,1898,224867
Moldova,MDA,1899,282056
Moldova,MDA,1900,310789
Moldova,MDA,1901,291519
Moldova,MDA,1902,288197
Moldova,MDA,1903,304916
Moldova,MDA,1904,359612
Moldova,MDA,1905,373622
Moldova,MDA,1906,426859
Moldova,MDA,1907,497491
Moldova,MDA,1908,502134.97
Moldova,MDA,1909,525368
Moldova,MDA,1910,496603
Moldova,MDA,1911,547445
Moldova,MDA,1912,661571
Moldova,MDA,1913,763511
Moldova,MDA,1914,638074
Moldova,MDA,1915,524164.97
Moldova,MDA,1916,557417
Moldova,MDA,1917,525922
Moldova,MDA,1918,201449
Moldova,MDA,1919,127779.01
Moldova,MDA,1920,121050
Moldova,MDA,1921,145272
Moldova,MDA,1922,176488
Moldova,MDA,1923,192310
Moldova,MDA,1924,257013
Moldova,MDA,1925,237790
Moldova,MDA,1926,400450
Moldova,MDA,1927,509419.97
Moldova,MDA,1928,605386
Moldova,MDA,1929,599844
Moldova,MDA,1930,640282
Moldova,MDA,1931,763635
Moldova,MDA,1932,1001202.94
Moldova,MDA,1933,1208537
Moldova,MDA,1934,1525261
Moldova,MDA,1935,1802953
Moldova,MDA,1936,2126935
Moldova,MDA,1937,2147960
Moldova,MDA,1938,2262204
Moldova,MDA,1939,2298056
Moldova,MDA,1940,2988525
Moldova,MDA,1941,2438371
Moldova,MDA,1942,855558
Moldova,MDA,1943,1045218.94
Moldova,MDA,1944,1600624
Moldova,MDA,1945,2507538
Moldova,MDA,1946,2788756
Moldova,MDA,1947,3342294
Moldova,MDA,1948,3482712
Moldova,MDA,1949,3919547
Moldova,MDA,1950,4351721
Moldova,MDA,1951,4722108
Moldova,MDA,1952,4940604
Moldova,MDA,1953,5118566
Moldova,MDA,1954,5541481
Moldova,MDA,1955,6186352
Moldova,MDA,1956,6550548
Moldova,MDA,1957,6956360
Moldova,MDA,1958,7105641
Moldova,MDA,1959,7196374
Moldova,MDA,1960,7129464
Moldova,MDA,1961,6926652
Moldova,MDA,1962,6766159
Moldova,MDA,1963,6986836
Moldova,MDA,1964,7193680
Moldova,MDA,1965,7438311
Moldova,MDA,1966,7667372
Moldova,MDA,1967,7628490
Moldova,MDA,1968,7464250
Moldova,MDA,1969,7500822
Moldova,MDA,1970,7888951
Moldova,MDA,1971,8045471
Moldova,MDA,1972,8198118
Moldova,MDA,1973,8193669.5
Moldova,MDA,1974,8118551.5
Moldova,MDA,1975,8350732
Moldova,MDA,1976,8627924
Moldova,MDA,1977,8768343
Moldova,MDA,1978,8601132
Moldova,MDA,1979,8633014
Moldova,MDA,1980,9151940
Moldova,MDA,1981,8215450.5
Moldova,MDA,1982,8380645
Moldova,MDA,1983,8378755.5
Moldova,MDA,1984,8444866
Moldova,MDA,1985,9864109
Moldova,MDA,1986,10611725
Moldova,MDA,1987,10584286
Moldova,MDA,1988,9280826
Moldova,MDA,1989,8752090
Moldova,MDA,1990,7452644
Moldova,MDA,1991,6483960
Moldova,MDA,1992,4011374
Moldova,MDA,1993,3836208
Moldova,MDA,1994,3696976
Moldova,MDA,1995,2246032
Moldova,MDA,1996,1982224
Moldova,MDA,1997,996608
Moldova,MDA,1998,982527
Moldova,MDA,1999,447373
Moldova,MDA,2000,366400
Moldova,MDA,2001,260144
Moldova,MDA,2002,278464
Moldova,MDA,2003,337088
Moldova,MDA,2004,318768
Moldova,MDA,2005,286008
Moldova,MDA,2006,344416
Moldova,MDA,2007,168544
Moldova,MDA,2008,326096
Moldova,MDA,2009,348080
Moldova,MDA,2010,326096
Moldova,MDA,2011,333424
Moldova,MDA,2012,414032
Moldova,MDA,2013,553264
Moldova,MDA,2014,362736
Moldova,MDA,2015,370064
Moldova,MDA,2016,282339
Moldova,MDA,2017,403040
Moldova,MDA,2018,293120
Moldova,MDA,2019,366648
Moldova,MDA,2020,285792
Moldova,MDA,2021,337088
Moldova,MDA,2022,235650
Moldova,MDA,2023,216958
Moldova,MDA,2024,245966
Mongolia,MNG,1950,285792
Mongolia,MNG,1951,293120
Mongolia,MNG,1952,300448
Mongolia,MNG,1953,304112
Mongolia,MNG,1954,312752
Mongolia,MNG,1955,322432
Mongolia,MNG,1956,388384
Mongolia,MNG,1957,436016
Mongolia,MNG,1958,709441
Mongolia,MNG,1959,841349
Mongolia,MNG,1960,798752
Mongolia,MNG,1961,886688
Mongolia,MNG,1962,1421632
Mongolia,MNG,1963,1025920.06
Mongolia,MNG,1964,1410640
Mongolia,MNG,1965,1341024
Mongolia,MNG,1966,1339874
Mongolia,MNG,1967,1436288
Mongolia,MNG,1968,1700096
Mongolia,MNG,1969,1875968
Mongolia,MNG,1970,1978560
Mongolia,MNG,1971,2091005.1
Mongolia,MNG,1972,2247185
Mongolia,MNG,1973,2333968
Mongolia,MNG,1974,2502512
Mongolia,MNG,1975,2788304
Mongolia,MNG,1976,3025319
Mongolia,MNG,1977,3524768
Mongolia,MNG,1978,4026735.8
Mongolia,MNG,1979,4459088
Mongolia,MNG,1980,4909760
Mongolia,MNG,1981,4532368
Mongolia,MNG,1982,4503056
Mongolia,MNG,1983,4719232
Mongolia,MNG,1984,5481892
Mongolia,MNG,1985,6585197
Mongolia,MNG,1986,7049536
Mongolia,MNG,1987,7693401
Mongolia,MNG,1988,8651632
Mongolia,MNG,1989,7848288
Mongolia,MNG,1990,7306016
Mongolia,MNG,1991,10171264
Mongolia,MNG,1992,9193565
Mongolia,MNG,1993,7592451
Mongolia,MNG,1994,6800384
Mongolia,MNG,1995,6840688
Mongolia,MNG,1996,6830211
Mongolia,MNG,1997,6525056
Mongolia,MNG,1998,6433984
Mongolia,MNG,1999,6298416
Mongolia,MNG,2000,6136557
Mongolia,MNG,2001,6356359
Mongolia,MNG,2002,6774736
Mongolia,MNG,2003,6382688
Mongolia,MNG,2004,6793056
Mongolia,MNG,2005,6811376
Mongolia,MNG,2006,7371968
Mongolia,MNG,2007,9570368
Mongolia,MNG,2008,9336663
Mongolia,MNG,2009,10647584
Mongolia,MNG,2010,11179545
Mongolia,MNG,2011,18205872
Mongolia,MNG,2012,31393526
Mongolia,MNG,2013,39791040
Mongolia,MNG,2014,26014400
Mongolia,MNG,2015,19694000
Mongolia,MNG,2016,22533162
Mongolia,MNG,2017,30074112
Mongolia,MNG,2018,40945200
Mongolia,MNG,2019,41637696
Mongolia,MNG,2020,36991744
Mongolia,MNG,2021,30594400
Mongolia,MNG,2022,34690750
Mongolia,MNG,2023,38455572
Mongolia,MNG,2024,38731350
Montenegro,MNE,1885,501.99997
Montenegro,MNE,1890,1505
Montenegro,MNE,1891,1756
Montenegro,MNE,1892,1944
Montenegro,MNE,1893,3450
Montenegro,MNE,1894,6586
Montenegro,MNE,1895,6586
Montenegro,MNE,1896,7339
Montenegro,MNE,1897,5708
Montenegro,MNE,1898,8656
Montenegro,MNE,1899,10098
Montenegro,MNE,1900,13674
Montenegro,MNE,1901,14928
Montenegro,MNE,1902,13987
Montenegro,MNE,1903,15179
Montenegro,MNE,1904,16183
Montenegro,MNE,1905,17563
Montenegro,MNE,1906,21012
Montenegro,MNE,1907,21389
Montenegro,MNE,1908,23020
Montenegro,MNE,1909,23647
Montenegro,MNE,1910,23396
Montenegro,MNE,1911,25340
Montenegro,MNE,1912,25968
Montenegro,MNE,1913,71317
Montenegro,MNE,1919,51120
Montenegro,MNE,1920,67867
Montenegro,MNE,1921,72258
Montenegro,MNE,1922,102608
Montenegro,MNE,1923,112221
Montenegro,MNE,1924,115029
Montenegro,MNE,1925,125650
Montenegro,MNE,1926,121869
Montenegro,MNE,1927,137513
Montenegro,MNE,1928,156213
Montenegro,MNE,1929,170690
Montenegro,MNE,1930,158620
Montenegro,MNE,1931,149132
Montenegro,MNE,1932,134149
Montenegro,MNE,1933,124176
Montenegro,MNE,1934,129785
Montenegro,MNE,1935,136369
Montenegro,MNE,1936,133131
Montenegro,MNE,1937,149438
Montenegro,MNE,1938,146106
Montenegro,MNE,1939,153319
Montenegro,MNE,1940,176341
Montenegro,MNE,1943,0
Montenegro,MNE,1944,0
Montenegro,MNE,1945,88433
Montenegro,MNE,1946,175421
Montenegro,MNE,1947,243943
Montenegro,MNE,1948,275006
Montenegro,MNE,1949,313463
Montenegro,MNE,1950,285527
Montenegro,MNE,1951,269949
Montenegro,MNE,1952,275360
Montenegro,MNE,1953,265571
Montenegro,MNE,1954,319117
Montenegro,MNE,1955,368016
Montenegro,MNE,1956,421054
Montenegro,MNE,1957,454824
Montenegro,MNE,1958,445878
Montenegro,MNE,1959,509823.03
Montenegro,MNE,1960,552596
Montenegro,MNE,1961,581177
Montenegro,MNE,1962,591945
Montenegro,MNE,1963,654961
Montenegro,MNE,1964,736549
Montenegro,MNE,1965,736721
Montenegro,MNE,1966,710100
Montenegro,MNE,1967,675317
Montenegro,MNE,1968,695556
Montenegro,MNE,1969,703167
Montenegro,MNE,1970,909396
Montenegro,MNE,1971,1001402
Montenegro,MNE,1972,947121
Montenegro,MNE,1973,991400
Montenegro,MNE,1974,1012089
Montenegro,MNE,1975,1079239
Montenegro,MNE,1976,1088068
Montenegro,MNE,1977,1035779.94
Montenegro,MNE,1978,1089719
Montenegro,MNE,1979,1154809
Montenegro,MNE,1980,1135126
Montenegro,MNE,1981,1472091
Montenegro,MNE,1982,1296073
Montenegro,MNE,1983,1446171
Montenegro,MNE,1984,1574188
Montenegro,MNE,1985,1615434
Montenegro,MNE,1986,1655499
Montenegro,MNE,1987,1628401
Montenegro,MNE,1988,1651957
Montenegro,MNE,1989,1671694
Montenegro,MNE,1990,1618001
Montenegro,MNE,1991,1030922.06
Montenegro,MNE,1992,1345066
Montenegro,MNE,1993,1219267
Montenegro,MNE,1994,1199493
Montenegro,MNE,1995,1265095
Montenegro,MNE,1996,1278484
Montenegro,MNE,1997,1251762
Montenegro,MNE,1998,1423543
Montenegro,MNE,1999,1091660
Montenegro,MNE,2000,1255549
Montenegro,MNE,2001,1167495
Montenegro,MNE,2002,1212939
Montenegro,MNE,2003,1277648
Montenegro,MNE,2004,1343690
Montenegro,MNE,2005,1133570
Montenegro,MNE,2006,1256752
Montenegro,MNE,2007,1024081
Montenegro,MNE,2008,1511694
Montenegro,MNE,2009,817072
Montenegro,MNE,2010,1623152
Montenegro,MNE,2011,1677001
Montenegro,MNE,2012,1505904
Montenegro,MNE,2013,1450944
Montenegro,MNE,2014,1417968
Montenegro,MNE,2015,1494912
Montenegro,MNE,2016,1183472
Montenegro,MNE,2017,1201792
Montenegro,MNE,2018,1425296
Montenegro,MNE,2019,1454608
Montenegro,MNE,2020,1513232
Montenegro,MNE,2021,1326368
Montenegro,MNE,2022,1408572
Montenegro,MNE,2023,1334160
Montenegro,MNE,2024,1285939
Morocco,MAR,1930,3664
Morocco,MAR,1931,15267
Morocco,MAR,1932,40304
Morocco,MAR,1933,73280
Morocco,MAR,1934,95264
Morocco,MAR,1935,139232
Morocco,MAR,1936,131904
Morocco,MAR,1937,282128
Morocco,MAR,1938,373728
Morocco,MAR,1939,304112
Morocco,MAR,1940,381056
Morocco,MAR,1941,370064
Morocco,MAR,1942,314939
Morocco,MAR,1943,271136
Morocco,MAR,1944,355408
Morocco,MAR,1945,476320
Morocco,MAR,1946,586766
Morocco,MAR,1947,711346
Morocco,MAR,1948,769440
Morocco,MAR,1949,905008
Morocco,MAR,1950,826881
Morocco,MAR,1951,883024
Morocco,MAR,1952,996608
Morocco,MAR,1953,1337360
Morocco,MAR,1954,1000272.06
Morocco,MAR,1955,890352
Morocco,MAR,1956,907727
Morocco,MAR,1957,849030
Morocco,MAR,1958,865674
Morocco,MAR,1959,861040
Morocco,MAR,1960,875696
Morocco,MAR,1961,863865
Morocco,MAR,1962,792367
Morocco,MAR,1963,846384
Morocco,MAR,1964,992944
Morocco,MAR,1965,773104
Morocco,MAR,1966,1190800
Morocco,MAR,1967,1183472
Morocco,MAR,1968,1062560
Morocco,MAR,1969,1058896
Morocco,MAR,1970,1209120
Morocco,MAR,1971,1270840
Morocco,MAR,1972,1587235
Morocco,MAR,1973,1564528
Morocco,MAR,1974,1553536
Morocco,MAR,1975,1765465
Morocco,MAR,1976,1912608
Morocco,MAR,1977,1806874
Morocco,MAR,1978,1824160
Morocco,MAR,1979,1773784
Morocco,MAR,1980,1703760
Morocco,MAR,1981,1802688
Morocco,MAR,1982,2015199.9
Morocco,MAR,1983,2495184
Morocco,MAR,1984,2146662
Morocco,MAR,1985,2454880
Morocco,MAR,1986,4018628
Morocco,MAR,1987,4520552
Morocco,MAR,1988,4429776
Morocco,MAR,1989,4778621
Morocco,MAR,1990,4220928
Morocco,MAR,1991,4873869
Morocco,MAR,1992,4183672
Morocco,MAR,1993,4763200
Morocco,MAR,1994,5309136
Morocco,MAR,1995,6313872
Morocco,MAR,1996,8050800.5
Morocco,MAR,1997,7682475
Morocco,MAR,1998,8570096
Morocco,MAR,1999,8298959.5
Morocco,MAR,2000,10028368
Morocco,MAR,2001,12773966
Morocco,MAR,2002,13106128
Morocco,MAR,2003,12234096
Morocco,MAR,2004,13688704
Morocco,MAR,2005,14084416
Morocco,MAR,2006,14698813
Morocco,MAR,2007,15078481
Morocco,MAR,2008,14122054
Morocco,MAR,2009,13168416
Morocco,MAR,2010,13223376
Morocco,MAR,2011,11464656
Morocco,MAR,2012,11461719
Morocco,MAR,2013,11211840
Morocco,MAR,2014,15299893
Morocco,MAR,2015,16847072
Morocco,MAR,2016,16235184
Morocco,MAR,2017,16875374
Morocco,MAR,2018,19519274
Morocco,MAR,2019,25263280
Morocco,MAR,2020,25354880
Morocco,MAR,2021,26591936
Morocco,MAR,2022,26936078
Morocco,MAR,2023,25266040
Morocco,MAR,2024,22983014
Mozambique,MOZ,1927,43968
Mozambique,MOZ,1928,14656
Mozambique,MOZ,1932,51296
Mozambique,MOZ,1933,41037
Mozambique,MOZ,1934,58624
Mozambique,MOZ,1935,40304
Mozambique,MOZ,1936,43968
Mozambique,MOZ,1937,51296
Mozambique,MOZ,1938,28213
Mozambique,MOZ,1939,51296
Mozambique,MOZ,1940,51296
Mozambique,MOZ,1941,43968
Mozambique,MOZ,1942,18320
Mozambique,MOZ,1943,35513
Mozambique,MOZ,1944,41220
Mozambique,MOZ,1945,30621
Mozambique,MOZ,1946,41220
Mozambique,MOZ,1947,41382
Mozambique,MOZ,1948,25648
Mozambique,MOZ,1949,35174
Mozambique,MOZ,1950,715237
Mozambique,MOZ,1951,707152
Mozambique,MOZ,1952,828064
Mozambique,MOZ,1953,820736
Mozambique,MOZ,1954,858289
Mozambique,MOZ,1955,1043357.94
Mozambique,MOZ,1956,1182597
Mozambique,MOZ,1957,1359344
Mozambique,MOZ,1958,1363008
Mozambique,MOZ,1959,1311712
Mozambique,MOZ,1960,1337360
Mozambique,MOZ,1961,1498576
Mozambique,MOZ,1962,1523371
Mozambique,MOZ,1963,1359344
Mozambique,MOZ,1964,1341024
Mozambique,MOZ,1965,1267744
Mozambique,MOZ,1966,1161488
Mozambique,MOZ,1967,1110192
Mozambique,MOZ,1968,1480256
Mozambique,MOZ,1969,1641472
Mozambique,MOZ,1970,1542544
Mozambique,MOZ,1971,1659792
Mozambique,MOZ,1972,1425296
Mozambique,MOZ,1973,1557200
Mozambique,MOZ,1974,1494912
Mozambique,MOZ,1975,1370336
Mozambique,MOZ,1976,1324602
Mozambique,MOZ,1977,831728
Mozambique,MOZ,1978,655856
Mozambique,MOZ,1979,611888
Mozambique,MOZ,1980,764902
Mozambique,MOZ,1981,779284
Mozambique,MOZ,1982,644864
Mozambique,MOZ,1983,479984
Mozambique,MOZ,1984,333424
Mozambique,MOZ,1985,282128
Mozambique,MOZ,1986,175872
Mozambique,MOZ,1987,167917
Mozambique,MOZ,1988,172208
Mozambique,MOZ,1989,168544
Mozambique,MOZ,1990,153888
Mozambique,MOZ,1991,164880
Mozambique,MOZ,1992,157552
Mozambique,MOZ,1993,158060
Mozambique,MOZ,1994,157552
Mozambique,MOZ,1995,150224
Mozambique,MOZ,1996,65952
Mozambique,MOZ,1997,65952
Mozambique,MOZ,1998,0
Mozambique,MOZ,1999,0
Mozambique,MOZ,2000,0
Mozambique,MOZ,2001,0
Mozambique,MOZ,2002,0
Mozambique,MOZ,2003,0
Mozambique,MOZ,2004,0
Mozambique,MOZ,2005,0
Mozambique,MOZ,2006,0
Mozambique,MOZ,2007,25607
Mozambique,MOZ,2008,25690
Mozambique,MOZ,2009,25648
Mozambique,MOZ,2010,25683
Mozambique,MOZ,2011,124576
Mozambique,MOZ,2012,40256
Mozambique,MOZ,2013,36640
Mozambique,MOZ,2014,820736
Mozambique,MOZ,2015,432583
Mozambique,MOZ,2016,51296
Mozambique,MOZ,2017,25648
Mozambique,MOZ,2018,62320
Mozambique,MOZ,2019,43968
Mozambique,MOZ,2020,76987
Mozambique,MOZ,2021,25648
Mozambique,MOZ,2022,32950
Mozambique,MOZ,2023,38098
Mozambique,MOZ,2024,38898
Myanmar,MMR,1928,0
Myanmar,MMR,1929,0
Myanmar,MMR,1930,0
Myanmar,MMR,1931,0
Myanmar,MMR,1932,0
Myanmar,MMR,1933,0
Myanmar,MMR,1934,0
Myanmar,MMR,1935,0
Myanmar,MMR,1936,0
Myanmar,MMR,1937,0
Myanmar,MMR,1938,0
Myanmar,MMR,1939,0
Myanmar,MMR,1940,0
Myanmar,MMR,1941,0
Myanmar,MMR,1942,0
Myanmar,MMR,1943,0
Myanmar,MMR,1944,0
Myanmar,MMR,1945,0
Myanmar,MMR,1946,0
Myanmar,MMR,1947,0
Myanmar,MMR,1948,0
Myanmar,MMR,1949,0
Myanmar,MMR,1950,410368
Myanmar,MMR,1951,372239
Myanmar,MMR,1952,549600
Myanmar,MMR,1953,663184
Myanmar,MMR,1954,725472
Myanmar,MMR,1955,553264
Myanmar,MMR,1956,670512
Myanmar,MMR,1957,747456
Myanmar,MMR,1958,916000
Myanmar,MMR,1959,1117520
Myanmar,MMR,1960,937984
Myanmar,MMR,1961,707152
Myanmar,MMR,1962,916000
Myanmar,MMR,1963,575248
Myanmar,MMR,1964,593568
Myanmar,MMR,1965,370064
Myanmar,MMR,1966,252815.98
Myanmar,MMR,1967,549600
Myanmar,MMR,1968,219840
Myanmar,MMR,1969,498304
Myanmar,MMR,1970,582114
Myanmar,MMR,1971,600896
Myanmar,MMR,1972,381056
Myanmar,MMR,1973,201520
Myanmar,MMR,1974,436016
Myanmar,MMR,1975,669976
Myanmar,MMR,1976,436016
Myanmar,MMR,1977,344416
Myanmar,MMR,1978,447008
Myanmar,MMR,1979,142896
Myanmar,MMR,1980,153990
Myanmar,MMR,1981,205051
Myanmar,MMR,1982,271314
Myanmar,MMR,1983,241824
Myanmar,MMR,1984,267472
Myanmar,MMR,1985,289456
Myanmar,MMR,1986,186864
Myanmar,MMR,1987,146560
Myanmar,MMR,1988,121020
Myanmar,MMR,1989,186864
Myanmar,MMR,1990,274800
Myanmar,MMR,1991,289456
Myanmar,MMR,1992,120912
Myanmar,MMR,1993,51296
Myanmar,MMR,1994,40304
Myanmar,MMR,1995,65952
Myanmar,MMR,1996,47632
Myanmar,MMR,1997,51321
Myanmar,MMR,1998,54935
Myanmar,MMR,1999,366400
Myanmar,MMR,2000,1359344
Myanmar,MMR,2001,1564528
Myanmar,MMR,2002,1234768
Myanmar,MMR,2003,601117
Myanmar,MMR,2004,728923
Myanmar,MMR,2005,586240
Myanmar,MMR,2006,952368
Myanmar,MMR,2007,820736
Myanmar,MMR,2008,648528
Myanmar,MMR,2009,608443
Myanmar,MMR,2010,1231448
Myanmar,MMR,2011,1663051
Myanmar,MMR,2012,1704287
Myanmar,MMR,2013,1143168
Myanmar,MMR,2014,1157824
Myanmar,MMR,2015,923328
Myanmar,MMR,2016,1124848
Myanmar,MMR,2017,1550112
Myanmar,MMR,2018,3249968
Myanmar,MMR,2019,3931472
Myanmar,MMR,2020,4327184
Myanmar,MMR,2021,2879904
Myanmar,MMR,2022,2923534
Myanmar,MMR,2023,3240811
Myanmar,MMR,2024,3264053
Namibia,NAM,1991,40304
Namibia,NAM,1992,32976
Namibia,NAM,1993,238160
Namibia,NAM,1994,264427
Namibia,NAM,1995,43968
Namibia,NAM,1996,36640
Namibia,NAM,1997,29254
Namibia,NAM,1998,29312
Namibia,NAM,1999,14687
Namibia,NAM,2000,36640
Namibia,NAM,2001,102592
Namibia,NAM,2002,76944
Namibia,NAM,2003,102592
Namibia,NAM,2004,117248
Namibia,NAM,2005,91600
Namibia,NAM,2006,216176
Namibia,NAM,2007,95264
Namibia,NAM,2008,275153
Namibia,NAM,2009,186607
Namibia,NAM,2010,190528
Namibia,NAM,2011,132077
Namibia,NAM,2012,157552
Namibia,NAM,2013,131904
Namibia,NAM,2014,62214
Namibia,NAM,2015,84181
Namibia,NAM,2016,131904
Namibia,NAM,2017,153888
Namibia,NAM,2018,98826
Namibia,NAM,2019,131771
Namibia,NAM,2020,146399
Namibia,NAM,2021,124576
Namibia,NAM,2022,29312
Namibia,NAM,2023,28111
Namibia,NAM,2024,29368
Nepal,NPL,1964,26289
Nepal,NPL,1965,32976
Nepal,NPL,1966,32976
Nepal,NPL,1967,51296
Nepal,NPL,1968,61398
Nepal,NPL,1969,62864.996
Nepal,NPL,1970,25648
Nepal,NPL,1971,32976
Nepal,NPL,1972,62288
Nepal,NPL,1973,205184
Nepal,NPL,1974,212512
Nepal,NPL,1975,124576
Nepal,NPL,1976,21984
Nepal,NPL,1977,51296
Nepal,NPL,1978,43485
Nepal,NPL,1979,190528
Nepal,NPL,1980,206580
Nepal,NPL,1981,103426
Nepal,NPL,1982,109920
Nepal,NPL,1983,109920
Nepal,NPL,1984,267472
Nepal,NPL,1985,212512
Nepal,NPL,1986,139232
Nepal,NPL,1987,230832
Nepal,NPL,1988,235365
Nepal,NPL,1989,216176
Nepal,NPL,1990,179536
Nepal,NPL,1991,300448
Nepal,NPL,1992,281303
Nepal,NPL,1993,311440
Nepal,NPL,1994,340752
Nepal,NPL,1995,743792
Nepal,NPL,1996,743792
Nepal,NPL,1997,809744
Nepal,NPL,1998,304610
Nepal,NPL,1999,1110192
Nepal,NPL,2000,978288
Nepal,NPL,2001,1117520
Nepal,NPL,2002,520288
Nepal,NPL,2003,663184
Nepal,NPL,2004,586240
Nepal,NPL,2005,939131
Nepal,NPL,2006,589904
Nepal,NPL,2007,747456
Nepal,NPL,2008,747456
Nepal,NPL,2009,702870
Nepal,NPL,2010,1102864
Nepal,NPL,2011,1113856
Nepal,NPL,2012,831728
Nepal,NPL,2013,1040576
Nepal,NPL,2014,1835664
Nepal,NPL,2015,2200907
Nepal,NPL,2016,2616096
Nepal,NPL,2017,2987034
Nepal,NPL,2018,3692338
Nepal,NPL,2019,3909488
Nepal,NPL,2020,5292052
Nepal,NPL,2021,4523974
Nepal,NPL,2022,7163120
Nepal,NPL,2023,7940499
Nepal,NPL,2024,7997444
Netherlands,NLD,1846,2868912
Netherlands,NLD,1847,3869184
Netherlands,NLD,1848,3649344
Netherlands,NLD,1849,3330576
Netherlands,NLD,1850,3136384
Netherlands,NLD,1851,3118064
Netherlands,NLD,1852,3762928
Netherlands,NLD,1853,4169632
Netherlands,NLD,1854,5946672
Netherlands,NLD,1855,4649616
Netherlands,NLD,1856,4722896
Netherlands,NLD,1857,4217264
Netherlands,NLD,1858,3707968
Netherlands,NLD,1859,3524768
Netherlands,NLD,1860,4796176
Netherlands,NLD,1861,4404128
Netherlands,NLD,1862,5671872
Netherlands,NLD,1863,4074368
Netherlands,NLD,1864,3378208
Netherlands,NLD,1865,3828880
Netherlands,NLD,1866,4187952
Netherlands,NLD,1867,4004752.2
Netherlands,NLD,1868,4191616
Netherlands,NLD,1869,4323520
Netherlands,NLD,1870,4887776
Netherlands,NLD,1871,4917088
Netherlands,NLD,1872,5265168
Netherlands,NLD,1873,5056260
Netherlands,NLD,1874,4653212
Netherlands,NLD,1875,5316395
Netherlands,NLD,1876,6107888
Netherlands,NLD,1877,6184832
Netherlands,NLD,1878,6558560
Netherlands,NLD,1879,7075184
Netherlands,NLD,1880,7822640
Netherlands,NLD,1881,7862944
Netherlands,NLD,1882,7947216
Netherlands,NLD,1883,8800928
Netherlands,NLD,1884,8786272
Netherlands,NLD,1885,9185648
Netherlands,NLD,1886,9357856
Netherlands,NLD,1887,9511744
Netherlands,NLD,1888,10585203
Netherlands,NLD,1889,10306832
Netherlands,NLD,1890,9966080
Netherlands,NLD,1891,11559813
Netherlands,NLD,1892,10944368
Netherlands,NLD,1893,11065153
Netherlands,NLD,1894,11186192
Netherlands,NLD,1895,11164208
Netherlands,NLD,1896,12028776
Netherlands,NLD,1897,12611488
Netherlands,NLD,1898,12417296
Netherlands,NLD,1899,12780169
Netherlands,NLD,1900,14117392
Netherlands,NLD,1901,13758320
Netherlands,NLD,1902,13718016
Netherlands,NLD,1903,14703632
Netherlands,NLD,1904,15608766
Netherlands,NLD,1905,16015345
Netherlands,NLD,1906,17444304
Netherlands,NLD,1907,17964712
Netherlands,NLD,1908,18316336
Netherlands,NLD,1909,19312944
Netherlands,NLD,1910,20225280
Netherlands,NLD,1911,21463712
Netherlands,NLD,1912,24295984
Netherlands,NLD,1913,26893760
Netherlands,NLD,1914,24720852
Netherlands,NLD,1915,23995536
Netherlands,NLD,1916,21932628
Netherlands,NLD,1917,8335600
Netherlands,NLD,1918,14513100
Netherlands,NLD,1919,20697936
Netherlands,NLD,1920,20694516
Netherlands,NLD,1921,21940032
Netherlands,NLD,1922,25735936
Netherlands,NLD,1923,25292592
Netherlands,NLD,1924,28491264
Netherlands,NLD,1925,31525056
Netherlands,NLD,1926,31943006
Netherlands,NLD,1927,35097456
Netherlands,NLD,1928,35200050
Netherlands,NLD,1929,38409964
Netherlands,NLD,1930,37570656
Netherlands,NLD,1931,41424896
Netherlands,NLD,1932,38362350
Netherlands,NLD,1933,35276990
Netherlands,NLD,1934,35507824
Netherlands,NLD,1935,33815056
Netherlands,NLD,1936,36042770
Netherlands,NLD,1937,39377010
Netherlands,NLD,1938,38006670
Netherlands,NLD,1939,40432240
Netherlands,NLD,1940,33437664
Netherlands,NLD,1941,36896504
Netherlands,NLD,1942,34412290
Netherlands,NLD,1943,34749376
Netherlands,NLD,1944,23229760
Netherlands,NLD,1945,14538752
Netherlands,NLD,1946,30707984
Netherlands,NLD,1947,36906840
Netherlands,NLD,1948,38142948
Netherlands,NLD,1949,41095424
Netherlands,NLD,1950,42681936
Netherlands,NLD,1951,44704464
Netherlands,NLD,1952,43825104
Netherlands,NLD,1953,43584056
Netherlands,NLD,1954,44092576
Netherlands,NLD,1955,44309750
Netherlands,NLD,1956,44986590
Netherlands,NLD,1957,43466030
Netherlands,NLD,1958,41927150
Netherlands,NLD,1959,39552880
Netherlands,NLD,1960,40816960
Netherlands,NLD,1961,40314990
Netherlands,NLD,1962,42278896
Netherlands,NLD,1963,43541060
Netherlands,NLD,1964,38136356
Netherlands,NLD,1965,35255010
Netherlands,NLD,1966,32467854
Netherlands,NLD,1967,29738044
Netherlands,NLD,1968,27316002
Netherlands,NLD,1969,24171408
Netherlands,NLD,1970,18807312
Netherlands,NLD,1971,13069828
Netherlands,NLD,1972,10347136
Netherlands,NLD,1973,10336144
Netherlands,NLD,1974,11072608
Netherlands,NLD,1975,8518800
Netherlands,NLD,1976,9225952
Netherlands,NLD,1977,9790427
Netherlands,NLD,1978,11010320
Netherlands,NLD,1979,11720907
Netherlands,NLD,1980,12699686
Netherlands,NLD,1981,14721952
Netherlands,NLD,1982,12838656
Netherlands,NLD,1983,20258256
Netherlands,NLD,1984,25263280
Netherlands,NLD,1985,25260242
Netherlands,NLD,1986,23383648
Netherlands,NLD,1987,25519760
Netherlands,NLD,1988,28333006
Netherlands,NLD,1989,30591424
Netherlands,NLD,1990,36093610
Netherlands,NLD,1991,34259230
Netherlands,NLD,1992,34466850
Netherlands,NLD,1993,33314086
Netherlands,NLD,1994,36511000
Netherlands,NLD,1995,35865290
Netherlands,NLD,1996,34641860
Netherlands,NLD,1997,33758628
Netherlands,NLD,1998,34434692
Netherlands,NLD,1999,30480576
Netherlands,NLD,2000,31788510
Netherlands,NLD,2001,34234764
Netherlands,NLD,2002,34725508
Netherlands,NLD,2003,36054810
Netherlands,NLD,2004,35516180
Netherlands,NLD,2005,34156650
Netherlands,NLD,2006,32945938
Netherlands,NLD,2007,35541244
Netherlands,NLD,2008,34516012
Netherlands,NLD,2009,31749774
Netherlands,NLD,2010,33054612
Netherlands,NLD,2011,32092750
Netherlands,NLD,2012,34336310
Netherlands,NLD,2013,34682000
Netherlands,NLD,2014,38171630
Netherlands,NLD,2015,45539380
Netherlands,NLD,2016,42642464
Netherlands,NLD,2017,38511010
Netherlands,NLD,2018,35112356
Netherlands,NLD,2019,27575562
Netherlands,NLD,2020,19402260
Netherlands,NLD,2021,24982682
Netherlands,NLD,2022,24317270
Netherlands,NLD,2023,17237386
Netherlands,NLD,2024,18605106
New Caledonia,NCL,1950,183200
New Caledonia,NCL,1951,234496
New Caledonia,NCL,1952,424652
New Caledonia,NCL,1953,344416
New Caledonia,NCL,1954,458000
New Caledonia,NCL,1955,615552
New Caledonia,NCL,1956,1051568
New Caledonia,NCL,1957,909212
New Caledonia,NCL,1958,597232
New Caledonia,NCL,1959,468992
New Caledonia,NCL,1960,681504
New Caledonia,NCL,1961,663184
New Caledonia,NCL,1962,373728
New Caledonia,NCL,1963,436016
New Caledonia,NCL,1964,740128
New Caledonia,NCL,1965,791424
New Caledonia,NCL,1966,916000
New Caledonia,NCL,1967,859514
New Caledonia,NCL,1968,923328
New Caledonia,NCL,1969,776768
New Caledonia,NCL,1970,1058896
New Caledonia,NCL,1971,916000
New Caledonia,NCL,1972,322432
New Caledonia,NCL,1973,274800
New Caledonia,NCL,1974,333424
New Caledonia,NCL,1975,271136
New Caledonia,NCL,1976,197856
New Caledonia,NCL,1977,249152
New Caledonia,NCL,1978,117248
New Caledonia,NCL,1979,234496
New Caledonia,NCL,1980,318768
New Caledonia,NCL,1981,216176
New Caledonia,NCL,1982,172208
New Caledonia,NCL,1983,256480.02
New Caledonia,NCL,1984,274800
New Caledonia,NCL,1985,470176
New Caledonia,NCL,1986,465328
New Caledonia,NCL,1987,410368
New Caledonia,NCL,1988,450672
New Caledonia,NCL,1989,549600
New Caledonia,NCL,1990,436016
New Caledonia,NCL,1991,465328
New Caledonia,NCL,1992,322432
New Caledonia,NCL,1993,418530
New Caledonia,NCL,1994,534944
New Caledonia,NCL,1995,494640
New Caledonia,NCL,1996,666848
New Caledonia,NCL,1997,300448
New Caledonia,NCL,1998,318768
New Caledonia,NCL,1999,293120
New Caledonia,NCL,2000,652192
New Caledonia,NCL,2001,663184
New Caledonia,NCL,2002,707152
New Caledonia,NCL,2003,802416
New Caledonia,NCL,2004,719189
New Caledonia,NCL,2005,665980
New Caledonia,NCL,2006,725472
New Caledonia,NCL,2007,626544
New Caledonia,NCL,2008,641200
New Caledonia,NCL,2009,858519
New Caledonia,NCL,2010,1309592
New Caledonia,NCL,2011,1361449
New Caledonia,NCL,2012,1358568
New Caledonia,NCL,2013,1382027
New Caledonia,NCL,2014,1939282
New Caledonia,NCL,2015,2040527.1
New Caledonia,NCL,2016,2634000
New Caledonia,NCL,2017,2974773
New Caledonia,NCL,2018,3057086
New Caledonia,NCL,2019,3041035
New Caledonia,NCL,2020,2714254
New Caledonia,NCL,2021,2293226
New Caledonia,NCL,2022,2762407
New Caledonia,NCL,2023,2616302
New Caledonia,NCL,2024,2843081
New Zealand,NZL,1878,355408
New Zealand,NZL,1879,505631.97
New Zealand,NZL,1880,655856
New Zealand,NZL,1881,736464
New Zealand,NZL,1882,828064
New Zealand,NZL,1883,926992
New Zealand,NZL,1884,1058896
New Zealand,NZL,1885,1128512
New Zealand,NZL,1886,1179808
New Zealand,NZL,1887,1238432
New Zealand,NZL,1888,1363008
New Zealand,NZL,1889,1311712
New Zealand,NZL,1890,1421632
New Zealand,NZL,1891,1491248
New Zealand,NZL,1892,1502240
New Zealand,NZL,1893,1542544
New Zealand,NZL,1894,1608496
New Zealand,NZL,1895,1623152
New Zealand,NZL,1896,1769712
New Zealand,NZL,1897,1875968
New Zealand,NZL,1898,2022527.9
New Zealand,NZL,1899,2176416
New Zealand,NZL,1900,2440224
New Zealand,NZL,1901,2740672
New Zealand,NZL,1902,3041120
New Zealand,NZL,1903,3169360
New Zealand,NZL,1904,3433168
New Zealand,NZL,1905,3539424
New Zealand,NZL,1906,3861856
New Zealand,NZL,1907,4085360
New Zealand,NZL,1908,4151311.8
New Zealand,NZL,1909,4264896
New Zealand,NZL,1910,4902432
New Zealand,NZL,1911,4609312
New Zealand,NZL,1912,4862128
New Zealand,NZL,1913,4213600
New Zealand,NZL,1914,5081968
New Zealand,NZL,1915,4931744
New Zealand,NZL,1916,5038000
New Zealand,NZL,1917,4616640
New Zealand,NZL,1918,4543360
New Zealand,NZL,1919,4129327.8
New Zealand,NZL,1920,3557744
New Zealand,NZL,1921,3499120
New Zealand,NZL,1922,3561408
New Zealand,NZL,1923,3836208
New Zealand,NZL,1924,3990096
New Zealand,NZL,1925,4089024
New Zealand,NZL,1926,4272224
New Zealand,NZL,1927,4495728
New Zealand,NZL,1928,4613056
New Zealand,NZL,1929,4796176
New Zealand,NZL,1930,4770528
New Zealand,NZL,1931,4158710
New Zealand,NZL,1932,3462480
New Zealand,NZL,1933,3455247
New Zealand,NZL,1934,3979107
New Zealand,NZL,1935,4085418.2
New Zealand,NZL,1936,4096352
New Zealand,NZL,1937,4290544
New Zealand,NZL,1938,4132991.8
New Zealand,NZL,1939,4345504
New Zealand,NZL,1940,4649701
New Zealand,NZL,1941,4891520
New Zealand,NZL,1942,4986783
New Zealand,NZL,1943,5257840
New Zealand,NZL,1944,5356768
New Zealand,NZL,1945,5503252
New Zealand,NZL,1946,5419056
New Zealand,NZL,1947,5342112
New Zealand,NZL,1948,5378835
New Zealand,NZL,1949,5477766
New Zealand,NZL,1950,5833088
New Zealand,NZL,1951,5249202
New Zealand,NZL,1952,5950336
New Zealand,NZL,1953,5464347
New Zealand,NZL,1954,5652171
New Zealand,NZL,1955,5591264
New Zealand,NZL,1956,5741488
New Zealand,NZL,1957,5734160
New Zealand,NZL,1958,5943008
New Zealand,NZL,1959,6137200
New Zealand,NZL,1960,6595200
New Zealand,NZL,1961,6433984
New Zealand,NZL,1962,5620576
New Zealand,NZL,1963,6019952
New Zealand,NZL,1964,6338720
New Zealand,NZL,1965,5841980
New Zealand,NZL,1966,5825760
New Zealand,NZL,1967,5184560
New Zealand,NZL,1968,4838828
New Zealand,NZL,1969,5070976
New Zealand,NZL,1970,4975712
New Zealand,NZL,1971,4538591
New Zealand,NZL,1972,4660608
New Zealand,NZL,1973,5326383
New Zealand,NZL,1974,5582845
New Zealand,NZL,1975,5250512
New Zealand,NZL,1976,5378752
New Zealand,NZL,1977,5212930
New Zealand,NZL,1978,4361048
New Zealand,NZL,1979,3762928
New Zealand,NZL,1980,4009257.8
New Zealand,NZL,1981,3982768
New Zealand,NZL,1982,4008416.2
New Zealand,NZL,1983,4316192
New Zealand,NZL,1984,4250240
New Zealand,NZL,1985,4012080.2
New Zealand,NZL,1986,3488687
New Zealand,NZL,1987,4140319.8
New Zealand,NZL,1988,4946400
New Zealand,NZL,1989,4181228.2
New Zealand,NZL,1990,4657468
New Zealand,NZL,1991,4507725
New Zealand,NZL,1992,4928980
New Zealand,NZL,1993,4896867
New Zealand,NZL,1994,4635611
New Zealand,NZL,1995,4639896
New Zealand,NZL,1996,4595182
New Zealand,NZL,1997,4945688
New Zealand,NZL,1998,4530024
New Zealand,NZL,1999,4629604
New Zealand,NZL,2000,4418529
New Zealand,NZL,2001,5421931
New Zealand,NZL,2002,5432143
New Zealand,NZL,2003,7751676
New Zealand,NZL,2004,8024897.5
New Zealand,NZL,2005,8930828
New Zealand,NZL,2006,8807634
New Zealand,NZL,2007,6739204
New Zealand,NZL,2008,8298432.5
New Zealand,NZL,2009,6330469
New Zealand,NZL,2010,5472199
New Zealand,NZL,2011,5547868
New Zealand,NZL,2012,6867411
New Zealand,NZL,2013,6027803
New Zealand,NZL,2014,5457577
New Zealand,NZL,2015,5486146
New Zealand,NZL,2016,4481448
New Zealand,NZL,2017,4686748
New Zealand,NZL,2018,5267319
New Zealand,NZL,2019,5618295
New Zealand,NZL,2020,5339866
New Zealand,NZL,2021,6191473
New Zealand,NZL,2022,4301655
New Zealand,NZL,2023,3863176
New Zealand,NZL,2024,5865477
Nicaragua,NIC,1870,0
Nicaragua,NIC,1871,8
Nicaragua,NIC,1872,8
Nicaragua,NIC,1873,23
Nicaragua,NIC,1874,62
Nicaragua,NIC,1875,26
Nicaragua,NIC,1876,28
Nicaragua,NIC,1877,87
Nicaragua,NIC,1878,513
Nicaragua,NIC,1879,887
Nicaragua,NIC,1880,516
Nicaragua,NIC,1881,87
Nicaragua,NIC,1882,77
Nicaragua,NIC,1883,641
Nicaragua,NIC,1884,1652
Nicaragua,NIC,1885,1077
Nicaragua,NIC,1886,336
Nicaragua,NIC,1887,913
Nicaragua,NIC,1888,1624
Nicaragua,NIC,1889,6915
Nicaragua,NIC,1890,16858
Nicaragua,NIC,1891,28092
Nicaragua,NIC,1892,21965
Nicaragua,NIC,1893,11067
Nicaragua,NIC,1894,13399
Nicaragua,NIC,1895,9785
Nicaragua,NIC,1896,5499
Nicaragua,NIC,1897,5325
Nicaragua,NIC,1898,5432
Nicaragua,NIC,1899,5837
Nicaragua,NIC,1900,6858
Nicaragua,NIC,1901,8115
Nicaragua,NIC,1902,7710
Nicaragua,NIC,1903,7902
Nicaragua,NIC,1904,7266
Nicaragua,NIC,1905,6240
Nicaragua,NIC,1906,6038
Nicaragua,NIC,1907,4922
Nicaragua,NIC,1908,4440
Nicaragua,NIC,1909,4399
Nicaragua,NIC,1910,4896
Nicaragua,NIC,1911,6668
Nicaragua,NIC,1912,5314
Nicaragua,NIC,1913,3678
Nicaragua,NIC,1914,3988
Nicaragua,NIC,1915,3982.9998
Nicaragua,NIC,1916,5535
Nicaragua,NIC,1917,7397
Nicaragua,NIC,1918,6751
Nicaragua,NIC,1919,5737
Nicaragua,NIC,1920,2970
Nicaragua,NIC,1921,4771
Nicaragua,NIC,1922,2649
Nicaragua,NIC,1923,9297
Nicaragua,NIC,1924,14042
Nicaragua,NIC,1925,6786
Nicaragua,NIC,1926,17194
Nicaragua,NIC,1927,2626
Nicaragua,NIC,1928,1403
Nicaragua,NIC,1929,957
Nicaragua,NIC,1930,544
Nicaragua,NIC,1931,354
Nicaragua,NIC,1932,195
Nicaragua,NIC,1933,357
Nicaragua,NIC,1934,192
Nicaragua,NIC,1935,267
Nicaragua,NIC,1936,344
Nicaragua,NIC,1937,459
Nicaragua,NIC,1938,154
Nicaragua,NIC,1939,192
Nicaragua,NIC,1940,192
Nicaragua,NIC,1941,231
Nicaragua,NIC,1942,0
Nicaragua,NIC,1943,613
Nicaragua,NIC,1944,305
Nicaragua,NIC,1945,154
Nicaragua,NIC,1946,0
Nicaragua,NIC,1947,154
Nicaragua,NIC,1948,305
Nicaragua,NIC,1949,344
Nicaragua,NIC,1950,192
Niger,NER,1950,5372
Niger,NER,1951,9400
Niger,NER,1952,9062
Niger,NER,1953,2967
Niger,NER,1954,3374
Niger,NER,1955,1518
Niger,NER,1956,1988
Niger,NER,1957,80
Niger,NER,1980,51296
Niger,NER,1981,80179
Niger,NER,1982,120322
Niger,NER,1983,344416
Niger,NER,1984,399376
Niger,NER,1985,400850
Niger,NER,1986,328425
Niger,NER,1987,436016
Niger,NER,1988,410368
Niger,NER,1989,454336
Niger,NER,1990,223504
Niger,NER,1991,225721
Niger,NER,1992,194192
Niger,NER,1993,227168
Niger,NER,1994,225748
Niger,NER,1995,249152
Niger,NER,1996,262318
Niger,NER,1997,235821
Niger,NER,1998,262434
Niger,NER,1999,245488
Niger,NER,2000,229617
Niger,NER,2001,236837
Niger,NER,2002,265204
Niger,NER,2003,273472
Niger,NER,2004,349655
Niger,NER,2005,255165.02
Niger,NER,2006,265219
Niger,NER,2007,232022
Niger,NER,2008,268699
Niger,NER,2009,278464
Niger,NER,2010,329760
Niger,NER,2011,370064
Niger,NER,2012,384720
Niger,NER,2013,340752
Niger,NER,2014,388384
Niger,NER,2015,325529
Niger,NER,2016,356042
Niger,NER,2017,337088
Niger,NER,2018,326096
Niger,NER,2019,326096
Niger,NER,2020,355831
Niger,NER,2021,153673
Niger,NER,2022,314779
Niger,NER,2023,366046
Niger,NER,2024,300062
Nigeria,NGA,1915,18320
Nigeria,NGA,1916,65952
Nigeria,NGA,1917,223504
Nigeria,NGA,1918,399376
Nigeria,NGA,1919,370064
Nigeria,NGA,1920,487312
Nigeria,NGA,1921,571584
Nigeria,NGA,1922,304112
Nigeria,NGA,1923,472656
Nigeria,NGA,1924,542272
Nigeria,NGA,1925,644864
Nigeria,NGA,1926,875696
Nigeria,NGA,1927,967296
Nigeria,NGA,1928,967296
Nigeria,NGA,1929,930656
Nigeria,NGA,1930,937984
Nigeria,NGA,1931,883024
Nigeria,NGA,1932,677840
Nigeria,NGA,1933,633872
Nigeria,NGA,1934,699824
Nigeria,NGA,1935,696160
Nigeria,NGA,1936,787760
Nigeria,NGA,1937,978288
Nigeria,NGA,1938,974624
Nigeria,NGA,1939,820736
Nigeria,NGA,1940,835392
Nigeria,NGA,1941,989280
Nigeria,NGA,1942,1242096
Nigeria,NGA,1943,1363008
Nigeria,NGA,1944,1656128
Nigeria,NGA,1945,1381328
Nigeria,NGA,1946,1637808
Nigeria,NGA,1947,1560864
Nigeria,NGA,1948,1637808
Nigeria,NGA,1949,1483920
Nigeria,NGA,1950,1729408
Nigeria,NGA,1951,1128512
Nigeria,NGA,1952,1569219
Nigeria,NGA,1953,1730470
Nigeria,NGA,1954,1725744
Nigeria,NGA,1955,1751392
Nigeria,NGA,1956,1859050
Nigeria,NGA,1957,1927264
Nigeria,NGA,1958,2231376
Nigeria,NGA,1959,1800837
Nigeria,NGA,1960,1445724
Nigeria,NGA,1961,1476592
Nigeria,NGA,1962,1597504
Nigeria,NGA,1963,1421632
Nigeria,NGA,1964,1726614
Nigeria,NGA,1965,1872888
Nigeria,NGA,1966,1693249
Nigeria,NGA,1967,740128
Nigeria,NGA,1968,7328
Nigeria,NGA,1969,58624
Nigeria,NGA,1970,172208
Nigeria,NGA,1971,549662
Nigeria,NGA,1972,857300
Nigeria,NGA,1973,802357
Nigeria,NGA,1974,773058
Nigeria,NGA,1975,593568
Nigeria,NGA,1976,765776
Nigeria,NGA,1977,703386
Nigeria,NGA,1978,542272
Nigeria,NGA,1979,458000
Nigeria,NGA,1980,476320
Nigeria,NGA,1981,285808
Nigeria,NGA,1982,161216
Nigeria,NGA,1983,153888
Nigeria,NGA,1984,201520
Nigeria,NGA,1985,370045
Nigeria,NGA,1986,296784
Nigeria,NGA,1987,205184
Nigeria,NGA,1988,161216
Nigeria,NGA,1989,142896
Nigeria,NGA,1990,164880
Nigeria,NGA,1991,190528
Nigeria,NGA,1992,139221
Nigeria,NGA,1993,21982
Nigeria,NGA,1994,65945
Nigeria,NGA,1995,51302
Nigeria,NGA,1996,21984
Nigeria,NGA,1997,25648
Nigeria,NGA,1998,32976
Nigeria,NGA,1999,43968
Nigeria,NGA,2000,157552
Nigeria,NGA,2001,153888
Nigeria,NGA,2002,135563
Nigeria,NGA,2003,150224
Nigeria,NGA,2004,150224
Nigeria,NGA,2005,172202
Nigeria,NGA,2006,212512
Nigeria,NGA,2007,300448
Nigeria,NGA,2008,641175
Nigeria,NGA,2009,641200
Nigeria,NGA,2010,641200
Nigeria,NGA,2011,677821
Nigeria,NGA,2012,901344
Nigeria,NGA,2013,1128512
Nigeria,NGA,2014,1128512
Nigeria,NGA,2015,1183472
Nigeria,NGA,2016,1238432
Nigeria,NGA,2017,1069922
Nigeria,NGA,2018,1253130
Nigeria,NGA,2019,1267781
Nigeria,NGA,2020,1498621
Nigeria,NGA,2021,3048523
Nigeria,NGA,2022,3198583
Nigeria,NGA,2023,3719523
Nigeria,NGA,2024,3049032
North America,,1785,3664
North America,,1786,3664
North America,,1787,3664
North America,,1788,3664
North America,,1789,3664
North America,,1790,3664
North America,,1791,3664
North America,,1792,3664
North America,,1793,3664
North America,,1794,3664
North America,,1795,3664
North America,,1796,3664
North America,,1797,3664
North America,,1798,3664
North America,,1799,3664
North America,,1800,256479.98
North America,,1801,271136
North America,,1802,293120
North America,,1803,300448
North America,,1804,337088
North America,,1805,344416
North America,,1806,337088
North America,,1807,381056
North America,,1808,395712
North America,,1809,406704
North America,,1810,421360
North America,,1811,450672
North America,,1812,487312
North America,,1813,523952
North America,,1814,564256
North America,,1815,604560
North America,,1816,666848
North America,,1817,721808
North America,,1818,784096
North America,,1819,765776
North America,,1820,795088
North America,,1821,831728
North America,,1822,868368
North America,,1823,905008
North America,,1824,1018592
North America,,1825,1139504
North America,,1826,1319040
North America,,1827,1450944
North America,,1828,1597504
North America,,1829,1799024
North America,,1830,2092144
North America,,1831,2268016
North America,,1832,3026464
North America,,1833,3532096
North America,,1834,3385536
North America,,1835,4319856
North America,,1836,4733888
North America,,1837,5309136
North America,,1838,5034336
North America,,1839,5521648
North America,,1840,5877056
North America,,1841,6217808
North America,,1842,6921296
North America,,1843,7767680
North America,,1844,9310224
North America,,1845,11208176
North America,,1846,12736064
North America,,1847,15103008
North America,,1848,16825088
North America,,1849,18268704
North America,,1850,19851552
North America,,1851,24702688
North America,,1852,26875440
North America,,1853,30264640
North America,,1854,33283774
North America,,1855,38310784
North America,,1856,40608550
North America,,1857,41639350
North America,,1858,42266390
North America,,1859,45960576
North America,,1860,47920204
North America,,1861,45729916
North America,,1862,47377764
North America,,1863,54806156
North America,,1864,59215770
North America,,1865,59379700
North America,,1866,59562556
North America,,1867,73665730
North America,,1868,82333410
North America,,1869,93255976
North America,,1870,98343110
North America,,1871,103295976
North America,,1872,126263940
North America,,1873,137791330
North America,,1874,132217336
North America,,1875,134796450
North America,,1876,131664880
North America,,1877,144533970
North America,,1878,140410160
North America,,1879,170338670
North America,,1880,194075650
North America,,1881,205424980
North America,,1882,230461740
North America,,1883,252523760
North America,,1884,266467710
North America,,1885,269139140
North America,,1886,278298100
North America,,1887,295583780
North America,,1888,360562880
North America,,1889,321903100
North America,,1890,385645200
North America,,1891,412946270
North America,,1892,439331500
North America,,1893,445077630
North America,,1894,415899230
North America,,1895,468188130
North America,,1896,467084860
North America,,1897,487117980
North America,,1898,534269570
North America,,1899,615553860
North America,,1900,651309500
North America,,1901,710351550
North America,,1902,746972160
North America,,1903,874435200
North America,,1904,858246400
North America,,1905,956124500
North America,,1906,1009317600
North America,,1907,1170396800
North America,,1908,1014056200
North America,,1909,1119926300
North America,,1910,1219627100
North America,,1911,1210271100
North America,,1912,1296969900
North America,,1913,1387312500
North America,,1914,1243501400
North America,,1915,1276965800
North America,,1916,1423131800
North America,,1917,1567789400
North America,,1918,1642245600
North America,,1919,1336809700
North America,,1920,1552087300
North America,,1921,1222307800
North America,,1922,1180501000
North America,,1923,1602437900
North America,,1924,1389445400
North America,,1925,1414472000
North America,,1926,1559655400
North America,,1927,1464211000
North America,,1928,1415736300
North America,,1929,1491757700
North America,,1930,1321811200
North America,,1931,1085627600
North America,,1932,894220500
North America,,1933,949200700
North America,,1934,1031561500
North America,,1935,1048521100
North America,,1936,1216309900
North America,,1937,1222741200
North America,,1938,976435700
North America,,1939,1101714200
North America,,1940,1256013000
North America,,1941,1390755600
North America,,1942,1566346800
North America,,1943,1584154400
North America,,1944,1657962000
North America,,1945,1524160500
North America,,1946,1406666600
North America,,1947,1560018400
North America,,1948,1553558000
North America,,1949,1166582900
North America,,1950,1356282000
North America,,1951,1311072400
North America,,1952,1166980900
North America,,1953,1152011900
North America,,1954,996427460
North America,,1955,1101371400
North America,,1956,1149852200
North America,,1957,1092360000
North America,,1958,948778940
North America,,1959,967927200
North America,,1960,971362200
North America,,1961,937183500
North America,,1962,971830300
North America,,1963,1038047550
North America,,1964,1105690600
North America,,1965,1149209000
North America,,1966,1190045200
North America,,1967,1225790800
North America,,1968,1206270500
North America,,1969,1223633700
North America,,1970,1234009600
North America,,1971,1170994600
North America,,1972,1195382000
North America,,1973,1280012200
North America,,1974,1255785200
North America,,1975,1250465400
North America,,1976,1317642000
North America,,1977,1355383200
North America,,1978,1387888400
North America,,1979,1492196100
North America,,1980,1521942500
North America,,1981,1549224100
North America,,1982,1503821700
North America,,1983,1580877300
North America,,1984,1666012200
North America,,1985,1711628800
North America,,1986,1682499600
North America,,1987,1773279000
North America,,1988,1856138100
North America,,1989,1872217000
North America,,1990,1897703700
North America,,1991,1884531100
North America,,1992,1903478100
North America,,1993,1965914800
North America,,1994,1980321900
North America,,1995,2003564800
North America,,1996,2084725400
North America,,1997,2132827500
North America,,1998,2165893600
North America,,1999,2160534300
North America,,2000,2280123400
North America,,2001,2214137000
North America,,2002,2221906700
North America,,2003,2271096600
North America,,2004,2273496000
North America,,2005,2307166000
North America,,2006,2272654600
North America,,2007,2298752800
North America,,2008,2254648300
North America,,2009,1980259300
North America,,2010,2097576000
North America,,2011,1988293600
North America,,2012,1761457500
North America,,2013,1820741900
North America,,2014,1815765500
North America,,2015,1573427800
North America,,2016,1450517000
North America,,2017,1406832400
North America,,2018,1342404400
North America,,2019,1160319100
North America,,2020,949039040
North America,,2021,1068145300
North America,,2022,1001479500
North America,,2023,846662900
North America,,2024,812935700
North America (excl. USA),,1785,3664
North America (excl. USA),,1786,3664
North America (excl. USA),,1787,3664
North America (excl. USA),,1788,3664
North America (excl. USA),,1789,3664
North America (excl. USA),,1790,3664
North America (excl. USA),,1791,3664
North America (excl. USA),,1792,3664
North America (excl. USA),,1793,3664
North America (excl. USA),,1794,3664
North America (excl. USA),,1795,3664
North America (excl. USA),,1796,3664
North America (excl. USA),,1797,3664
North America (excl. USA),,1798,3664
North America (excl. USA),,1799,3664
North America (excl. USA),,1800,3664
North America (excl. USA),,1801,3664
North America (excl. USA),,1802,3664
North America (excl. USA),,1803,3664
North America (excl. USA),,1804,3664
North America (excl. USA),,1805,3664
North America (excl. USA),,1806,3664
North America (excl. USA),,1807,3664
North America (excl. USA),,1808,3664
North America (excl. USA),,1809,3664
North America (excl. USA),,1810,3664
North America (excl. USA),,1811,3664
North America (excl. USA),,1812,3664
North America (excl. USA),,1813,3664
North America (excl. USA),,1814,3664
North America (excl. USA),,1815,3664
North America (excl. USA),,1816,3664
North America (excl. USA),,1817,3664
North America (excl. USA),,1818,3664
North America (excl. USA),,1819,3664
North America (excl. USA),,1820,3664
North America (excl. USA),,1821,3664
North America (excl. USA),,1822,3664
North America (excl. USA),,1823,3664
North America (excl. USA),,1824,3664
North America (excl. USA),,1825,3664
North America (excl. USA),,1826,3664
North America (excl. USA),,1827,3664
North America (excl. USA),,1828,3664
North America (excl. USA),,1829,3664
North America (excl. USA),,1830,3664
North America (excl. USA),,1831,3664
North America (excl. USA),,1832,3664
North America (excl. USA),,1833,3664
North America (excl. USA),,1834,3664
North America (excl. USA),,1835,3664
North America (excl. USA),,1836,3664
North America (excl. USA),,1837,3664
North America (excl. USA),,1838,3664
North America (excl. USA),,1839,3664
North America (excl. USA),,1840,3664
North America (excl. USA),,1841,3664
North America (excl. USA),,1842,3664
North America (excl. USA),,1843,3664
North America (excl. USA),,1844,3664
North America (excl. USA),,1845,3664
North America (excl. USA),,1846,25648
North America (excl. USA),,1847,32976
North America (excl. USA),,1848,40304
North America (excl. USA),,1849,47632
North America (excl. USA),,1850,58624
North America (excl. USA),,1851,69616
North America (excl. USA),,1852,84272
North America (excl. USA),,1853,102592
North America (excl. USA),,1854,124576
North America (excl. USA),,1855,150224
North America (excl. USA),,1856,572025
North America (excl. USA),,1857,584232
North America (excl. USA),,1858,617702
North America (excl. USA),,1859,640559
North America (excl. USA),,1860,683931
North America (excl. USA),,1861,911867
North America (excl. USA),,1862,1178293
North America (excl. USA),,1863,1062605
North America (excl. USA),,1864,1423496
North America (excl. USA),,1865,1580100
North America (excl. USA),,1866,1799597
North America (excl. USA),,1867,2166496
North America (excl. USA),,1868,1472590
North America (excl. USA),,1869,1285912
North America (excl. USA),,1870,1771061
North America (excl. USA),,1871,2294150
North America (excl. USA),,1872,2369437
North America (excl. USA),,1873,2135398
North America (excl. USA),,1874,2244267
North America (excl. USA),,1875,2478408
North America (excl. USA),,1876,2329244
North America (excl. USA),,1877,2535517
North America (excl. USA),,1878,2563154
North America (excl. USA),,1879,2732651
North America (excl. USA),,1880,5775360
North America (excl. USA),,1881,6147350
North America (excl. USA),,1882,7199565
North America (excl. USA),,1883,8028559
North America (excl. USA),,1884,9166966
North America (excl. USA),,1885,8826612
North America (excl. USA),,1886,9235942
North America (excl. USA),,1887,10759076
North America (excl. USA),,1888,13988769
North America (excl. USA),,1889,12126557
North America (excl. USA),,1890,13375215
North America (excl. USA),,1891,15721071
North America (excl. USA),,1892,16286043
North America (excl. USA),,1893,16972180
North America (excl. USA),,1894,16523423
North America (excl. USA),,1895,15815810
North America (excl. USA),,1896,16888924
North America (excl. USA),,1897,17653134
North America (excl. USA),,1898,18916960
North America (excl. USA),,1899,23103376
North America (excl. USA),,1900,24765500
North America (excl. USA),,1901,28810906
North America (excl. USA),,1902,31041192
North America (excl. USA),,1903,34393620
North America (excl. USA),,1904,39975990
North America (excl. USA),,1905,42645296
North America (excl. USA),,1906,45267960
North America (excl. USA),,1907,55148270
North America (excl. USA),,1908,54293388
North America (excl. USA),,1909,53317560
North America (excl. USA),,1910,59230932
North America (excl. USA),,1911,67143470
North America (excl. USA),,1912,72574640
North America (excl. USA),,1913,82734216
North America (excl. USA),,1914,71365760
North America (excl. USA),,1915,63368356
North America (excl. USA),,1916,77689030
North America (excl. USA),,1917,86144820
North America (excl. USA),,1918,91109540
North America (excl. USA),,1919,75558350
North America (excl. USA),,1920,86553240
North America (excl. USA),,1921,79656490
North America (excl. USA),,1922,67609410
North America (excl. USA),,1923,92968880
North America (excl. USA),,1924,76238504
North America (excl. USA),,1925,73991050
North America (excl. USA),,1926,81722500
North America (excl. USA),,1927,87517900
North America (excl. USA),,1928,85578744
North America (excl. USA),,1929,87168024
North America (excl. USA),,1930,83645680
North America (excl. USA),,1931,64145970
North America (excl. USA),,1932,59987544
North America (excl. USA),,1933,59339736
North America (excl. USA),,1934,67641220
North America (excl. USA),,1935,66365150
North America (excl. USA),,1936,72511570
North America (excl. USA),,1937,77790230
North America (excl. USA),,1938,69641910
North America (excl. USA),,1939,76726270
North America (excl. USA),,1940,87131144
North America (excl. USA),,1941,95993224
North America (excl. USA),,1942,107749900
North America (excl. USA),,1943,113351510
North America (excl. USA),,1944,112111770
North America (excl. USA),,1945,102737380
North America (excl. USA),,1946,107908424
North America (excl. USA),,1947,110787680
North America (excl. USA),,1948,120367784
North America (excl. USA),,1949,103480664
North America (excl. USA),,1950,99050130
North America (excl. USA),,1951,99481230
North America (excl. USA),,1952,92811080
North America (excl. USA),,1953,86056830
North America (excl. USA),,1954,82978960
North America (excl. USA),,1955,75154630
North America (excl. USA),,1956,81499440
North America (excl. USA),,1957,68281540
North America (excl. USA),,1958,60434810
North America (excl. USA),,1959,56961556
North America (excl. USA),,1960,53405556
North America (excl. USA),,1961,49751750
North America (excl. USA),,1962,51015764
North America (excl. USA),,1963,51042960
North America (excl. USA),,1964,56518820
North America (excl. USA),,1965,58597350
North America (excl. USA),,1966,57330610
North America (excl. USA),,1967,62739496
North America (excl. USA),,1968,66663924
North America (excl. USA),,1969,65622796
North America (excl. USA),,1970,65900708
North America (excl. USA),,1971,63569830
North America (excl. USA),,1972,70520380
North America (excl. USA),,1973,61291372
North America (excl. USA),,1974,59839850
North America (excl. USA),,1975,72665016
North America (excl. USA),,1976,70934776
North America (excl. USA),,1977,77800550
North America (excl. USA),,1978,85561080
North America (excl. USA),,1979,93538910
North America (excl. USA),,1980,92094136
North America (excl. USA),,1981,92574620
North America (excl. USA),,1982,99268910
North America (excl. USA),,1983,104570560
North America (excl. USA),,1984,113939380
North America (excl. USA),,1985,113100380
North America (excl. USA),,1986,105318740
North America (excl. USA),,1987,111660510
North America (excl. USA),,1988,118181330
North America (excl. USA),,1989,120435760
North America (excl. USA),,1990,115879544
North America (excl. USA),,1991,120310376
North America (excl. USA),,1992,122879240
North America (excl. USA),,1993,118622820
North America (excl. USA),,1994,124384090
North America (excl. USA),,1995,127777870
North America (excl. USA),,1996,132910296
North America (excl. USA),,1997,140104200
North America (excl. USA),,1998,147284460
North America (excl. USA),,1999,147414200
North America (excl. USA),,2000,157783680
North America (excl. USA),,2001,159408530
North America (excl. USA),,2002,161834580
North America (excl. USA),,2003,170773330
North America (excl. USA),,2004,158203440
North America (excl. USA),,2005,167211540
North America (excl. USA),,2006,168783460
North America (excl. USA),,2007,168583600
North America (excl. USA),,2008,157760420
North America (excl. USA),,2009,137867680
North America (excl. USA),,2010,151065700
North America (excl. USA),,2011,148050640
North America (excl. USA),,2012,136030290
North America (excl. USA),,2013,136070110
North America (excl. USA),,2014,133603320
North America (excl. USA),,2015,126437660
North America (excl. USA),,2016,130523940
North America (excl. USA),,2017,129783390
North America (excl. USA),,2018,118024460
North America (excl. USA),,2019,116422860
North America (excl. USA),,2020,95114280
North America (excl. USA),,2021,88641730
North America (excl. USA),,2022,85136424
North America (excl. USA),,2023,88090856
North America (excl. USA),,2024,80049384
North Korea,PRK,1905,13885
North Korea,PRK,1909,149260
North Korea,PRK,1910,187443
North Korea,PRK,1911,222154
North Korea,PRK,1912,277693
North Korea,PRK,1913,322818
North Korea,PRK,1914,461664
North Korea,PRK,1915,576212
North Korea,PRK,1916,479020
North Korea,PRK,1918,472077
North Korea,PRK,1919,558856
North Korea,PRK,1920,725472
North Korea,PRK,1921,781011
North Korea,PRK,1922,798366
North Korea,PRK,1923,954568
North Korea,PRK,1924,1003165
North Korea,PRK,1925,1600204
North Korea,PRK,1926,1718223
North Korea,PRK,1927,1780704
North Korea,PRK,1928,2051454.1
North Korea,PRK,1929,2356916
North Korea,PRK,1930,2221541
North Korea,PRK,1931,2353445
North Korea,PRK,1932,2773455
North Korea,PRK,1933,3269831
North Korea,PRK,1934,4245226
North Korea,PRK,1935,4897804
North Korea,PRK,1936,5737669
North Korea,PRK,1937,6112540
North Korea,PRK,1938,8594587
North Korea,PRK,1939,10656280
North Korea,PRK,1940,14429603
North Korea,PRK,1941,15477893
North Korea,PRK,1942,17210000
North Korea,PRK,1943,16560760
North Korea,PRK,1944,17720170
North Korea,PRK,1948,1403312
North Korea,PRK,1949,1780704
North Korea,PRK,1950,373728
North Korea,PRK,1951,494640
North Korea,PRK,1952,516623.97
North Korea,PRK,1953,1238432
North Korea,PRK,1954,4132490.2
North Korea,PRK,1955,6756416
North Korea,PRK,1956,8207360.5
North Korea,PRK,1957,10332480
North Korea,PRK,1958,14388528
North Korea,PRK,1959,18224432
North Korea,PRK,1960,22060944
North Korea,PRK,1961,24449872
North Korea,PRK,1962,28333712
North Korea,PRK,1963,30319600
North Korea,PRK,1964,33140880
North Korea,PRK,1965,41945470
North Korea,PRK,1966,45261390
North Korea,PRK,1967,49830400
North Korea,PRK,1968,55897984
North Korea,PRK,1969,60485520
North Korea,PRK,1970,68996780
North Korea,PRK,1971,102980380
North Korea,PRK,1972,84697020
North Korea,PRK,1973,92109300
North Korea,PRK,1974,95586430
North Korea,PRK,1975,100613440
North Korea,PRK,1976,103181900
North Korea,PRK,1977,106600420
North Korea,PRK,1978,99257760
North Korea,PRK,1979,100082160
North Korea,PRK,1980,103181900
North Korea,PRK,1981,103082980
North Korea,PRK,1982,105318020
North Korea,PRK,1983,113334850
North Korea,PRK,1984,122260350
North Korea,PRK,1985,131325090
North Korea,PRK,1986,141925040
North Korea,PRK,1987,156749580
North Korea,PRK,1988,181712420
North Korea,PRK,1989,192154820
North Korea,PRK,1990,107780220
North Korea,PRK,1991,104548580
North Korea,PRK,1992,91035740
North Korea,PRK,1993,83473250
North Korea,PRK,1994,76790110
North Korea,PRK,1995,70337810
North Korea,PRK,1996,60404704
North Korea,PRK,1997,59291200
North Korea,PRK,1998,53487070
North Korea,PRK,1999,59880750
North Korea,PRK,2000,64175240
North Korea,PRK,2001,66109550
North Korea,PRK,2002,63021116
North Korea,PRK,2003,64534036
North Korea,PRK,2004,66065584
North Korea,PRK,2005,69795540
North Korea,PRK,2006,71572344
North Korea,PRK,2007,58495760
North Korea,PRK,2008,65190172
North Korea,PRK,2009,62731628
North Korea,PRK,2010,60390050
North Korea,PRK,2011,42784530
North Korea,PRK,2012,41791988
North Korea,PRK,2013,30887520
North Korea,PRK,2014,34668280
North Korea,PRK,2015,25735936
North Korea,PRK,2016,28336736
North Korea,PRK,2017,64167630
North Korea,PRK,2018,57477170
North Korea,PRK,2019,64200610
North Korea,PRK,2020,60353116
North Korea,PRK,2021,49218510
North Korea,PRK,2022,51190490
North Korea,PRK,2023,56745944
North Korea,PRK,2024,57152892
North Macedonia,MKD,1885,2584
North Macedonia,MKD,1890,7752
North Macedonia,MKD,1891,9044
North Macedonia,MKD,1892,10013
North Macedonia,MKD,1893,17766
North Macedonia,MKD,1894,33917
North Macedonia,MKD,1895,33917
North Macedonia,MKD,1896,37793
North Macedonia,MKD,1897,29394
North Macedonia,MKD,1898,44576
North Macedonia,MKD,1899,52005
North Macedonia,MKD,1900,70417
North Macedonia,MKD,1901,76878
North Macedonia,MKD,1902,72032
North Macedonia,MKD,1903,78170
North Macedonia,MKD,1904,83338
North Macedonia,MKD,1905,90444
North Macedonia,MKD,1906,108210
North Macedonia,MKD,1907,110148
North Macedonia,MKD,1908,118547
North Macedonia,MKD,1909,121777
North Macedonia,MKD,1910,120485
North Macedonia,MKD,1911,130498.01
North Macedonia,MKD,1912,133728
North Macedonia,MKD,1913,367268
North Macedonia,MKD,1919,263257
North Macedonia,MKD,1920,349502
North Macedonia,MKD,1921,372113
North Macedonia,MKD,1922,511151.03
North Macedonia,MKD,1923,561127
North Macedonia,MKD,1924,575033
North Macedonia,MKD,1925,623778
North Macedonia,MKD,1926,601728
North Macedonia,MKD,1927,677670
North Macedonia,MKD,1928,736410
North Macedonia,MKD,1929,843445
North Macedonia,MKD,1930,770443
North Macedonia,MKD,1931,703902
North Macedonia,MKD,1932,627959
North Macedonia,MKD,1933,580200
North Macedonia,MKD,1934,609928
North Macedonia,MKD,1935,640542
North Macedonia,MKD,1936,622493
North Macedonia,MKD,1937,709676
North Macedonia,MKD,1938,719475
North Macedonia,MKD,1939,758947
North Macedonia,MKD,1940,907832
North Macedonia,MKD,1943,0
North Macedonia,MKD,1944,0
North Macedonia,MKD,1945,444270
North Macedonia,MKD,1946,871413
North Macedonia,MKD,1947,1192012
North Macedonia,MKD,1948,1353116
North Macedonia,MKD,1949,1540794
North Macedonia,MKD,1950,1311515
North Macedonia,MKD,1951,1238005
North Macedonia,MKD,1952,1282256
North Macedonia,MKD,1953,1192660
North Macedonia,MKD,1954,1450546
North Macedonia,MKD,1955,1687986
North Macedonia,MKD,1956,1941331
North Macedonia,MKD,1957,2071785
North Macedonia,MKD,1958,2018162
North Macedonia,MKD,1959,2299474
North Macedonia,MKD,1960,2469430
North Macedonia,MKD,1961,2611481
North Macedonia,MKD,1962,2631842
North Macedonia,MKD,1963,2891519
North Macedonia,MKD,1964,3229770
North Macedonia,MKD,1965,3129135
North Macedonia,MKD,1966,2923630
North Macedonia,MKD,1967,2620746
North Macedonia,MKD,1968,2605041
North Macedonia,MKD,1969,2576711
North Macedonia,MKD,1970,3321935
North Macedonia,MKD,1971,3717444
North Macedonia,MKD,1972,3515326
North Macedonia,MKD,1973,3341262
North Macedonia,MKD,1974,3443984
North Macedonia,MKD,1975,3726243
North Macedonia,MKD,1976,3689444
North Macedonia,MKD,1977,3450415
North Macedonia,MKD,1978,3499131
North Macedonia,MKD,1979,3657217
North Macedonia,MKD,1980,3591399
North Macedonia,MKD,1981,5240553
North Macedonia,MKD,1982,4453996
North Macedonia,MKD,1983,5120010
North Macedonia,MKD,1984,5729140
North Macedonia,MKD,1985,5920068
North Macedonia,MKD,1986,5982477
North Macedonia,MKD,1987,5917178
North Macedonia,MKD,1988,5932654
North Macedonia,MKD,1989,6079692
North Macedonia,MKD,1990,5829242
North Macedonia,MKD,1991,3419189
North Macedonia,MKD,1992,5239520
North Macedonia,MKD,1993,5255373
North Macedonia,MKD,1994,5470352
North Macedonia,MKD,1995,5642560
North Macedonia,MKD,1996,5844080
North Macedonia,MKD,1997,5466688
North Macedonia,MKD,1998,6872561
North Macedonia,MKD,1999,6021163
North Macedonia,MKD,2000,5526649
North Macedonia,MKD,2001,5828259
North Macedonia,MKD,2002,5103952
North Macedonia,MKD,2003,5853834
North Macedonia,MKD,2004,5496000
North Macedonia,MKD,2005,5770800
North Macedonia,MKD,2006,5631568
North Macedonia,MKD,2007,5721738
North Macedonia,MKD,2008,5935680
North Macedonia,MKD,2009,5278408
North Macedonia,MKD,2010,5222612
North Macedonia,MKD,2011,5818432
North Macedonia,MKD,2012,5521648
North Macedonia,MKD,2013,4556510
North Macedonia,MKD,2014,4319856
North Macedonia,MKD,2015,3751936
North Macedonia,MKD,2016,3433168
North Macedonia,MKD,2017,3812352
North Macedonia,MKD,2018,3407520
North Macedonia,MKD,2019,4050576.2
North Macedonia,MKD,2020,3458816
North Macedonia,MKD,2021,2550144
North Macedonia,MKD,2022,3323248
North Macedonia,MKD,2023,3182721
North Macedonia,MKD,2024,2453706
Norway,NOR,1829,10992
Norway,NOR,1830,7328
Norway,NOR,1831,3664
Norway,NOR,1835,14656
Norway,NOR,1836,18320
Norway,NOR,1837,25648
Norway,NOR,1838,51296
Norway,NOR,1839,40304
Norway,NOR,1840,43968
Norway,NOR,1841,58624
Norway,NOR,1842,73280
Norway,NOR,1843,62288
Norway,NOR,1844,65952
Norway,NOR,1845,98928
Norway,NOR,1846,98928
Norway,NOR,1847,102592
Norway,NOR,1848,131904
Norway,NOR,1849,106256
Norway,NOR,1850,139232
Norway,NOR,1851,150224
Norway,NOR,1852,150224
Norway,NOR,1853,164880
Norway,NOR,1854,234496
Norway,NOR,1855,256480.02
Norway,NOR,1856,304112
Norway,NOR,1857,304112
Norway,NOR,1858,267472
Norway,NOR,1859,326096
Norway,NOR,1860,333424
Norway,NOR,1861,428688
Norway,NOR,1862,370064
Norway,NOR,1863,362736
Norway,NOR,1864,479984
Norway,NOR,1865,472656
Norway,NOR,1866,516623.97
Norway,NOR,1867,615574
Norway,NOR,1868,630208
Norway,NOR,1869,549600
Norway,NOR,1870,622880
Norway,NOR,1871,600896
Norway,NOR,1872,644864
Norway,NOR,1873,644782
Norway,NOR,1874,798752
Norway,NOR,1875,1011211.06
Norway,NOR,1876,886688
Norway,NOR,1877,1194464
Norway,NOR,1878,1069949
Norway,NOR,1879,1121184
Norway,NOR,1880,1227440
Norway,NOR,1881,1264080
Norway,NOR,1882,1392263
Norway,NOR,1883,1494912
Norway,NOR,1884,1527810
Norway,NOR,1885,1755056
Norway,NOR,1886,1711019
Norway,NOR,1887,1652464
Norway,NOR,1888,1905280
Norway,NOR,1889,2172830
Norway,NOR,1890,2033520
Norway,NOR,1891,2366872
Norway,NOR,1892,2396256
Norway,NOR,1893,2388928
Norway,NOR,1894,2817505
Norway,NOR,1895,2975168
Norway,NOR,1896,3015472
Norway,NOR,1897,3264624
Norway,NOR,1898,3271952
Norway,NOR,1899,3920480
Norway,NOR,1900,4034063.8
Norway,NOR,1901,3751801
Norway,NOR,1902,4103680.2
Norway,NOR,1903,4059557
Norway,NOR,1904,4001088.2
Norway,NOR,1905,4012200
Norway,NOR,1906,4096352
Norway,NOR,1907,4645952
Norway,NOR,1908,5517857
Norway,NOR,1909,5569280
Norway,NOR,1910,5741488
Norway,NOR,1911,5858736
Norway,NOR,1912,6624512
Norway,NOR,1913,6672144
Norway,NOR,1914,7430592
Norway,NOR,1915,8255076.5
Norway,NOR,1916,7566160
Norway,NOR,1917,3315920
Norway,NOR,1918,4316192
Norway,NOR,1919,4924416
Norway,NOR,1920,5041664
Norway,NOR,1921,3103408
Norway,NOR,1922,6019952
Norway,NOR,1923,6327728
Norway,NOR,1924,7159456
Norway,NOR,1925,7027552
Norway,NOR,1926,5803776
Norway,NOR,1927,7914240
Norway,NOR,1928,7613792
Norway,NOR,1929,8533456
Norway,NOR,1930,7738368
Norway,NOR,1931,7046343
Norway,NOR,1932,7382960
Norway,NOR,1933,7738368
Norway,NOR,1934,7877600
Norway,NOR,1935,8240336.5
Norway,NOR,1936,8848560
Norway,NOR,1937,9937336
Norway,NOR,1938,8532775
Norway,NOR,1939,10240880
Norway,NOR,1940,5598592
Norway,NOR,1941,4085360
Norway,NOR,1942,3941921
Norway,NOR,1943,4810832
Norway,NOR,1944,4225084
Norway,NOR,1945,3414848
Norway,NOR,1946,5089296
Norway,NOR,1947,7481888
Norway,NOR,1948,6735849
Norway,NOR,1949,6107888
Norway,NOR,1950,4400464
Norway,NOR,1951,4486666
Norway,NOR,1952,3999575
Norway,NOR,1953,3665372
Norway,NOR,1954,3554080
Norway,NOR,1955,3620032
Norway,NOR,1956,3656672
Norway,NOR,1957,3227984
Norway,NOR,1958,2799296
Norway,NOR,1959,2843264
Norway,NOR,1960,3008144
Norway,NOR,1961,2821280
Norway,NOR,1962,3103408
Norway,NOR,1963,2689376
Norway,NOR,1964,2920208
Norway,NOR,1965,3334240
Norway,NOR,1966,3279280
Norway,NOR,1967,3191344
Norway,NOR,1968,3173024
Norway,NOR,1969,3601712
Norway,NOR,1970,3587526
Norway,NOR,1971,3462947
Norway,NOR,1972,3085088
Norway,NOR,1973,2696704
Norway,NOR,1974,3098092
Norway,NOR,1975,3000816
Norway,NOR,1976,3400192
Norway,NOR,1977,2656714
Norway,NOR,1978,2931509
Norway,NOR,1979,3667664
Norway,NOR,1980,3824847
Norway,NOR,1981,3829815
Norway,NOR,1982,3834782
Norway,NOR,1983,3839750
Norway,NOR,1984,3844718
Norway,NOR,1985,3849685
Norway,NOR,1986,3854653
Norway,NOR,1987,3859620
Norway,NOR,1988,3930878
Norway,NOR,1989,4002137.2
Norway,NOR,1990,3687215
Norway,NOR,1991,3262808
Norway,NOR,1992,3291647
Norway,NOR,1993,3700368
Norway,NOR,1994,4066898.8
Norway,NOR,1995,4138210.8
Norway,NOR,1996,4139028
Norway,NOR,1997,4211648
Norway,NOR,1998,4416749
Norway,NOR,1999,4401762
Norway,NOR,2000,4324230
Norway,NOR,2001,3939035
Norway,NOR,2002,3433866
Norway,NOR,2003,3284167
Norway,NOR,2004,3669737
Norway,NOR,2005,3318534
Norway,NOR,2006,2746651
Norway,NOR,2007,3109524
Norway,NOR,2008,3229605
Norway,NOR,2009,2322283
Norway,NOR,2010,3052982
Norway,NOR,2011,3201787
Norway,NOR,2012,3175430
Norway,NOR,2013,3241528
Norway,NOR,2014,3473395
Norway,NOR,2015,3361535
Norway,NOR,2016,3478931
Norway,NOR,2017,3581468
Norway,NOR,2018,3466207
Norway,NOR,2019,3484860
Norway,NOR,2020,3539266
Norway,NOR,2021,3639144
Norway,NOR,2022,3679560
Norway,NOR,2023,3752304
Norway,NOR,2024,3850976
Oceania,,1805,236
Oceania,,1806,661
Oceania,,1807,629
Oceania,,1808,787
Oceania,,1809,1259
Oceania,,1810,1259
Oceania,,1811,2203
Oceania,,1812,2203
Oceania,,1813,2832
Oceania,,1814,3451
Oceania,,1815,2753
Oceania,,1816,2281
Oceania,,1817,2045
Oceania,,1818,1888
Oceania,,1819,3540
Oceania,,1820,6160
Oceania,,1821,3147
Oceania,,1822,3934.0002
Oceania,,1823,4720
Oceania,,1824,4720
Oceania,,1825,2870
Oceania,,1826,6360
Oceania,,1827,5902
Oceania,,1828,3786
Oceania,,1829,6031
Oceania,,1830,5748
Oceania,,1831,1421
Oceania,,1832,11239
Oceania,,1833,10718
Oceania,,1834,13358
Oceania,,1835,19498
Oceania,,1836,19897
Oceania,,1837,25305
Oceania,,1838,27094
Oceania,,1839,33487
Oceania,,1840,47605
Oceania,,1841,54819
Oceania,,1842,62779
Oceania,,1843,40692
Oceania,,1844,36374
Oceania,,1845,35125
Oceania,,1846,61308
Oceania,,1847,64088
Oceania,,1848,71507
Oceania,,1849,76336
Oceania,,1850,112052
Oceania,,1851,106379
Oceania,,1852,106055
Oceania,,1853,152321
Oceania,,1854,183526
Oceania,,1855,215678
Oceania,,1856,298886
Oceania,,1857,331100
Oceania,,1858,340483
Oceania,,1859,484948
Oceania,,1860,599769
Oceania,,1861,560575
Oceania,,1862,787635
Oceania,,1863,720450
Oceania,,1864,903160
Oceania,,1865,973508
Oceania,,1866,1280060
Oceania,,1867,1239852
Oceania,,1868,1532259
Oceania,,1869,1464684
Oceania,,1870,1402391
Oceania,,1871,1440910
Oceania,,1872,1636610
Oceania,,1873,1930549
Oceania,,1874,2125629
Oceania,,1875,2142736
Oceania,,1876,2158161
Oceania,,1877,2372097
Oceania,,1878,2917052
Oceania,,1879,3083507
Oceania,,1880,3073339
Oceania,,1881,3641577
Oceania,,1882,4277829
Oceania,,1883,5073743
Oceania,,1884,5590824
Oceania,,1885,5999834
Oceania,,1886,6009109
Oceania,,1887,6261250
Oceania,,1888,6972248
Oceania,,1889,7562008
Oceania,,1890,6872483
Oceania,,1891,8375925
Oceania,,1892,7961785
Oceania,,1893,7315646
Oceania,,1894,8130214
Oceania,,1895,8373957
Oceania,,1896,8936921
Oceania,,1897,9782685
Oceania,,1898,10536444
Oceania,,1899,10752107
Oceania,,1900,12486912
Oceania,,1901,13945184
Oceania,,1902,14326205
Oceania,,1903,14219984
Oceania,,1904,14809941
Oceania,,1905,15407175
Oceania,,1906,18041536
Oceania,,1907,19349584
Oceania,,1908,20716254
Oceania,,1909,18594800
Oceania,,1910,22339408
Oceania,,1911,23848976
Oceania,,1912,25648000
Oceania,,1913,26604304
Oceania,,1914,29561152
Oceania,,1915,26725216
Oceania,,1916,24310640
Oceania,,1917,25376864
Oceania,,1918,27483664
Oceania,,1919,25867840
Oceania,,1920,29290016
Oceania,,1921,26651936
Oceania,,1922,27905024
Oceania,,1923,28685456
Oceania,,1924,31059728
Oceania,,1925,32323808
Oceania,,1926,32125952
Oceania,,1927,33390032
Oceania,,1928,30521200
Oceania,,1929,28091888
Oceania,,1930,26450416
Oceania,,1931,23508294
Oceania,,1932,23680432
Oceania,,1933,24874992
Oceania,,1934,26468740
Oceania,,1935,29037258
Oceania,,1936,30821568
Oceania,,1937,32781854
Oceania,,1938,31990360
Oceania,,1939,36149024
Oceania,,1940,33338864
Oceania,,1941,39094960
Oceania,,1942,41209090
Oceania,,1943,40051204
Oceania,,1944,39347696
Oceania,,1945,37849040
Oceania,,1946,40476210
Oceania,,1947,42912770
Oceania,,1948,43290244
Oceania,,1949,42594090
Oceania,,1950,50009936
Oceania,,1951,51559972
Oceania,,1952,53424412
Oceania,,1953,54059292
Oceania,,1954,57277932
Oceania,,1955,57480830
Oceania,,1956,58069920
Oceania,,1957,58279332
Oceania,,1958,59195584
Oceania,,1959,63317584
Oceania,,1960,66219470
Oceania,,1961,63581316
Oceania,,1962,63594348
Oceania,,1963,65270380
Oceania,,1964,68923180
Oceania,,1965,70467230
Oceania,,1966,73703060
Oceania,,1967,74644344
Oceania,,1968,76629250
Oceania,,1969,78118360
Oceania,,1970,80708936
Oceania,,1971,78206700
Oceania,,1972,78982870
Oceania,,1973,84631416
Oceania,,1974,85130376
Oceania,,1975,89896240
Oceania,,1976,90200610
Oceania,,1977,96004660
Oceania,,1978,97854810
Oceania,,1979,98826440
Oceania,,1980,106207770
Oceania,,1981,109065970
Oceania,,1982,111827550
Oceania,,1983,109769650
Oceania,,1984,113684760
Oceania,,1985,123785740
Oceania,,1986,122772820
Oceania,,1987,130711380
Oceania,,1988,135771170
Oceania,,1989,145919300
Oceania,,1990,147036540
Oceania,,1991,151107180
Oceania,,1992,155355040
Oceania,,1993,155466220
Oceania,,1994,156602020
Oceania,,1995,160924050
Oceania,,1996,165712430
Oceania,,1997,172991550
Oceania,,1998,182518220
Oceania,,1999,188201360
Oceania,,2000,190911730
Oceania,,2001,196207630
Oceania,,2002,197329920
Oceania,,2003,203984100
Oceania,,2004,210969520
Oceania,,2005,210312200
Oceania,,2006,213933650
Oceania,,2007,210924480
Oceania,,2008,213627220
Oceania,,2009,213255470
Oceania,,2010,207416660
Oceania,,2011,199141230
Oceania,,2012,197469940
Oceania,,2013,183845710
Oceania,,2014,175615440
Oceania,,2015,181748260
Oceania,,2016,186709090
Oceania,,2017,184612270
Oceania,,2018,177660660
Oceania,,2019,173547760
Oceania,,2020,164675940
Oceania,,2021,160305900
Oceania,,2022,153063760
Oceania,,2023,147461870
Oceania,,2024,151257800
Oman,OMN,1980,0
Oman,OMN,1981,0
Oman,OMN,1982,0
Oman,OMN,1983,0
Oman,OMN,1984,0
Oman,OMN,1985,0
Oman,OMN,1986,0
Oman,OMN,1987,0
Oman,OMN,1988,0
Oman,OMN,1989,0
Oman,OMN,1990,0
Oman,OMN,1991,0
Oman,OMN,1992,0
Oman,OMN,1993,0
Oman,OMN,1994,0
Oman,OMN,1995,0
Oman,OMN,1996,0
Oman,OMN,1997,0
Oman,OMN,1998,0
Oman,OMN,1999,0
Oman,OMN,2000,0
Oman,OMN,2001,0
Oman,OMN,2002,299
Oman,OMN,2003,330
Oman,OMN,2004,1166
Oman,OMN,2005,3940.0002
Oman,OMN,2006,34
Oman,OMN,2007,2702
Oman,OMN,2008,8567
Oman,OMN,2009,25133
Oman,OMN,2010,28557
Oman,OMN,2011,27457
Oman,OMN,2012,14147
Oman,OMN,2013,20535
Oman,OMN,2014,14811
Oman,OMN,2015,214101
Oman,OMN,2016,185825
Oman,OMN,2017,166151
Oman,OMN,2018,110548
Oman,OMN,2019,191278
Oman,OMN,2020,328546
Oman,OMN,2021,165098
Oman,OMN,2022,23675
Oman,OMN,2023,17593
Oman,OMN,2024,23077
Pakistan,PAK,1946,633646
Pakistan,PAK,1947,535545
Pakistan,PAK,1948,415857
Pakistan,PAK,1949,524546
Pakistan,PAK,1950,3354835
Pakistan,PAK,1951,4327737
Pakistan,PAK,1952,4470758
Pakistan,PAK,1953,4186532
Pakistan,PAK,1954,3867612
Pakistan,PAK,1955,3720918
Pakistan,PAK,1956,4606786
Pakistan,PAK,1957,4255472
Pakistan,PAK,1958,4654787
Pakistan,PAK,1959,3948817
Pakistan,PAK,1960,5161662
Pakistan,PAK,1961,5086867
Pakistan,PAK,1962,5422550
Pakistan,PAK,1963,5864608
Pakistan,PAK,1964,5720690
Pakistan,PAK,1965,5416845
Pakistan,PAK,1966,4689665
Pakistan,PAK,1967,4604165
Pakistan,PAK,1968,5000669
Pakistan,PAK,1969,4585973
Pakistan,PAK,1970,4257768
Pakistan,PAK,1971,3751905
Pakistan,PAK,1972,2513504
Pakistan,PAK,1973,2432451
Pakistan,PAK,1974,2293664
Pakistan,PAK,1975,2366944
Pakistan,PAK,1976,2018863.9
Pakistan,PAK,1977,2308320
Pakistan,PAK,1978,2355952
Pakistan,PAK,1979,2623424
Pakistan,PAK,1980,3484464
Pakistan,PAK,1981,3616368
Pakistan,PAK,1982,4639079
Pakistan,PAK,1983,4154976
Pakistan,PAK,1984,4807579
Pakistan,PAK,1985,5796448
Pakistan,PAK,1986,6269104
Pakistan,PAK,1987,6441312
Pakistan,PAK,1988,7107712
Pakistan,PAK,1989,7082512
Pakistan,PAK,1990,8530249
Pakistan,PAK,1991,8023728.5
Pakistan,PAK,1992,8360825.5
Pakistan,PAK,1993,8463840
Pakistan,PAK,1994,9207632
Pakistan,PAK,1995,8331936
Pakistan,PAK,1996,9357856
Pakistan,PAK,1997,8573760
Pakistan,PAK,1998,8182020
Pakistan,PAK,1999,8592395
Pakistan,PAK,2000,8192421
Pakistan,PAK,2001,8042480.5
Pakistan,PAK,2002,7742032
Pakistan,PAK,2003,8841232
Pakistan,PAK,2004,11922656
Pakistan,PAK,2005,11446336
Pakistan,PAK,2006,12050896
Pakistan,PAK,2007,16066641
Pakistan,PAK,2008,12886602
Pakistan,PAK,2009,11446055
Pakistan,PAK,2010,11021312
Pakistan,PAK,2011,12003264
Pakistan,PAK,2012,10368869
Pakistan,PAK,2013,10317824
Pakistan,PAK,2014,13117437
Pakistan,PAK,2015,12505547
Pakistan,PAK,2016,22613740
Pakistan,PAK,2017,37259216
Pakistan,PAK,2018,46209532
Pakistan,PAK,2019,44715456
Pakistan,PAK,2020,52010480
Pakistan,PAK,2021,62291664
Pakistan,PAK,2022,59540000
Pakistan,PAK,2023,51091572
Pakistan,PAK,2024,45250452
Panama,PAN,1904,2221
Panama,PAN,1905,2762
Panama,PAN,1906,4886
Panama,PAN,1907,9015
Panama,PAN,1908,10721
Panama,PAN,1909,12424
Panama,PAN,1910,14648
Panama,PAN,1911,14732
Panama,PAN,1912,14463
Panama,PAN,1913,12611
Panama,PAN,1914,10698
Panama,PAN,1915,12011
Panama,PAN,1916,14658
Panama,PAN,1917,16722
Panama,PAN,1918,14753
Panama,PAN,1919,2565
Panama,PAN,1920,4912
Panama,PAN,1921,7133
Panama,PAN,1922,3534
Panama,PAN,1923,634
Panama,PAN,1924,8000.0005
Panama,PAN,1925,11475
Panama,PAN,1926,17123
Panama,PAN,1927,13278
Panama,PAN,1928,12483
Panama,PAN,1929,15499
Panama,PAN,1930,11198
Panama,PAN,1931,8774
Panama,PAN,1932,6876
Panama,PAN,1933,5386
Panama,PAN,1934,4222
Panama,PAN,1935,3309
Panama,PAN,1936,2593
Panama,PAN,1937,2031.0001
Panama,PAN,1938,1590
Panama,PAN,1939,1246
Panama,PAN,1940,977
Panama,PAN,1941,767
Panama,PAN,1942,767
Panama,PAN,1943,382
Panama,PAN,1944,382
Panama,PAN,1945,382
Panama,PAN,1946,382
Panama,PAN,1947,382
Panama,PAN,1948,382
Panama,PAN,1949,382
Panama,PAN,1950,382
Panama,PAN,1951,0
Panama,PAN,1952,0
Panama,PAN,1953,0
Panama,PAN,1954,0
Panama,PAN,1955,0
Panama,PAN,1956,0
Panama,PAN,1957,0
Panama,PAN,1958,0
Panama,PAN,1959,0
Panama,PAN,1960,0
Panama,PAN,1961,0
Panama,PAN,1962,0
Panama,PAN,1963,0
Panama,PAN,1964,0
Panama,PAN,1965,0
Panama,PAN,1966,3670
Panama,PAN,1967,7328
Panama,PAN,1968,3674
Panama,PAN,1969,11009
Panama,PAN,1970,0
Panama,PAN,1971,3664
Panama,PAN,1972,21984
Panama,PAN,1973,32976
Panama,PAN,1974,10992
Panama,PAN,1975,3664
Panama,PAN,1976,0
Panama,PAN,1977,0
Panama,PAN,1978,0
Panama,PAN,1979,0
Panama,PAN,1980,3664
Panama,PAN,1981,7328
Panama,PAN,1982,7328
Panama,PAN,1983,7328
Panama,PAN,1984,25648
Panama,PAN,1985,0
Panama,PAN,1986,21984
Panama,PAN,1987,91600
Panama,PAN,1988,69616
Panama,PAN,1989,29269
Panama,PAN,1990,91600
Panama,PAN,1991,128240.01
Panama,PAN,1992,128354
Panama,PAN,1993,139232
Panama,PAN,1994,142896
Panama,PAN,1995,95264
Panama,PAN,1996,263808
Panama,PAN,1997,150343
Panama,PAN,1998,157552
Panama,PAN,1999,157655
Panama,PAN,2000,157653
Panama,PAN,2001,168544
Panama,PAN,2002,120836
Panama,PAN,2010,0
Panama,PAN,2011,553264
Panama,PAN,2012,754784
Panama,PAN,2013,795088
Panama,PAN,2014,821016
Panama,PAN,2015,828064
Panama,PAN,2016,732800
Panama,PAN,2017,205105
Panama,PAN,2018,509500.97
Panama,PAN,2019,2095808
Panama,PAN,2020,2253360
Panama,PAN,2021,2147104
Panama,PAN,2022,2092814
Panama,PAN,2023,2456035
Panama,PAN,2024,1754421
Papua New Guinea,PNG,1970,0
Papua New Guinea,PNG,1971,0
Papua New Guinea,PNG,1972,0
Papua New Guinea,PNG,1973,0
Papua New Guinea,PNG,1974,0
Papua New Guinea,PNG,1975,0
Papua New Guinea,PNG,1976,0
Papua New Guinea,PNG,1977,0
Papua New Guinea,PNG,1978,0
Papua New Guinea,PNG,1979,0
Papua New Guinea,PNG,1980,0
Papua New Guinea,PNG,1981,0
Papua New Guinea,PNG,1982,0
Papua New Guinea,PNG,1983,0
Papua New Guinea,PNG,1984,0
Papua New Guinea,PNG,1985,3664
Papua New Guinea,PNG,1986,3664
Papua New Guinea,PNG,1987,3664
Papua New Guinea,PNG,1988,3664
Papua New Guinea,PNG,1989,3664
Papua New Guinea,PNG,1990,3658
Papua New Guinea,PNG,1991,3664
Papua New Guinea,PNG,1992,3658
Papua New Guinea,PNG,1993,3664
Papua New Guinea,PNG,1994,3664
Papua New Guinea,PNG,1995,3657
Papua New Guinea,PNG,1996,3664
Papua New Guinea,PNG,1997,3664
Papua New Guinea,PNG,1998,3664
Paraguay,PRY,1890,0
Paraguay,PRY,1891,0
Paraguay,PRY,1892,0
Paraguay,PRY,1893,0
Paraguay,PRY,1894,0
Paraguay,PRY,1895,0
Paraguay,PRY,1896,0
Paraguay,PRY,1897,0
Paraguay,PRY,1898,0
Paraguay,PRY,1899,0
Paraguay,PRY,1900,3
Paraguay,PRY,1901,0
Paraguay,PRY,1902,0
Paraguay,PRY,1903,0
Paraguay,PRY,1904,0
Paraguay,PRY,1905,0
Paraguay,PRY,1906,0
Paraguay,PRY,1907,0
Paraguay,PRY,1908,0
Paraguay,PRY,1909,0
Paraguay,PRY,1910,0
Paraguay,PRY,1911,385
Paraguay,PRY,1912,0
Paraguay,PRY,1913,0
Paraguay,PRY,1914,0
Paraguay,PRY,1915,0
Paraguay,PRY,1916,0
Paraguay,PRY,1917,0
Paraguay,PRY,1918,5
Paraguay,PRY,1919,10
Paraguay,PRY,1920,18097
Paraguay,PRY,1921,0
Paraguay,PRY,1922,74
Paraguay,PRY,1923,80
Paraguay,PRY,1924,62
Paraguay,PRY,1925,59
Paraguay,PRY,1926,62
Paraguay,PRY,1927,0
Paraguay,PRY,1928,0
Paraguay,PRY,1929,0
Paraguay,PRY,1930,0
Paraguay,PRY,1931,1762
Paraguay,PRY,1932,4327
Paraguay,PRY,1933,6738
Paraguay,PRY,1934,8038
Paraguay,PRY,1935,7274
Paraguay,PRY,1936,11867
Paraguay,PRY,1937,11100
Paraguay,PRY,1938,11485
Paraguay,PRY,1939,10336
Paraguay,PRY,1940,2680
Paraguay,PRY,1941,1913
Paraguay,PRY,1942,382
Paraguay,PRY,1943,1149
Paraguay,PRY,1944,0
Paraguay,PRY,1945,382
Paraguay,PRY,1946,0
Paraguay,PRY,1947,382
Paraguay,PRY,1948,382
Paraguay,PRY,1949,767
Paraguay,PRY,1950,382
Paraguay,PRY,1951,382
Paraguay,PRY,1952,382
Paraguay,PRY,1953,0
Paraguay,PRY,1954,0
Paraguay,PRY,1955,0
Paraguay,PRY,1956,0
Paraguay,PRY,1957,0
Paraguay,PRY,1958,0
Paraguay,PRY,1959,0
Paraguay,PRY,1960,0
Paraguay,PRY,2004,0
Paraguay,PRY,2005,0
Paraguay,PRY,2006,0
Paraguay,PRY,2007,0
Paraguay,PRY,2008,0
Paraguay,PRY,2009,0
Paraguay,PRY,2010,0
Paraguay,PRY,2011,3664
Paraguay,PRY,2012,3664
Paraguay,PRY,2013,0
Paraguay,PRY,2014,0
Paraguay,PRY,2015,10992
Paraguay,PRY,2016,3664
Paraguay,PRY,2017,3664
Paraguay,PRY,2018,14650
Paraguay,PRY,2019,3664
Paraguay,PRY,2020,3664
Paraguay,PRY,2021,3664
Paraguay,PRY,2022,0
Paraguay,PRY,2023,0
Paraguay,PRY,2024,0
Peru,PER,1856,50729
Peru,PER,1857,62158
Peru,PER,1858,44946
Peru,PER,1859,33271
Peru,PER,1860,57723
Peru,PER,1861,80414
Peru,PER,1862,70622
Peru,PER,1863,70701
Peru,PER,1864,128768
Peru,PER,1865,138086
Peru,PER,1866,163344
Peru,PER,1867,91191
Peru,PER,1868,194874
Peru,PER,1869,132280
Peru,PER,1870,244046
Peru,PER,1871,288486
Peru,PER,1872,507305.03
Peru,PER,1873,473529
Peru,PER,1874,328648
Peru,PER,1875,316671
Peru,PER,1876,237470
Peru,PER,1877,210498
Peru,PER,1878,207574
Peru,PER,1879,233907
Peru,PER,1880,122605
Peru,PER,1881,123677
Peru,PER,1882,179290
Peru,PER,1883,171303
Peru,PER,1884,229106
Peru,PER,1885,148584
Peru,PER,1886,135501
Peru,PER,1887,200662
Peru,PER,1888,463108
Peru,PER,1889,158079
Peru,PER,1890,173270
Peru,PER,1891,124290
Peru,PER,1892,152960
Peru,PER,1893,114718
Peru,PER,1894,111364
Peru,PER,1895,99940
Peru,PER,1896,90986
Peru,PER,1897,65114.996
Peru,PER,1898,114403
Peru,PER,1899,160087
Peru,PER,1900,166235
Peru,PER,1901,180416
Peru,PER,1902,196512
Peru,PER,1903,214181
Peru,PER,1904,340577
Peru,PER,1905,267080
Peru,PER,1906,290543
Peru,PER,1907,634031
Peru,PER,1908,1118576
Peru,PER,1909,972436
Peru,PER,1910,919778
Peru,PER,1911,1019266.94
Peru,PER,1912,828028
Peru,PER,1913,865717
Peru,PER,1914,848305
Peru,PER,1915,806914
Peru,PER,1916,1055608
Peru,PER,1917,1174845
Peru,PER,1918,1002408
Peru,PER,1919,1100789
Peru,PER,1920,1112243
Peru,PER,1921,1048208
Peru,PER,1922,923454
Peru,PER,1923,749335
Peru,PER,1924,495701
Peru,PER,1925,347746
Peru,PER,1926,521147
Peru,PER,1927,531624
Peru,PER,1928,501711
Peru,PER,1929,647804
Peru,PER,1930,569999
Peru,PER,1931,467012
Peru,PER,1932,114839
Peru,PER,1933,126324
Peru,PER,1934,153119
Peru,PER,1935,302410
Peru,PER,1936,290925
Peru,PER,1937,298581
Peru,PER,1938,229678
Peru,PER,1939,302410
Peru,PER,1940,310066
Peru,PER,1941,313893
Peru,PER,1942,390452
Peru,PER,1943,428732
Peru,PER,1944,432561
Peru,PER,1945,459356
Peru,PER,1946,470841
Peru,PER,1947,474668
Peru,PER,1948,455529
Peru,PER,1949,413420
Peru,PER,1950,329205
Peru,PER,1951,351744
Peru,PER,1952,443031
Peru,PER,1953,410368
Peru,PER,1954,439422
Peru,PER,1955,322432
Peru,PER,1956,329760
Peru,PER,1957,271136
Peru,PER,1958,549600
Peru,PER,1959,340752
Peru,PER,1960,351586
Peru,PER,1961,432352
Peru,PER,1962,406704
Peru,PER,1963,318654
Peru,PER,1964,337088
Peru,PER,1965,296875
Peru,PER,1966,377288
Peru,PER,1967,421360
Peru,PER,1968,421360
Peru,PER,1969,747277
Peru,PER,1970,465424
Peru,PER,1971,479984
Peru,PER,1972,432352
Peru,PER,1973,582576
Peru,PER,1974,586341
Peru,PER,1975,714480
Peru,PER,1976,476320
Peru,PER,1977,560504
Peru,PER,1978,476398
Peru,PER,1979,523952
Peru,PER,1980,523952
Peru,PER,1981,538526
Peru,PER,1982,593568
Peru,PER,1983,480070
Peru,PER,1984,381056
Peru,PER,1985,703356
Peru,PER,1986,663184
Peru,PER,1987,600811
Peru,PER,1988,974482
Peru,PER,1989,688832
Peru,PER,1990,542272
Peru,PER,1991,967124
Peru,PER,1992,1047904
Peru,PER,1993,1579184
Peru,PER,1994,1245760
Peru,PER,1995,1392529
Peru,PER,1996,1315376
Peru,PER,1997,1264080
Peru,PER,1998,1465600
Peru,PER,1999,1410640
Peru,PER,2000,1971474
Peru,PER,2001,2059168.1
Peru,PER,2002,2795632
Peru,PER,2003,2766320
Peru,PER,2004,3249968
Peru,PER,2005,3418855
Peru,PER,2006,2868912
Peru,PER,2007,3605376
Peru,PER,2008,3389200
Peru,PER,2009,3055556
Peru,PER,2010,3301264
Peru,PER,2011,3129056
Peru,PER,2012,2898224
Peru,PER,2013,3370880
Peru,PER,2014,3048677
Peru,PER,2015,3088518
Peru,PER,2016,3213328
Peru,PER,2017,2806624
Peru,PER,2018,2502678
Peru,PER,2019,2572128
Peru,PER,2020,1883296
Peru,PER,2021,2649072
Peru,PER,2022,2804279
Peru,PER,2023,2619064
Peru,PER,2024,2362770
Philippines,PHL,1907,7328
Philippines,PHL,1908,18320
Philippines,PHL,1909,54960
Philippines,PHL,1910,51296
Philippines,PHL,1911,36640
Philippines,PHL,1912,3664
Philippines,PHL,1913,7328
Philippines,PHL,1914,18320
Philippines,PHL,1915,54960
Philippines,PHL,1916,51296
Philippines,PHL,1917,10992
Philippines,PHL,1918,29312
Philippines,PHL,1919,58624
Philippines,PHL,1920,102592
Philippines,PHL,1921,69616
Philippines,PHL,1922,76944
Philippines,PHL,1923,76944
Philippines,PHL,1924,84272
Philippines,PHL,1925,84272
Philippines,PHL,1926,51296
Philippines,PHL,1927,40304
Philippines,PHL,1928,47632
Philippines,PHL,1929,30940
Philippines,PHL,1930,36640
Philippines,PHL,1931,32976
Philippines,PHL,1932,31657
Philippines,PHL,1933,29312
Philippines,PHL,1934,40304
Philippines,PHL,1935,43968
Philippines,PHL,1936,54960
Philippines,PHL,1937,47632
Philippines,PHL,1938,73280
Philippines,PHL,1939,84272
Philippines,PHL,1940,113584
Philippines,PHL,1946,84272
Philippines,PHL,1947,131904
Philippines,PHL,1948,157552
Philippines,PHL,1949,219840
Philippines,PHL,1950,183200
Philippines,PHL,1951,172208
Philippines,PHL,1952,146560
Philippines,PHL,1953,175872
Philippines,PHL,1954,135568
Philippines,PHL,1955,153803
Philippines,PHL,1956,179641
Philippines,PHL,1957,216176
Philippines,PHL,1958,131904
Philippines,PHL,1959,168544
Philippines,PHL,1960,179536
Philippines,PHL,1961,179611
Philippines,PHL,1962,212512
Philippines,PHL,1963,201520
Philippines,PHL,1964,150224
Philippines,PHL,1965,150263
Philippines,PHL,1966,135568
Philippines,PHL,1967,106256
Philippines,PHL,1968,87936
Philippines,PHL,1969,76944
Philippines,PHL,1970,84272
Philippines,PHL,1971,76944
Philippines,PHL,1972,76944
Philippines,PHL,1973,62288
Philippines,PHL,1974,113584
Philippines,PHL,1975,150224
Philippines,PHL,1976,172208
Philippines,PHL,1977,721808
Philippines,PHL,1978,882938
Philippines,PHL,1979,1099200
Philippines,PHL,1980,1348352
Philippines,PHL,1981,1293529
Philippines,PHL,1982,1608496
Philippines,PHL,1983,2198400
Philippines,PHL,1984,3561408
Philippines,PHL,1985,3638352
Philippines,PHL,1986,2931200
Philippines,PHL,1987,3455152
Philippines,PHL,1988,3935518
Philippines,PHL,1989,3330264
Philippines,PHL,1990,3162313
Philippines,PHL,1991,3689648
Philippines,PHL,1992,3869184
Philippines,PHL,1993,3810560
Philippines,PHL,1994,3762928
Philippines,PHL,1995,4250240
Philippines,PHL,1996,5452032
Philippines,PHL,1997,6338389
Philippines,PHL,1998,6404672
Philippines,PHL,1999,11420075
Philippines,PHL,2000,15847602
Philippines,PHL,2001,16183887
Philippines,PHL,2002,14102736
Philippines,PHL,2003,14677984
Philippines,PHL,2004,15956720
Philippines,PHL,2005,18631440
Philippines,PHL,2006,17510256
Philippines,PHL,2007,21535878
Philippines,PHL,2008,25105728
Philippines,PHL,2009,23962560
Philippines,PHL,2010,27769456
Philippines,PHL,2011,30518792
Philippines,PHL,2012,31933082
Philippines,PHL,2013,39508910
Philippines,PHL,2014,42035544
Philippines,PHL,2015,45820492
Philippines,PHL,2016,50684110
Philippines,PHL,2017,60930664
Philippines,PHL,2018,64171296
Philippines,PHL,2019,68894190
Philippines,PHL,2020,69304560
Philippines,PHL,2021,74705300
Philippines,PHL,2022,75346500
Philippines,PHL,2023,84105100
Philippines,PHL,2024,92142400
Poland,POL,1800,406704
Poland,POL,1801,443344
Poland,POL,1802,450672
Poland,POL,1803,461664
Poland,POL,1804,458000
Poland,POL,1805,571584
Poland,POL,1806,520288
Poland,POL,1807,377392
Poland,POL,1808,501968.03
Poland,POL,1809,472656
Poland,POL,1810,567920
Poland,POL,1811,589904
Poland,POL,1812,454336
Poland,POL,1813,381056
Poland,POL,1814,501968.03
Poland,POL,1815,589904
Poland,POL,1816,677840
Poland,POL,1817,743792
Poland,POL,1818,923328
Poland,POL,1819,758448
Poland,POL,1820,747456
Poland,POL,1821,828064
Poland,POL,1822,908672
Poland,POL,1823,1220112
Poland,POL,1824,1275072
Poland,POL,1825,1326368
Poland,POL,1826,1220112
Poland,POL,1827,1308048
Poland,POL,1828,1209120
Poland,POL,1829,1066224
Poland,POL,1830,989280
Poland,POL,1831,809744
Poland,POL,1832,1033247.94
Poland,POL,1833,1073552
Poland,POL,1834,1128512
Poland,POL,1835,1209120
Poland,POL,1836,1370336
Poland,POL,1837,1472928
Poland,POL,1838,1586512
Poland,POL,1839,1681776
Poland,POL,1840,1967568
Poland,POL,1841,2139776
Poland,POL,1842,2282672
Poland,POL,1843,2246032
Poland,POL,1844,2392592
Poland,POL,1845,2791968
Poland,POL,1846,2949520
Poland,POL,1847,3022800
Poland,POL,1848,3044784
Poland,POL,1849,3004480
Poland,POL,1850,3202336
Poland,POL,1851,3458816
Poland,POL,1852,4129327.8
Poland,POL,1853,4316192
Poland,POL,1854,4777856
Poland,POL,1855,5620576
Poland,POL,1856,6316736
Poland,POL,1857,6716112
Poland,POL,1858,7705392
Poland,POL,1859,7111824
Poland,POL,1860,7485552
Poland,POL,1861,7668752
Poland,POL,1862,8804592
Poland,POL,1863,10054016
Poland,POL,1864,11219168
Poland,POL,1865,12420960
Poland,POL,1866,12153488
Poland,POL,1867,13292992
Poland,POL,1868,15117664
Poland,POL,1869,15612304
Poland,POL,1870,16663872
Poland,POL,1871,18972192
Poland,POL,1872,20631984
Poland,POL,1873,22350400
Poland,POL,1874,24431562
Poland,POL,1875,23991872
Poland,POL,1876,24519488
Poland,POL,1877,23061216
Poland,POL,1878,24259344
Poland,POL,1879,26395456
Poland,POL,1880,26248896
Poland,POL,1881,26109664
Poland,POL,1882,27102608
Poland,POL,1883,29773664
Poland,POL,1884,31030416
Poland,POL,1885,32400754
Poland,POL,1886,33302098
Poland,POL,1887,33529248
Poland,POL,1888,37303164
Poland,POL,1889,40300316
Poland,POL,1890,41586400
Poland,POL,1891,45074530
Poland,POL,1892,42821188
Poland,POL,1893,45041550
Poland,POL,1894,45690080
Poland,POL,1895,48375790
Poland,POL,1896,51688050
Poland,POL,1897,54146590
Poland,POL,1898,58836450
Poland,POL,1899,60935984
Poland,POL,1900,62240370
Poland,POL,1901,65655212
Poland,POL,1902,63892830
Poland,POL,1903,66424660
Poland,POL,1904,66853348
Poland,POL,1905,72448270
Poland,POL,1906,76431040
Poland,POL,1907,83740720
Poland,POL,1908,87752800
Poland,POL,1909,89134130
Poland,POL,1910,89127010
Poland,POL,1911,95128430
Poland,POL,1912,107424820
Poland,POL,1913,112788910
Poland,POL,1914,94314920
Poland,POL,1915,92417070
Poland,POL,1916,106028740
Poland,POL,1917,118405820
Poland,POL,1918,99155170
Poland,POL,1919,175872
Poland,POL,1920,73756190
Poland,POL,1921,72935580
Poland,POL,1922,69923680
Poland,POL,1923,50673252
Poland,POL,1924,45942896
Poland,POL,1925,45664430
Poland,POL,1926,46184572
Poland,POL,1927,58411490
Poland,POL,1928,59990670
Poland,POL,1929,70019040
Poland,POL,1930,53794850
Poland,POL,1931,52398864
Poland,POL,1932,39981570
Poland,POL,1933,41135730
Poland,POL,1934,43037344
Poland,POL,1935,43839760
Poland,POL,1936,47474624
Poland,POL,1937,53662944
Poland,POL,1938,56700204
Poland,POL,1939,49826736
Poland,POL,1940,165638450
Poland,POL,1941,164059280
Poland,POL,1942,180455660
Poland,POL,1943,196339100
Poland,POL,1944,187801950
Poland,POL,1945,58807240
Poland,POL,1946,102756880
Poland,POL,1947,89467550
Poland,POL,1948,86199260
Poland,POL,1949,102577450
Poland,POL,1950,108927060
Poland,POL,1951,118438696
Poland,POL,1952,124081360
Poland,POL,1953,134644670
Poland,POL,1954,141763820
Poland,POL,1955,147681330
Poland,POL,1956,159446290
Poland,POL,1957,170936590
Poland,POL,1958,168555170
Poland,POL,1959,180448340
Poland,POL,1960,188838900
Poland,POL,1961,194767250
Poland,POL,1962,202256460
Poland,POL,1963,215472510
Poland,POL,1964,224632510
Poland,POL,1965,225588820
Poland,POL,1966,228926720
Poland,POL,1967,232656290
Poland,POL,1968,244330180
Poland,POL,1969,258172770
Poland,POL,1970,261514340
Poland,POL,1971,267834750
Poland,POL,1972,280948740
Poland,POL,1973,281182100
Poland,POL,1974,288939360
Poland,POL,1975,310033020
Poland,POL,1976,327191520
Poland,POL,1977,341884200
Poland,POL,1978,351846600
Poland,POL,1979,358845540
Poland,POL,1980,380902800
Poland,POL,1981,336457800
Poland,POL,1982,349743460
Poland,POL,1983,350747400
Poland,POL,1984,366154500
Poland,POL,1985,379029820
Poland,POL,1986,383071200
Poland,POL,1987,394737380
Poland,POL,1988,377571520
Poland,POL,1989,355931940
Poland,POL,1990,302284350
Poland,POL,1991,303094370
Poland,POL,1992,293860400
Poland,POL,1993,293178500
Poland,POL,1994,283682620
Poland,POL,1995,282564670
Poland,POL,1996,293186100
Poland,POL,1997,277515800
Poland,POL,1998,251777220
Poland,POL,1999,239662910
Poland,POL,2000,228826770
Poland,POL,2001,226152060
Poland,POL,2002,219897200
Poland,POL,2003,226405780
Poland,POL,2004,226423710
Poland,POL,2005,222637680
Poland,POL,2006,232308060
Poland,POL,2007,227707330
Poland,POL,2008,220472080
Poland,POL,2009,209073550
Poland,POL,2010,220927200
Poland,POL,2011,218378980
Poland,POL,2012,214039890
Poland,POL,2013,214314380
Poland,POL,2014,202997330
Poland,POL,2015,201647490
Poland,POL,2016,202098990
Poland,POL,2017,203503980
Poland,POL,2018,198673250
Poland,POL,2019,177752980
Poland,POL,2020,164196180
Poland,POL,2021,184113800
Poland,POL,2022,172493180
Poland,POL,2023,141924030
Poland,POL,2024,127310740
Portugal,PRT,1870,21984
Portugal,PRT,1871,36640
Portugal,PRT,1872,520288
Portugal,PRT,1873,725472
Portugal,PRT,1874,531280
Portugal,PRT,1875,1168816
Portugal,PRT,1876,1146832
Portugal,PRT,1877,670512
Portugal,PRT,1878,641200
Portugal,PRT,1879,707152
Portugal,PRT,1880,879360
Portugal,PRT,1881,890352
Portugal,PRT,1882,1058982
Portugal,PRT,1883,1121184
Portugal,PRT,1884,1172480
Portugal,PRT,1885,1084544
Portugal,PRT,1886,1201792
Portugal,PRT,1887,1238432
Portugal,PRT,1888,1337360
Portugal,PRT,1889,1538880
Portugal,PRT,1890,1641472
Portugal,PRT,1891,1703760
Portugal,PRT,1892,1648800
Portugal,PRT,1893,1469370
Portugal,PRT,1894,1729506
Portugal,PRT,1895,1652464
Portugal,PRT,1896,1689104
Portugal,PRT,1897,1773376
Portugal,PRT,1898,2037184
Portugal,PRT,1899,2095889.1
Portugal,PRT,1900,2421904
Portugal,PRT,1901,2326640
Portugal,PRT,1902,2564800
Portugal,PRT,1903,2454976
Portugal,PRT,1904,2524496
Portugal,PRT,1905,2462208
Portugal,PRT,1906,2839600
Portugal,PRT,1907,3096080
Portugal,PRT,1908,3077837
Portugal,PRT,1909,3129056
Portugal,PRT,1910,3183942
Portugal,PRT,1911,3077683
Portugal,PRT,1912,3587056
Portugal,PRT,1913,3759264
Portugal,PRT,1914,3290272
Portugal,PRT,1915,3000816
Portugal,PRT,1916,2901780
Portugal,PRT,1917,1568192
Portugal,PRT,1918,1062560
Portugal,PRT,1919,2062832.1
Portugal,PRT,1920,2011535.9
Portugal,PRT,1921,2084816
Portugal,PRT,1922,2839600
Portugal,PRT,1923,2495184
Portugal,PRT,1924,2832272
Portugal,PRT,1925,2931200
Portugal,PRT,1926,2909216
Portugal,PRT,1927,3363822
Portugal,PRT,1928,3609040
Portugal,PRT,1929,3583392
Portugal,PRT,1930,3890801
Portugal,PRT,1931,3488128
Portugal,PRT,1932,2945856
Portugal,PRT,1933,3484464
Portugal,PRT,1934,3505920
Portugal,PRT,1935,3667664
Portugal,PRT,1936,3469808
Portugal,PRT,1937,4214133
Portugal,PRT,1938,3392864
Portugal,PRT,1939,3964448
Portugal,PRT,1940,3092416
Portugal,PRT,1941,3088752
Portugal,PRT,1942,2773648
Portugal,PRT,1943,2550632
Portugal,PRT,1944,2787786
Portugal,PRT,1945,2634416
Portugal,PRT,1946,2627088
Portugal,PRT,1947,3594384
Portugal,PRT,1948,3206000
Portugal,PRT,1949,3645680
Portugal,PRT,1950,3191344
Portugal,PRT,1951,2221892
Portugal,PRT,1952,2033520
Portugal,PRT,1953,2396256
Portugal,PRT,1954,1747728
Portugal,PRT,1955,2222788
Portugal,PRT,1956,2286336
Portugal,PRT,1957,2473200
Portugal,PRT,1958,2440224
Portugal,PRT,1959,2616096
Portugal,PRT,1960,2363280
Portugal,PRT,1961,2740672
Portugal,PRT,1962,2608768
Portugal,PRT,1963,2942192
Portugal,PRT,1964,3186620
Portugal,PRT,1965,3191344
Portugal,PRT,1966,3242640
Portugal,PRT,1967,2839600
Portugal,PRT,1968,2586784
Portugal,PRT,1969,2730365
Portugal,PRT,1970,3008867
Portugal,PRT,1971,2340773
Portugal,PRT,1972,1641472
Portugal,PRT,1973,2147104
Portugal,PRT,1974,1784684
Portugal,PRT,1975,1637808
Portugal,PRT,1976,1315376
Portugal,PRT,1977,1253290
Portugal,PRT,1978,1689104
Portugal,PRT,1979,1681776
Portugal,PRT,1980,1626595
Portugal,PRT,1981,1425296
Portugal,PRT,1982,1209120
Portugal,PRT,1983,1604832
Portugal,PRT,1984,1590176
Portugal,PRT,1985,2865631
Portugal,PRT,1986,5466688
Portugal,PRT,1987,6950608
Portugal,PRT,1988,7914240
Portugal,PRT,1989,9563040
Portugal,PRT,1990,10984314
Portugal,PRT,1991,11585233
Portugal,PRT,1992,11871702
Portugal,PRT,1993,12526768
Portugal,PRT,1994,13179342
Portugal,PRT,1995,14584656
Portugal,PRT,1996,13540285
Portugal,PRT,1997,13722334
Portugal,PRT,1998,12296522
Portugal,PRT,1999,14898226
Portugal,PRT,2000,14853160
Portugal,PRT,2001,12701958
Portugal,PRT,2002,13708599
Portugal,PRT,2003,12973176
Portugal,PRT,2004,13079268
Portugal,PRT,2005,13061118
Portugal,PRT,2006,13065313
Portugal,PRT,2007,11430423
Portugal,PRT,2008,9833288
Portugal,PRT,2009,10735116
Portugal,PRT,2010,6424369
Portugal,PRT,2011,8631676
Portugal,PRT,2012,11134834
Portugal,PRT,2013,10191338
Portugal,PRT,2014,10316027
Portugal,PRT,2015,12562909
Portugal,PRT,2016,10820159
Portugal,PRT,2017,12393849
Portugal,PRT,2018,10375555
Portugal,PRT,2019,5026484
Portugal,PRT,2020,2417103
Portugal,PRT,2021,1037928
Portugal,PRT,2022,244872
Portugal,PRT,2023,132972
Portugal,PRT,2024,159567
Qatar,QAT,1949,0
Qatar,QAT,1980,0
Qatar,QAT,1981,0
Qatar,QAT,1982,0
Qatar,QAT,1983,0
Qatar,QAT,1984,0
Qatar,QAT,1985,0
Qatar,QAT,1986,0
Qatar,QAT,1987,0
Qatar,QAT,1988,0
Qatar,QAT,1989,0
Qatar,QAT,1990,0
Qatar,QAT,1991,0
Qatar,QAT,1992,0
Qatar,QAT,1993,0
Qatar,QAT,1994,0
Qatar,QAT,1995,0
Qatar,QAT,1996,0
Qatar,QAT,1997,0
Qatar,QAT,1998,0
Qatar,QAT,1999,0
Qatar,QAT,2000,0
Qatar,QAT,2001,0
Qatar,QAT,2002,0
Qatar,QAT,2003,0
Qatar,QAT,2004,0
Qatar,QAT,2005,0
Qatar,QAT,2006,0
Qatar,QAT,2007,0
Qatar,QAT,2008,0
Qatar,QAT,2009,0
Qatar,QAT,2010,0
Qatar,QAT,2011,0
Qatar,QAT,2012,0
Qatar,QAT,2013,0
Qatar,QAT,2014,0
Qatar,QAT,2015,0
Qatar,QAT,2016,0
Qatar,QAT,2017,0
Qatar,QAT,2018,0
Qatar,QAT,2019,0
Qatar,QAT,2020,0
Qatar,QAT,2021,0
Qatar,QAT,2022,3218
Qatar,QAT,2023,3672
Qatar,QAT,2024,4255
Romania,ROU,1858,0
Romania,ROU,1859,0
Romania,ROU,1860,0
Romania,ROU,1861,0
Romania,ROU,1862,0
Romania,ROU,1863,0
Romania,ROU,1864,0
Romania,ROU,1865,0
Romania,ROU,1866,0
Romania,ROU,1867,0
Romania,ROU,1868,0
Romania,ROU,1869,0
Romania,ROU,1870,0
Romania,ROU,1871,0
Romania,ROU,1872,0
Romania,ROU,1873,0
Romania,ROU,1874,0
Romania,ROU,1875,0
Romania,ROU,1876,0
Romania,ROU,1877,0
Romania,ROU,1878,0
Romania,ROU,1879,0
Romania,ROU,1880,0
Romania,ROU,1881,0
Romania,ROU,1882,164880
Romania,ROU,1883,348080
Romania,ROU,1884,384033
Romania,ROU,1885,367080
Romania,ROU,1886,410368
Romania,ROU,1887,450672
Romania,ROU,1888,538608
Romania,ROU,1889,519576
Romania,ROU,1890,641200
Romania,ROU,1891,887442
Romania,ROU,1892,798752
Romania,ROU,1893,905008
Romania,ROU,1894,828064
Romania,ROU,1895,831728
Romania,ROU,1896,865530
Romania,ROU,1897,974624
Romania,ROU,1898,1157824
Romania,ROU,1899,918087
Romania,ROU,1900,476320
Romania,ROU,1901,679941
Romania,ROU,1902,597232
Romania,ROU,1903,582576
Romania,ROU,1904,559655
Romania,ROU,1905,567920
Romania,ROU,1906,619216
Romania,ROU,1907,1034078.94
Romania,ROU,1908,893270
Romania,ROU,1909,696685
Romania,ROU,1910,747456
Romania,ROU,1911,790922
Romania,ROU,1912,186864
Romania,ROU,1913,1322704
Romania,ROU,1914,230978
Romania,ROU,1915,274604
Romania,ROU,1916,238160
Romania,ROU,1917,293120
Romania,ROU,1918,216176
Romania,ROU,1919,1780704
Romania,ROU,1920,1777040
Romania,ROU,1921,2011535.9
Romania,ROU,1922,2480528
Romania,ROU,1923,3325474
Romania,ROU,1924,3654346
Romania,ROU,1925,3942464
Romania,ROU,1926,3879196
Romania,ROU,1927,4085360
Romania,ROU,1928,3877289
Romania,ROU,1929,4056048
Romania,ROU,1930,3129056
Romania,ROU,1931,2557835
Romania,ROU,1932,2114128
Romania,ROU,1933,1897952
Romania,ROU,1934,2297328
Romania,ROU,1935,2414576
Romania,ROU,1936,2465872
Romania,ROU,1937,2722352
Romania,ROU,1938,2945452
Romania,ROU,1939,2748000
Romania,ROU,1940,2964176
Romania,ROU,1941,2703593
Romania,ROU,1942,2916544
Romania,ROU,1943,3187680
Romania,ROU,1944,2422493
Romania,ROU,1945,2220384
Romania,ROU,1946,2069726
Romania,ROU,1947,2352288
Romania,ROU,1948,6239792
Romania,ROU,1949,0
Romania,ROU,1950,6718508
Romania,ROU,1951,7420808
Romania,ROU,1952,8592080
Romania,ROU,1953,9468909
Romania,ROU,1954,10350800
Romania,ROU,1955,11201964
Romania,ROU,1956,11999600
Romania,ROU,1957,12937584
Romania,ROU,1958,13396570
Romania,ROU,1959,14187008
Romania,ROU,1960,15190944
Romania,ROU,1961,15956720
Romania,ROU,1962,18616784
Romania,ROU,1963,19949428
Romania,ROU,1964,20954416
Romania,ROU,1965,22288112
Romania,ROU,1966,24256736
Romania,ROU,1967,26445700
Romania,ROU,1968,29889818
Romania,ROU,1969,33921310
Romania,ROU,1970,32715854
Romania,ROU,1971,32982368
Romania,ROU,1972,35423550
Romania,ROU,1973,39937600
Romania,ROU,1974,41762270
Romania,ROU,1975,43989984
Romania,ROU,1976,43836096
Romania,ROU,1977,44711790
Romania,ROU,1978,50194084
Romania,ROU,1979,54000030
Romania,ROU,1980,53502730
Romania,ROU,1981,58682624
Romania,ROU,1982,56562224
Romania,ROU,1983,66307412
Romania,ROU,1984,66736100
Romania,ROU,1985,70803140
Romania,ROU,1986,71088930
Romania,ROU,1987,75313520
Romania,ROU,1988,81902800
Romania,ROU,1989,83575840
Romania,ROU,1990,54862200
Romania,ROU,1991,42962856
Romania,ROU,1992,45193636
Romania,ROU,1993,40523190
Romania,ROU,1994,40996910
Romania,ROU,1995,42229916
Romania,ROU,1996,41873270
Romania,ROU,1997,37198180
Romania,ROU,1998,31523526
Romania,ROU,1999,26093346
Romania,ROU,2000,29552338
Romania,ROU,2001,31918888
Romania,ROU,2002,32965626
Romania,ROU,2003,35896228
Romania,ROU,2004,35874590
Romania,ROU,2005,35572036
Romania,ROU,2006,38262104
Romania,ROU,2007,42116230
Romania,ROU,2008,40689788
Romania,ROU,2009,32364986
Romania,ROU,2010,29402654
Romania,ROU,2011,34091090
Romania,ROU,2012,31523322
Romania,ROU,2013,25268960
Romania,ROU,2014,25005716
Romania,ROU,2015,25127760
Romania,ROU,2016,22146908
Romania,ROU,2017,21773804
Romania,ROU,2018,20765618
Romania,ROU,2019,18361856
Romania,ROU,2020,14297876
Romania,ROU,2021,15530203
Romania,ROU,2022,13751505
Romania,ROU,2023,9754307
Romania,ROU,2024,8041753
Russia,RUS,1830,11204
Russia,RUS,1831,13445
Russia,RUS,1832,8964
Russia,RUS,1833,11204
Russia,RUS,1850,69467
Russia,RUS,1855,210643
Russia,RUS,1858,295796
Russia,RUS,1859,313723
Russia,RUS,1860,407704
Russia,RUS,1861,519777
Russia,RUS,1862,468208
Russia,RUS,1863,486046
Russia,RUS,1864,541979
Russia,RUS,1865,515046
Russia,RUS,1866,1664564
Russia,RUS,1867,1904123
Russia,RUS,1868,1554100
Russia,RUS,1869,2130041
Russia,RUS,1870,2316032
Russia,RUS,1871,3154295
Russia,RUS,1872,3234877
Russia,RUS,1873,2973794
Russia,RUS,1874,3571041
Russia,RUS,1875,4035195.8
Russia,RUS,1876,4903826
Russia,RUS,1877,4826555
Russia,RUS,1878,6372831
Russia,RUS,1879,6372118
Russia,RUS,1880,7512658
Russia,RUS,1881,7565229
Russia,RUS,1882,7921437
Russia,RUS,1883,9070262
Russia,RUS,1884,8435059
Russia,RUS,1885,8729364
Russia,RUS,1886,8911496
Russia,RUS,1887,8735593
Russia,RUS,1888,8941077
Russia,RUS,1889,10027024
Russia,RUS,1890,10953875
Russia,RUS,1891,11363431
Russia,RUS,1892,12159812
Russia,RUS,1893,14179749
Russia,RUS,1894,15325150
Russia,RUS,1895,15906888
Russia,RUS,1896,16458323
Russia,RUS,1897,19212942
Russia,RUS,1898,21455260
Russia,RUS,1899,26118130
Russia,RUS,1900,29090630
Russia,RUS,1901,28227698
Russia,RUS,1902,27668144
Russia,RUS,1903,28414814
Russia,RUS,1904,32747646
Russia,RUS,1905,31916814
Russia,RUS,1906,36438332
Russia,RUS,1907,41723964
Russia,RUS,1908,42053296
Russia,RUS,1909,44175384
Russia,RUS,1910,42444670
Russia,RUS,1911,45524720
Russia,RUS,1912,53393764
Russia,RUS,1913,59863732
Russia,RUS,1914,51894508
Russia,RUS,1915,44826120
Russia,RUS,1916,47716772
Russia,RUS,1917,44529132
Russia,RUS,1918,17361528
Russia,RUS,1919,12399613
Russia,RUS,1920,11582922
Russia,RUS,1921,13357472
Russia,RUS,1922,16256332
Russia,RUS,1923,17813880
Russia,RUS,1924,22662912
Russia,RUS,1925,21486424
Russia,RUS,1926,33989812
Russia,RUS,1927,42831012
Russia,RUS,1928,49092410
Russia,RUS,1929,50442760
Russia,RUS,1930,59532360
Russia,RUS,1931,71146600
Russia,RUS,1932,87789770
Russia,RUS,1933,102657920
Russia,RUS,1934,127063336
Russia,RUS,1935,147169200
Russia,RUS,1936,171148940
Russia,RUS,1937,173869730
Russia,RUS,1938,183368080
Russia,RUS,1939,185995870
Russia,RUS,1940,232537660
Russia,RUS,1941,198097040
Russia,RUS,1942,83573900
Russia,RUS,1943,96206050
Russia,RUS,1944,144130620
Russia,RUS,1945,186311310
Russia,RUS,1946,208045170
Russia,RUS,1947,249774980
Russia,RUS,1948,262665400
Russia,RUS,1949,297341440
Russia,RUS,1950,329853440
Russia,RUS,1951,357565860
Russia,RUS,1952,378526720
Russia,RUS,1953,395944860
Russia,RUS,1954,430245700
Russia,RUS,1955,483426800
Russia,RUS,1956,518736320
Russia,RUS,1957,554405100
Russia,RUS,1958,571986370
Russia,RUS,1959,584350100
Russia,RUS,1960,585521700
Russia,RUS,1961,575272400
Russia,RUS,1962,571233660
Russia,RUS,1963,592229250
Russia,RUS,1964,609585900
Russia,RUS,1965,630120260
Russia,RUS,1966,651330240
Russia,RUS,1967,656062460
Russia,RUS,1968,648781000
Russia,RUS,1969,657727800
Russia,RUS,1970,702853200
Russia,RUS,1971,716510140
Russia,RUS,1972,738379300
Russia,RUS,1973,745918500
Russia,RUS,1974,747371260
Russia,RUS,1975,769553600
Russia,RUS,1976,789702000
Russia,RUS,1977,802132400
Russia,RUS,1978,797363000
Russia,RUS,1979,797925570
Russia,RUS,1980,840941600
Russia,RUS,1981,761361150
Russia,RUS,1982,771428400
Russia,RUS,1983,765411200
Russia,RUS,1984,760117400
Russia,RUS,1985,866041800
Russia,RUS,1986,893986700
Russia,RUS,1987,900910340
Russia,RUS,1988,916021300
Russia,RUS,1989,882522560
Russia,RUS,1990,750958700
Russia,RUS,1991,702965570
Russia,RUS,1992,515780100
Russia,RUS,1993,504624260
Russia,RUS,1994,451572740
Russia,RUS,1995,475625950
Russia,RUS,1996,474696860
Russia,RUS,1997,409786270
Russia,RUS,1998,399043460
Russia,RUS,1999,405097470
Russia,RUS,2000,425710430
Russia,RUS,2001,444520320
Russia,RUS,2002,422616830
Russia,RUS,2003,424648320
Russia,RUS,2004,414711330
Russia,RUS,2005,416445660
Russia,RUS,2006,436040260
Russia,RUS,2007,421198560
Russia,RUS,2008,449833500
Russia,RUS,2009,417326820
Russia,RUS,2010,417854600
Russia,RUS,2011,428317060
Russia,RUS,2012,443292580
Russia,RUS,2013,405804770
Russia,RUS,2014,394974200
Russia,RUS,2015,414853700
Russia,RUS,2016,402760060
Russia,RUS,2017,386279700
Russia,RUS,2018,399664740
Russia,RUS,2019,395975650
Russia,RUS,2020,368046880
Russia,RUS,2021,375441600
Russia,RUS,2022,369693820
Russia,RUS,2023,382394600
Russia,RUS,2024,375646700
Rwanda,RWA,1950,2107
Rwanda,RWA,1951,0
Rwanda,RWA,1952,2236
Rwanda,RWA,1953,0
Rwanda,RWA,1954,0
Rwanda,RWA,1955,0
Rwanda,RWA,1956,0
Rwanda,RWA,1957,0
Rwanda,RWA,1958,0
Rwanda,RWA,1959,2488
Rwanda,RWA,1960,0
Rwanda,RWA,1961,4816
Rwanda,RWA,2015,3664
Rwanda,RWA,2016,18320
Rwanda,RWA,2017,21984
Rwanda,RWA,2018,43849
Rwanda,RWA,2019,58624
Rwanda,RWA,2020,36547
Rwanda,RWA,2021,58624
Rwanda,RWA,2022,186523
Rwanda,RWA,2023,215662
Rwanda,RWA,2024,220194
Saint Helena,SHN,1968,0
Saint Helena,SHN,1981,0
Saint Helena,SHN,1982,0
Saint Helena,SHN,1983,0
Saint Helena,SHN,1984,0
Saint Helena,SHN,1985,0
Saint Helena,SHN,1986,0
Saint Helena,SHN,1987,0
Saint Helena,SHN,1988,0
Saint Helena,SHN,1989,0
Saint Kitts and Nevis,KNA,1950,1221
Saint Kitts and Nevis,KNA,1951,5583
Saint Kitts and Nevis,KNA,1952,1221
Saint Kitts and Nevis,KNA,1953,1221
Saint Kitts and Nevis,KNA,1954,0
Saint Kitts and Nevis,KNA,1955,1221
Saint Kitts and Nevis,KNA,1956,1221
Saint Kitts and Nevis,KNA,1957,0
Saint Kitts and Nevis,KNA,1958,0
Saint Kitts and Nevis,KNA,1959,0
Saint Kitts and Nevis,KNA,1960,0
Saint Kitts and Nevis,KNA,1961,0
Saint Kitts and Nevis,KNA,1962,0
Saint Kitts and Nevis,KNA,1963,0
Saint Kitts and Nevis,KNA,1964,0
Saint Kitts and Nevis,KNA,1965,0
Saint Kitts and Nevis,KNA,1966,0
Saint Kitts and Nevis,KNA,1967,0
Saint Kitts and Nevis,KNA,1968,0
Saint Kitts and Nevis,KNA,1969,0
Saint Kitts and Nevis,KNA,1970,0
Saint Kitts and Nevis,KNA,1971,0
Saint Kitts and Nevis,KNA,1972,0
Saint Kitts and Nevis,KNA,1973,0
Saint Kitts and Nevis,KNA,1974,0
Saint Kitts and Nevis,KNA,1975,0
Saint Kitts and Nevis,KNA,1976,0
Saint Kitts and Nevis,KNA,1977,0
Saint Kitts and Nevis,KNA,1978,0
Saint Kitts and Nevis,KNA,1979,0
Saint Kitts and Nevis,KNA,1980,0
Saint Pierre and Miquelon,SPM,1950,14656
Saint Pierre and Miquelon,SPM,1951,18320
Saint Pierre and Miquelon,SPM,1952,32976
Saint Pierre and Miquelon,SPM,1953,25648
Saint Pierre and Miquelon,SPM,1954,29312
Saint Pierre and Miquelon,SPM,1955,25648
Saint Pierre and Miquelon,SPM,1956,23083
Saint Pierre and Miquelon,SPM,1957,30228
Saint Pierre and Miquelon,SPM,1958,30228
Saint Pierre and Miquelon,SPM,1959,23083
Saint Pierre and Miquelon,SPM,1960,29312
Saint Pierre and Miquelon,SPM,1961,25648
Saint Pierre and Miquelon,SPM,1962,21984
Saint Pierre and Miquelon,SPM,1963,25648
Saint Pierre and Miquelon,SPM,1964,23816
Saint Pierre and Miquelon,SPM,1965,18320
Saint Pierre and Miquelon,SPM,1966,21984
Saint Pierre and Miquelon,SPM,1967,21984
Saint Pierre and Miquelon,SPM,1968,4030
Saint Pierre and Miquelon,SPM,1969,13190
Saint Pierre and Miquelon,SPM,1970,7328
Saint Pierre and Miquelon,SPM,1971,10992
Saint Pierre and Miquelon,SPM,1972,3664
Saint Pierre and Miquelon,SPM,1973,3664
Saint Pierre and Miquelon,SPM,1974,3664
Saint Pierre and Miquelon,SPM,1975,3664
Saint Pierre and Miquelon,SPM,1976,3402
Saint Pierre and Miquelon,SPM,1977,0
Saint Pierre and Miquelon,SPM,1978,0
Saint Pierre and Miquelon,SPM,1979,0
Saint Pierre and Miquelon,SPM,1980,0
Saint Pierre and Miquelon,SPM,1981,0
Saint Pierre and Miquelon,SPM,1982,0
Saint Pierre and Miquelon,SPM,1983,0
Saint Pierre and Miquelon,SPM,1984,0
Saint Pierre and Miquelon,SPM,1985,0
Saint Pierre and Miquelon,SPM,1986,0
Saint Pierre and Miquelon,SPM,1987,0
Saint Pierre and Miquelon,SPM,1988,0
Saint Pierre and Miquelon,SPM,1989,0
Samoa,WSM,1970,0
Samoa,WSM,1971,0
Samoa,WSM,1972,0
Samoa,WSM,1973,0
Samoa,WSM,1974,0
Samoa,WSM,1975,0
Samoa,WSM,1976,0
Samoa,WSM,1977,0
Samoa,WSM,1978,0
Samoa,WSM,1979,0
Samoa,WSM,1980,0
Samoa,WSM,1981,0
Samoa,WSM,1982,0
Samoa,WSM,1983,0
Samoa,WSM,1984,0
Samoa,WSM,1985,0
Samoa,WSM,1986,0
Samoa,WSM,1988,0
Samoa,WSM,1989,0
Saudi Arabia,SAU,1936,0
Saudi Arabia,SAU,1937,0
Saudi Arabia,SAU,1938,0
Saudi Arabia,SAU,1939,0
Saudi Arabia,SAU,1940,0
Saudi Arabia,SAU,1941,0
Saudi Arabia,SAU,1942,0
Saudi Arabia,SAU,1943,0
Saudi Arabia,SAU,1944,0
Saudi Arabia,SAU,1945,0
Saudi Arabia,SAU,1946,0
Saudi Arabia,SAU,1947,0
Saudi Arabia,SAU,1948,0
Saudi Arabia,SAU,1949,0
Saudi Arabia,SAU,1980,0
Saudi Arabia,SAU,1981,0
Saudi Arabia,SAU,1982,0
Saudi Arabia,SAU,1983,0
Saudi Arabia,SAU,1984,0
Saudi Arabia,SAU,1985,0
Saudi Arabia,SAU,1986,0
Saudi Arabia,SAU,1987,0
Saudi Arabia,SAU,1988,0
Saudi Arabia,SAU,1989,0
Saudi Arabia,SAU,1990,0
Saudi Arabia,SAU,1991,24370
Saudi Arabia,SAU,1992,6955
Saudi Arabia,SAU,1993,51691
Saudi Arabia,SAU,1994,67560
Saudi Arabia,SAU,1995,49591
Saudi Arabia,SAU,1996,46347
Saudi Arabia,SAU,1997,60639
Saudi Arabia,SAU,1998,74931
Saudi Arabia,SAU,1999,59260
Saudi Arabia,SAU,2000,1440
Saudi Arabia,SAU,2001,5118
Saudi Arabia,SAU,2002,28309
Saudi Arabia,SAU,2003,28666
Saudi Arabia,SAU,2004,35932
Saudi Arabia,SAU,2005,70347
Saudi Arabia,SAU,2006,38036
Saudi Arabia,SAU,2007,54790
Saudi Arabia,SAU,2008,108299
Saudi Arabia,SAU,2009,67370
Saudi Arabia,SAU,2010,169966
Saudi Arabia,SAU,2011,170004
Saudi Arabia,SAU,2012,192637
Saudi Arabia,SAU,2013,238623
Saudi Arabia,SAU,2014,256942
Saudi Arabia,SAU,2015,259882.98
Saudi Arabia,SAU,2016,329758
Saudi Arabia,SAU,2017,520288
Saudi Arabia,SAU,2018,461664
Saudi Arabia,SAU,2019,483648
Saudi Arabia,SAU,2020,425022
Saudi Arabia,SAU,2021,516623.97
Saudi Arabia,SAU,2022,509296
Saudi Arabia,SAU,2023,630458
Saudi Arabia,SAU,2024,700645
Senegal,SEN,1949,0
Senegal,SEN,1950,82224
Senegal,SEN,1951,136771
Senegal,SEN,1952,129063.99
Senegal,SEN,1953,44934
Senegal,SEN,1954,50254
Senegal,SEN,1955,21264
Senegal,SEN,1956,28036
Senegal,SEN,1957,1131
Senegal,SEN,2002,271136
Senegal,SEN,2003,281921
Senegal,SEN,2004,370064
Senegal,SEN,2005,370064
Senegal,SEN,2006,447008
Senegal,SEN,2007,707152
Senegal,SEN,2008,597232
Senegal,SEN,2009,740128
Senegal,SEN,2010,674176
Senegal,SEN,2011,942082
Senegal,SEN,2012,817072
Senegal,SEN,2013,813784
Senegal,SEN,2014,1099200
Senegal,SEN,2015,1150496
Senegal,SEN,2016,1205021
Senegal,SEN,2017,1439466
Senegal,SEN,2018,2260688
Senegal,SEN,2019,2089073
Senegal,SEN,2020,1348802
Senegal,SEN,2021,1971232
Senegal,SEN,2022,2088949
Senegal,SEN,2023,2429167
Senegal,SEN,2024,1991279
Serbia,SRB,1885,13049
Serbia,SRB,1890,39148
Serbia,SRB,1891,45672
Serbia,SRB,1892,50566
Serbia,SRB,1893,89713
Serbia,SRB,1894,171270
Serbia,SRB,1895,171270
Serbia,SRB,1896,190844
Serbia,SRB,1897,148434
Serbia,SRB,1898,225098
Serbia,SRB,1899,262614
Serbia,SRB,1900,355590
Serbia,SRB,1901,388213
Serbia,SRB,1902,363746
Serbia,SRB,1903,394737
Serbia,SRB,1904,420836
Serbia,SRB,1905,456721
Serbia,SRB,1906,546434
Serbia,SRB,1907,556221
Serbia,SRB,1908,598631
Serbia,SRB,1909,614942
Serbia,SRB,1910,608417
Serbia,SRB,1911,658983
Serbia,SRB,1912,675294
Serbia,SRB,1913,1854613
Serbia,SRB,1919,1329384
Serbia,SRB,1920,1764900
Serbia,SRB,1921,1879080
Serbia,SRB,1922,2692355
Serbia,SRB,1923,2941598
Serbia,SRB,1924,3015395
Serbia,SRB,1925,3300113
Serbia,SRB,1926,3205653
Serbia,SRB,1927,3619082
Serbia,SRB,1928,3989963
Serbia,SRB,1929,4487577
Serbia,SRB,1930,4189095
Serbia,SRB,1931,3777990
Serbia,SRB,1932,3439423
Serbia,SRB,1933,3179160
Serbia,SRB,1934,3318643
Serbia,SRB,1935,3469195
Serbia,SRB,1936,3418190
Serbia,SRB,1937,3841300
Serbia,SRB,1938,3693293
Serbia,SRB,1939,3888565
Serbia,SRB,1940,4586180
Serbia,SRB,1943,0
Serbia,SRB,1944,0
Serbia,SRB,1945,2286091
Serbia,SRB,1946,4478572
Serbia,SRB,1947,6164514
Serbia,SRB,1948,6982902
Serbia,SRB,1949,7977688
Serbia,SRB,1950,7381773
Serbia,SRB,1951,6983266
Serbia,SRB,1952,7059316
Serbia,SRB,1953,6862135
Serbia,SRB,1954,8253085
Serbia,SRB,1955,9495535
Serbia,SRB,1956,10900846
Serbia,SRB,1957,11749820
Serbia,SRB,1958,11528275
Serbia,SRB,1959,13209202
Serbia,SRB,1960,14359463
Serbia,SRB,1961,15104717
Serbia,SRB,1962,15405431
Serbia,SRB,1963,17055700
Serbia,SRB,1964,19225662
Serbia,SRB,1965,19335786
Serbia,SRB,1966,18762016
Serbia,SRB,1967,18133044
Serbia,SRB,1968,18791414
Serbia,SRB,1969,19035624
Serbia,SRB,1970,24783360
Serbia,SRB,1971,27034980
Serbia,SRB,1972,25074258
Serbia,SRB,1973,27381292
Serbia,SRB,1974,27702320
Serbia,SRB,1975,29396306
Serbia,SRB,1976,29736074
Serbia,SRB,1977,28206876
Serbia,SRB,1978,30148084
Serbia,SRB,1979,32037826
Serbia,SRB,1980,30895614
Serbia,SRB,1981,38405424
Serbia,SRB,1982,33635910
Serbia,SRB,1983,37457630
Serbia,SRB,1984,40221124
Serbia,SRB,1985,41274084
Serbia,SRB,1986,42545220
Serbia,SRB,1987,41180144
Serbia,SRB,1988,42099116
Serbia,SRB,1989,42215980
Serbia,SRB,1990,41692120
Serbia,SRB,1991,26326302
Serbia,SRB,1992,32630264
Serbia,SRB,1993,30442602
Serbia,SRB,1994,31215874
Serbia,SRB,1995,32554410
Serbia,SRB,1996,32250072
Serbia,SRB,1997,32931594
Serbia,SRB,1998,37161788
Serbia,SRB,1999,27388102
Serbia,SRB,2000,31139562
Serbia,SRB,2001,30168494
Serbia,SRB,2002,31887114
Serbia,SRB,2003,33983852
Serbia,SRB,2004,35464136
Serbia,SRB,2005,31795146
Serbia,SRB,2006,34450236
Serbia,SRB,2007,34174130
Serbia,SRB,2008,35478510
Serbia,SRB,2009,31476286
Serbia,SRB,2010,30814240
Serbia,SRB,2011,34273056
Serbia,SRB,2012,30107088
Serbia,SRB,2013,31279568
Serbia,SRB,2014,24622080
Serbia,SRB,2015,30557760
Serbia,SRB,2016,31076912
Serbia,SRB,2017,31012096
Serbia,SRB,2018,29595344
Serbia,SRB,2019,29596576
Serbia,SRB,2020,31031562
Serbia,SRB,2021,27463040
Serbia,SRB,2022,27112182
Serbia,SRB,2023,25679900
Serbia,SRB,2024,24751746
Sierra Leone,SLE,1950,106256
Sierra Leone,SLE,1951,36640
Sierra Leone,SLE,1952,109920
Sierra Leone,SLE,1953,87936
Sierra Leone,SLE,1954,42712
Sierra Leone,SLE,1955,80608
Sierra Leone,SLE,1956,62288
Sierra Leone,SLE,1957,69616
Sierra Leone,SLE,1958,82047
Sierra Leone,SLE,1959,43292
Sierra Leone,SLE,1960,29312
Sierra Leone,SLE,1961,29312
Sierra Leone,SLE,1962,43968
Sierra Leone,SLE,1963,14656
Sierra Leone,SLE,1964,0
Sierra Leone,SLE,1965,10992
Sierra Leone,SLE,1970,0
Sierra Leone,SLE,1971,0
Sierra Leone,SLE,1972,0
Sierra Leone,SLE,1973,0
Sierra Leone,SLE,1974,0
Sierra Leone,SLE,1975,0
Sierra Leone,SLE,1976,0
Sierra Leone,SLE,1977,0
Sierra Leone,SLE,1978,0
Sierra Leone,SLE,1979,0
Sierra Leone,SLE,1980,0
Sierra Leone,SLE,1981,0
Sierra Leone,SLE,1982,0
Sierra Leone,SLE,1983,0
Sierra Leone,SLE,1984,0
Sierra Leone,SLE,1985,0
Sierra Leone,SLE,1986,0
Sierra Leone,SLE,1987,0
Sierra Leone,SLE,1988,0
Sierra Leone,SLE,1989,0
Sierra Leone,SLE,2002,14656
Sierra Leone,SLE,2003,0
Sierra Leone,SLE,2004,0
Singapore,SGP,1950,757694
Singapore,SGP,1951,863772
Singapore,SGP,1952,819408
Singapore,SGP,1953,659866
Singapore,SGP,1954,524623
Singapore,SGP,1955,508445.97
Singapore,SGP,1956,477030
Singapore,SGP,1957,127969
Singapore,SGP,1958,51296
Singapore,SGP,1959,36640
Singapore,SGP,1960,10963
Singapore,SGP,1961,7328
Singapore,SGP,1962,29354
Singapore,SGP,1963,21960
Singapore,SGP,1964,21984
Singapore,SGP,1965,10992
Singapore,SGP,1966,14736
Singapore,SGP,1967,7328
Singapore,SGP,1968,21969
Singapore,SGP,1969,7328
Singapore,SGP,1970,10992
Singapore,SGP,1971,14659
Singapore,SGP,1972,10992
Singapore,SGP,1973,14656
Singapore,SGP,1974,18320
Singapore,SGP,1975,3664
Singapore,SGP,1976,10992
Singapore,SGP,1977,14656
Singapore,SGP,1978,14656
Singapore,SGP,1979,3664
Singapore,SGP,1980,10992
Singapore,SGP,1981,18320
Singapore,SGP,1982,7327
Singapore,SGP,1983,10992
Singapore,SGP,1984,21982
Singapore,SGP,1985,43968
Singapore,SGP,1986,25648
Singapore,SGP,1987,40304
Singapore,SGP,1988,47632
Singapore,SGP,1989,43968
Singapore,SGP,1990,76950
Singapore,SGP,1991,43968
Singapore,SGP,1992,65952
Singapore,SGP,1993,73280
Singapore,SGP,1994,87936
Singapore,SGP,1995,40304
Singapore,SGP,1996,0
Singapore,SGP,1997,0
Singapore,SGP,1998,0
Singapore,SGP,1999,0
Singapore,SGP,2000,0
Singapore,SGP,2001,0
Singapore,SGP,2002,0
Singapore,SGP,2003,29314
Singapore,SGP,2004,40304
Singapore,SGP,2005,40304
Singapore,SGP,2006,32976
Singapore,SGP,2007,54953
Singapore,SGP,2008,32976
Singapore,SGP,2009,25648
Singapore,SGP,2010,51300
Singapore,SGP,2011,29312
Singapore,SGP,2012,95257
Singapore,SGP,2013,1000272.06
Singapore,SGP,2014,1473032
Singapore,SGP,2015,1538971
Singapore,SGP,2016,1615824
Singapore,SGP,2017,3403661
Singapore,SGP,2018,1809920
Singapore,SGP,2019,1736736
Singapore,SGP,2020,1641472
Singapore,SGP,2021,1758800
Singapore,SGP,2022,1571589
Singapore,SGP,2023,1274705
Singapore,SGP,2024,1142514
Sint Maarten (Dutch part),SXM,1926,0
Sint Maarten (Dutch part),SXM,1927,0
Sint Maarten (Dutch part),SXM,1928,0
Sint Maarten (Dutch part),SXM,1929,0
Sint Maarten (Dutch part),SXM,1930,0
Sint Maarten (Dutch part),SXM,1931,0
Sint Maarten (Dutch part),SXM,1932,0
Sint Maarten (Dutch part),SXM,1933,0
Sint Maarten (Dutch part),SXM,1934,0
Sint Maarten (Dutch part),SXM,1935,0
Sint Maarten (Dutch part),SXM,1936,0
Sint Maarten (Dutch part),SXM,1937,0
Sint Maarten (Dutch part),SXM,1938,0
Sint Maarten (Dutch part),SXM,1939,0
Sint Maarten (Dutch part),SXM,1940,0
Sint Maarten (Dutch part),SXM,1941,0
Sint Maarten (Dutch part),SXM,1942,0
Sint Maarten (Dutch part),SXM,1943,0
Sint Maarten (Dutch part),SXM,1944,0
Sint Maarten (Dutch part),SXM,1945,0
Sint Maarten (Dutch part),SXM,1946,0
Sint Maarten (Dutch part),SXM,1947,0
Sint Maarten (Dutch part),SXM,1948,0
Sint Maarten (Dutch part),SXM,1949,0
Sint Maarten (Dutch part),SXM,1950,0
Sint Maarten (Dutch part),SXM,1951,0
Sint Maarten (Dutch part),SXM,1952,0
Sint Maarten (Dutch part),SXM,1953,0
Sint Maarten (Dutch part),SXM,1954,0
Sint Maarten (Dutch part),SXM,1955,0
Sint Maarten (Dutch part),SXM,1956,0
Sint Maarten (Dutch part),SXM,1957,0
Sint Maarten (Dutch part),SXM,1958,0
Sint Maarten (Dutch part),SXM,1959,0
Sint Maarten (Dutch part),SXM,1960,0
Sint Maarten (Dutch part),SXM,1961,0
Sint Maarten (Dutch part),SXM,1962,0
Sint Maarten (Dutch part),SXM,1963,0
Sint Maarten (Dutch part),SXM,1964,0
Sint Maarten (Dutch part),SXM,1965,0
Sint Maarten (Dutch part),SXM,1966,0
Sint Maarten (Dutch part),SXM,1967,0
Sint Maarten (Dutch part),SXM,1968,0
Sint Maarten (Dutch part),SXM,1969,0
Sint Maarten (Dutch part),SXM,1970,0
Sint Maarten (Dutch part),SXM,1971,0
Sint Maarten (Dutch part),SXM,1972,0
Sint Maarten (Dutch part),SXM,1973,0
Sint Maarten (Dutch part),SXM,1974,0
Sint Maarten (Dutch part),SXM,1975,0
Sint Maarten (Dutch part),SXM,1976,0
Sint Maarten (Dutch part),SXM,1977,0
Sint Maarten (Dutch part),SXM,1978,0
Sint Maarten (Dutch part),SXM,1979,0
Sint Maarten (Dutch part),SXM,1980,0
Sint Maarten (Dutch part),SXM,1981,0
Sint Maarten (Dutch part),SXM,1982,0
Sint Maarten (Dutch part),SXM,1983,0
Sint Maarten (Dutch part),SXM,1984,0
Sint Maarten (Dutch part),SXM,1985,0
Sint Maarten (Dutch part),SXM,1986,0
Sint Maarten (Dutch part),SXM,1987,0
Sint Maarten (Dutch part),SXM,1988,0
Sint Maarten (Dutch part),SXM,1989,0
Sint Maarten (Dutch part),SXM,1990,0
Sint Maarten (Dutch part),SXM,1991,0
Sint Maarten (Dutch part),SXM,1992,0
Sint Maarten (Dutch part),SXM,1993,0
Sint Maarten (Dutch part),SXM,1994,0
Sint Maarten (Dutch part),SXM,1995,0
Sint Maarten (Dutch part),SXM,1996,0
Sint Maarten (Dutch part),SXM,1997,0
Sint Maarten (Dutch part),SXM,1998,0
Sint Maarten (Dutch part),SXM,1999,0
Sint Maarten (Dutch part),SXM,2000,0
Sint Maarten (Dutch part),SXM,2001,0
Sint Maarten (Dutch part),SXM,2002,0
Sint Maarten (Dutch part),SXM,2003,0
Sint Maarten (Dutch part),SXM,2004,0
Sint Maarten (Dutch part),SXM,2005,0
Sint Maarten (Dutch part),SXM,2006,0
Sint Maarten (Dutch part),SXM,2007,0
Sint Maarten (Dutch part),SXM,2008,0
Sint Maarten (Dutch part),SXM,2009,0
Sint Maarten (Dutch part),SXM,2010,0
Sint Maarten (Dutch part),SXM,2011,0
Slovakia,SVK,1860,65095
Slovakia,SVK,1861,214011
Slovakia,SVK,1862,363818
Slovakia,SVK,1863,513625.03
Slovakia,SVK,1864,663433
Slovakia,SVK,1865,813240
Slovakia,SVK,1866,963047
Slovakia,SVK,1867,1111963
Slovakia,SVK,1868,1261770
Slovakia,SVK,1869,1411578
Slovakia,SVK,1870,1561385
Slovakia,SVK,1871,1711192
Slovakia,SVK,1872,1860108
Slovakia,SVK,1873,2009915.1
Slovakia,SVK,1874,2159723
Slovakia,SVK,1875,2309530
Slovakia,SVK,1876,3992188
Slovakia,SVK,1877,4194606
Slovakia,SVK,1878,4397025
Slovakia,SVK,1879,4725174
Slovakia,SVK,1880,5006063
Slovakia,SVK,1881,5286952
Slovakia,SVK,1882,5406441
Slovakia,SVK,1883,5774717
Slovakia,SVK,1884,5964652
Slovakia,SVK,1885,6262483
Slovakia,SVK,1886,6583499
Slovakia,SVK,1887,6915215
Slovakia,SVK,1888,7411898
Slovakia,SVK,1889,7847053
Slovakia,SVK,1890,8391888
Slovakia,SVK,1891,8700419
Slovakia,SVK,1892,8832393
Slovakia,SVK,1893,9028569
Slovakia,SVK,1894,9255063
Slovakia,SVK,1895,9605506
Slovakia,SVK,1896,9841809
Slovakia,SVK,1897,10416070
Slovakia,SVK,1898,10648807
Slovakia,SVK,1899,10925237
Slovakia,SVK,1900,10845875
Slovakia,SVK,1901,11332749
Slovakia,SVK,1902,11484340
Slovakia,SVK,1903,11700134
Slovakia,SVK,1904,11814273
Slovakia,SVK,1905,12162040
Slovakia,SVK,1906,12700633
Slovakia,SVK,1907,13348015
Slovakia,SVK,1908,13594127
Slovakia,SVK,1909,13511198
Slovakia,SVK,1910,13370307
Slovakia,SVK,1911,13539732
Slovakia,SVK,1912,14406475
Slovakia,SVK,1913,15069016
Slovakia,SVK,1914,13735065
Slovakia,SVK,1915,13703433
Slovakia,SVK,1916,14584021
Slovakia,SVK,1917,13708458
Slovakia,SVK,1918,11687372
Slovakia,SVK,1919,11042195
Slovakia,SVK,1920,10948614
Slovakia,SVK,1921,10509102
Slovakia,SVK,1922,9373584
Slovakia,SVK,1923,9916485
Slovakia,SVK,1924,12174295
Slovakia,SVK,1925,11442031
Slovakia,SVK,1926,11604271
Slovakia,SVK,1927,12460211
Slovakia,SVK,1928,13122704
Slovakia,SVK,1929,14679240
Slovakia,SVK,1930,12610801
Slovakia,SVK,1931,11833507
Slovakia,SVK,1932,10304232
Slovakia,SVK,1933,9453595
Slovakia,SVK,1934,9424120
Slovakia,SVK,1935,9701982
Slovakia,SVK,1936,10539486
Slovakia,SVK,1937,12753106
Slovakia,SVK,1938,14962012
Slovakia,SVK,1939,16377234
Slovakia,SVK,1940,18472682
Slovakia,SVK,1941,18568924
Slovakia,SVK,1942,20031676
Slovakia,SVK,1943,22121466
Slovakia,SVK,1944,21169420
Slovakia,SVK,1945,11236769
Slovakia,SVK,1946,13767079
Slovakia,SVK,1947,15538487
Slovakia,SVK,1948,16758389
Slovakia,SVK,1949,17607226
Slovakia,SVK,1950,17456902
Slovakia,SVK,1951,18600950
Slovakia,SVK,1952,19775882
Slovakia,SVK,1953,20458802
Slovakia,SVK,1954,21718548
Slovakia,SVK,1955,22512460
Slovakia,SVK,1956,24049708
Slovakia,SVK,1957,24353792
Slovakia,SVK,1958,26263684
Slovakia,SVK,1959,25648776
Slovakia,SVK,1960,27115492
Slovakia,SVK,1961,29143838
Slovakia,SVK,1962,30816564
Slovakia,SVK,1963,32573894
Slovakia,SVK,1964,33210964
Slovakia,SVK,1965,31981910
Slovakia,SVK,1966,31349544
Slovakia,SVK,1967,30000834
Slovakia,SVK,1968,31195276
Slovakia,SVK,1969,32122196
Slovakia,SVK,1970,36122370
Slovakia,SVK,1971,36728976
Slovakia,SVK,1972,35970332
Slovakia,SVK,1973,34565908
Slovakia,SVK,1974,34017936
Slovakia,SVK,1975,34711396
Slovakia,SVK,1976,35408190
Slovakia,SVK,1977,35364144
Slovakia,SVK,1978,36215268
Slovakia,SVK,1979,34380764
Slovakia,SVK,1980,34443052
Slovakia,SVK,1981,34894410
Slovakia,SVK,1982,34871240
Slovakia,SVK,1983,35347300
Slovakia,SVK,1984,35765892
Slovakia,SVK,1985,35065956
Slovakia,SVK,1986,35469856
Slovakia,SVK,1987,34771480
Slovakia,SVK,1988,34538830
Slovakia,SVK,1989,32420112
Slovakia,SVK,1990,33589732
Slovakia,SVK,1991,28847622
Slovakia,SVK,1992,25831992
Slovakia,SVK,1993,24648716
Slovakia,SVK,1994,22187886
Slovakia,SVK,1995,21333682
Slovakia,SVK,1996,20727282
Slovakia,SVK,1997,20470226
Slovakia,SVK,1998,19133306
Slovakia,SVK,1999,18344876
Slovakia,SVK,2000,17689590
Slovakia,SVK,2001,18319356
Slovakia,SVK,2002,17890014
Slovakia,SVK,2003,18818130
Slovakia,SVK,2004,18864698
Slovakia,SVK,2005,17631112
Slovakia,SVK,2006,18644486
Slovakia,SVK,2007,17428420
Slovakia,SVK,2008,16928132
Slovakia,SVK,2009,15908605
Slovakia,SVK,2010,15945232
Slovakia,SVK,2011,16190905
Slovakia,SVK,2012,14460946
Slovakia,SVK,2013,14152968
Slovakia,SVK,2014,13965869
Slovakia,SVK,2015,13796648
Slovakia,SVK,2016,13700830
Slovakia,SVK,2017,14158293
Slovakia,SVK,2018,14095358
Slovakia,SVK,2019,11674300
Slovakia,SVK,2020,9853782
Slovakia,SVK,2021,12076299
Slovakia,SVK,2022,9925771
Slovakia,SVK,2023,10151695
Slovakia,SVK,2024,8203185
Slovenia,SVN,1885,3737
Slovenia,SVN,1890,11211
Slovenia,SVN,1891,13080
Slovenia,SVN,1892,14481
Slovenia,SVN,1893,25692
Slovenia,SVN,1894,49048
Slovenia,SVN,1895,49048
Slovenia,SVN,1896,54654
Slovenia,SVN,1897,42509
Slovenia,SVN,1898,64464.004
Slovenia,SVN,1899,75208
Slovenia,SVN,1900,101834
Slovenia,SVN,1901,111176
Slovenia,SVN,1902,104169
Slovenia,SVN,1903,113045
Slovenia,SVN,1904,120519
Slovenia,SVN,1905,130796
Slovenia,SVN,1906,156488
Slovenia,SVN,1907,159290
Slovenia,SVN,1908,171436
Slovenia,SVN,1909,176107
Slovenia,SVN,1910,174238
Slovenia,SVN,1911,188719
Slovenia,SVN,1912,193391
Slovenia,SVN,1913,531124
Slovenia,SVN,1919,380709
Slovenia,SVN,1920,505432
Slovenia,SVN,1921,538131
Slovenia,SVN,1922,726065
Slovenia,SVN,1923,798621
Slovenia,SVN,1924,818311
Slovenia,SVN,1925,884439
Slovenia,SVN,1926,850759
Slovenia,SVN,1927,957181
Slovenia,SVN,1928,1015861.06
Slovenia,SVN,1929,1192532
Slovenia,SVN,1930,1079290
Slovenia,SVN,1931,970080
Slovenia,SVN,1932,862980
Slovenia,SVN,1933,796964
Slovenia,SVN,1934,840131
Slovenia,SVN,1935,881927
Slovenia,SVN,1936,855039
Slovenia,SVN,1937,982344
Slovenia,SVN,1938,1013888.94
Slovenia,SVN,1939,1072609
Slovenia,SVN,1940,1312627
Slovenia,SVN,1943,0
Slovenia,SVN,1944,0
Slovenia,SVN,1945,633108
Slovenia,SVN,1946,1233265
Slovenia,SVN,1947,1671010
Slovenia,SVN,1948,1905320
Slovenia,SVN,1949,2168901
Slovenia,SVN,1950,1780228
Slovenia,SVN,1951,1679978
Slovenia,SVN,1952,1751386
Slovenia,SVN,1953,1596785
Slovenia,SVN,1954,1954436
Slovenia,SVN,1955,2282635
Slovenia,SVN,1956,2632401
Slovenia,SVN,1957,2792935
Slovenia,SVN,1958,2710706
Slovenia,SVN,1959,3085426
Slovenia,SVN,1960,3299525
Slovenia,SVN,1961,3495021
Slovenia,SVN,1962,3505431
Slovenia,SVN,1963,3835870
Slovenia,SVN,1964,4264475
Slovenia,SVN,1965,4059115
Slovenia,SVN,1966,3742435
Slovenia,SVN,1967,3275034
Slovenia,SVN,1968,3206386
Slovenia,SVN,1969,3136097
Slovenia,SVN,1970,4035715
Slovenia,SVN,1971,4531724
Slovenia,SVN,1972,4247125
Slovenia,SVN,1973,3936288
Slovenia,SVN,1974,4057868
Slovenia,SVN,1975,4413252
Slovenia,SVN,1976,4343650
Slovenia,SVN,1977,4025331
Slovenia,SVN,1978,4042810
Slovenia,SVN,1979,4196579
Slovenia,SVN,1980,4073572.2
Slovenia,SVN,1981,6118559
Slovenia,SVN,1982,5101066
Slovenia,SVN,1983,5924432
Slovenia,SVN,1984,6631897
Slovenia,SVN,1985,6864949
Slovenia,SVN,1986,6911202
Slovenia,SVN,1987,6766732
Slovenia,SVN,1988,6775891
Slovenia,SVN,1989,6930206
Slovenia,SVN,1990,7127529
Slovenia,SVN,1991,6359532
Slovenia,SVN,1992,6818207
Slovenia,SVN,1993,6298279
Slovenia,SVN,1994,5965098
Slovenia,SVN,1995,6070313
Slovenia,SVN,1996,5590628
Slovenia,SVN,1997,6021695
Slovenia,SVN,1998,6180707
Slovenia,SVN,1999,5562565
Slovenia,SVN,2000,5819048
Slovenia,SVN,2001,6487862
Slovenia,SVN,2002,6897399
Slovenia,SVN,2003,6484226
Slovenia,SVN,2004,6685966
Slovenia,SVN,2005,6649171
Slovenia,SVN,2006,6696687
Slovenia,SVN,2007,6941345
Slovenia,SVN,2008,6679762
Slovenia,SVN,2009,6141165
Slovenia,SVN,2010,6283570
Slovenia,SVN,2011,6326528
Slovenia,SVN,2012,5992192
Slovenia,SVN,2013,5740609
Slovenia,SVN,2014,4505375
Slovenia,SVN,2015,4615338
Slovenia,SVN,2016,4963894
Slovenia,SVN,2017,4906708
Slovenia,SVN,2018,4792092
Slovenia,SVN,2019,4530239
Slovenia,SVN,2020,4391146
Slovenia,SVN,2021,3990399
Slovenia,SVN,2022,3242197
Slovenia,SVN,2023,3100885
Slovenia,SVN,2024,3755461
South Africa,ZAF,1884,21984
South Africa,ZAF,1885,36640
South Africa,ZAF,1886,47632
South Africa,ZAF,1887,47632
South Africa,ZAF,1888,80608
South Africa,ZAF,1889,131904
South Africa,ZAF,1890,296784
South Africa,ZAF,1891,296784
South Africa,ZAF,1892,479984
South Africa,ZAF,1893,1799024
South Africa,ZAF,1894,2432896
South Africa,ZAF,1895,3337904
South Africa,ZAF,1896,4257568
South Africa,ZAF,1897,4777856
South Africa,ZAF,1898,6049264
South Africa,ZAF,1899,5517984
South Africa,ZAF,1900,2330304
South Africa,ZAF,1901,3909488
South Africa,ZAF,1902,5825760
South Africa,ZAF,1903,7782336
South Africa,ZAF,1904,8767952
South Africa,ZAF,1905,10028368
South Africa,ZAF,1906,11464656
South Africa,ZAF,1907,12651792
South Africa,ZAF,1908,13007200
South Africa,ZAF,1909,14974768
South Africa,ZAF,1910,16978976
South Africa,ZAF,1911,16341440
South Africa,ZAF,1912,17349040
South Africa,ZAF,1913,18983184
South Africa,ZAF,1914,18400608
South Africa,ZAF,1915,18510528
South Africa,ZAF,1916,21811792
South Africa,ZAF,1917,23339680
South Africa,ZAF,1918,22222160
South Africa,ZAF,1919,23138160
South Africa,ZAF,1920,25666320
South Africa,ZAF,1921,25413504
South Africa,ZAF,1922,21786144
South Africa,ZAF,1923,26443088
South Africa,ZAF,1924,27776784
South Africa,ZAF,1925,28952928
South Africa,ZAF,1926,30429520
South Africa,ZAF,1927,29561152
South Africa,ZAF,1928,29623440
South Africa,ZAF,1929,30590736
South Africa,ZAF,1930,28722096
South Africa,ZAF,1931,25567392
South Africa,ZAF,1932,23314032
South Africa,ZAF,1933,25179008
South Africa,ZAF,1934,28656116
South Africa,ZAF,1935,31895120
South Africa,ZAF,1936,34877616
South Africa,ZAF,1937,36401840
South Africa,ZAF,1938,38266816
South Africa,ZAF,1939,39688450
South Africa,ZAF,1940,41106416
South Africa,ZAF,1941,43894720
South Africa,ZAF,1942,47954430
South Africa,ZAF,1943,48309876
South Africa,ZAF,1944,54014690
South Africa,ZAF,1945,55348384
South Africa,ZAF,1946,55461970
South Africa,ZAF,1947,55216480
South Africa,ZAF,1948,56451250
South Africa,ZAF,1949,59913690
South Africa,ZAF,1950,55054910
South Africa,ZAF,1951,58455080
South Africa,ZAF,1952,63852530
South Africa,ZAF,1953,63863520
South Africa,ZAF,1954,66036660
South Africa,ZAF,1955,74144320
South Africa,ZAF,1956,77515990
South Africa,ZAF,1957,80336860
South Africa,ZAF,1958,85711950
South Africa,ZAF,1959,84521150
South Africa,ZAF,1960,87441360
South Africa,ZAF,1961,90471490
South Africa,ZAF,1962,93263460
South Africa,ZAF,1963,96605020
South Africa,ZAF,1964,102551700
South Africa,ZAF,1965,111099810
South Africa,ZAF,1966,109047970
South Africa,ZAF,1967,112906160
South Africa,ZAF,1968,118475440
South Africa,ZAF,1969,120710480
South Africa,ZAF,1970,123898160
South Africa,ZAF,1971,133428220
South Africa,ZAF,1972,137868270
South Africa,ZAF,1973,137242450
South Africa,ZAF,1974,140349520
South Africa,ZAF,1975,144475180
South Africa,ZAF,1976,151762880
South Africa,ZAF,1977,158599900
South Africa,ZAF,1978,161542100
South Africa,ZAF,1979,179983000
South Africa,ZAF,1980,194063220
South Africa,ZAF,1981,218150350
South Africa,ZAF,1982,230758060
South Africa,ZAF,1983,239827120
South Africa,ZAF,1984,264778960
South Africa,ZAF,1985,273532260
South Africa,ZAF,1986,280299100
South Africa,ZAF,1987,283985660
South Africa,ZAF,1988,293673280
South Africa,ZAF,1989,283956320
South Africa,ZAF,1990,265101380
South Africa,ZAF,1991,277716540
South Africa,ZAF,1992,259671360
South Africa,ZAF,1993,289730800
South Africa,ZAF,1994,299205900
South Africa,ZAF,1995,319548400
South Africa,ZAF,1996,324110100
South Africa,ZAF,1997,333288420
South Africa,ZAF,1998,325832200
South Africa,ZAF,1999,336725250
South Africa,ZAF,2000,337908740
South Africa,ZAF,2001,337670560
South Africa,ZAF,2002,325506400
South Africa,ZAF,2003,357441540
South Africa,ZAF,2004,384100770
South Africa,ZAF,2005,376721500
South Africa,ZAF,2006,381990340
South Africa,ZAF,2007,392158500
South Africa,ZAF,2008,418274900
South Africa,ZAF,2009,390663650
South Africa,ZAF,2010,406923840
South Africa,ZAF,2011,400453800
South Africa,ZAF,2012,398009340
South Africa,ZAF,2013,392344800
South Africa,ZAF,2014,413196060
South Africa,ZAF,2015,387494200
South Africa,ZAF,2016,384489150
South Africa,ZAF,2017,369902800
South Africa,ZAF,2018,384221700
South Africa,ZAF,2019,405223740
South Africa,ZAF,2020,374003300
South Africa,ZAF,2021,366528220
South Africa,ZAF,2022,357019700
South Africa,ZAF,2023,363604000
South Africa,ZAF,2024,371358140
South America,,1844,24171
South America,,1845,36046
South America,,1846,45661
South America,,1847,55846
South America,,1848,63594
South America,,1849,116034
South America,,1850,94126
South America,,1851,110448
South America,,1852,180875
South America,,1853,116529
South America,,1854,5389
South America,,1855,150900
South America,,1856,556694
South America,,1857,880976
South America,,1858,962943
South America,,1859,758669
South America,,1860,1033002
South America,,1861,950494
South America,,1862,877144
South America,,1863,962480
South America,,1864,1182042
South America,,1865,1383061
South America,,1866,1886320
South America,,1867,2003559
South America,,1868,2330022
South America,,1869,2088179
South America,,1870,2135154
South America,,1871,2261620
South America,,1872,3012619
South America,,1873,3308867
South America,,1874,3742494
South America,,1875,3243613
South America,,1876,3202210
South America,,1877,2987233
South America,,1878,2919186
South America,,1879,3020111
South America,,1880,3453197
South America,,1881,3751238
South America,,1882,3832123
South America,,1883,4075048
South America,,1884,4629235
South America,,1885,4825879
South America,,1886,4522992
South America,,1887,5242919
South America,,1888,6379763
South America,,1889,7530895
South America,,1890,6318844
South America,,1891,6536372
South America,,1892,6661799
South America,,1893,6678073
South America,,1894,8361178
South America,,1895,8507961
South America,,1896,9176740
South America,,1897,8521397
South America,,1898,9124569
South America,,1899,9545158
South America,,1900,8815339
South America,,1901,9524947
South America,,1902,10190720
South America,,1903,10379260
South America,,1904,10808613
South America,,1905,12612613
South America,,1906,15292845
South America,,1907,17403756
South America,,1908,18316392
South America,,1909,17854870
South America,,1910,20145056
South America,,1911,23349736
South America,,1912,23990740
South America,,1913,25062674
South America,,1914,20652090
South America,,1915,14308280
South America,,1916,13100343
South America,,1917,11397330
South America,,1918,9887816
South America,,1919,11776759
South America,,1920,14103181
South America,,1921,12746203
South America,,1922,13658934
South America,,1923,15487136
South America,,1924,19034400
South America,,1925,18046520
South America,,1926,17513238
South America,,1927,19763380
South America,,1928,18733196
South America,,1929,19811996
South America,,1930,18665482
South America,,1931,15755169
South America,,1932,14804853
South America,,1933,16401857
South America,,1934,17710292
South America,,1935,18243400
South America,,1936,19351808
South America,,1937,21113030
South America,,1938,20842082
South America,,1939,18809856
South America,,1940,18304562
South America,,1941,15981251
South America,,1942,14632494
South America,,1943,15708294
South America,,1944,15088322
South America,,1945,16447881
South America,,1946,18137100
South America,,1947,19801532
South America,,1948,21431896
South America,,1949,18123660
South America,,1950,18745784
South America,,1951,21089464
South America,,1952,19562928
South America,,1953,18103420
South America,,1954,19582792
South America,,1955,19909520
South America,,1956,20221444
South America,,1957,19207634
South America,,1958,19613370
South America,,1959,19307836
South America,,1960,20686786
South America,,1961,20526076
South America,,1962,21050264
South America,,1963,21429294
South America,,1964,21806196
South America,,1965,22097008
South America,,1966,22708522
South America,,1967,24742488
South America,,1968,25105098
South America,,1969,26963096
South America,,1970,24293472
South America,,1971,24722458
South America,,1972,24427644
South America,,1973,26061288
South America,,1974,27167226
South America,,1975,28556684
South America,,1976,28791346
South America,,1977,32800880
South America,,1978,36291496
South America,,1979,38790440
South America,,1980,39611110
South America,,1981,39149730
South America,,1982,39522770
South America,,1983,43331096
South America,,1984,49412776
South America,,1985,55942372
South America,,1986,56857920
South America,,1987,62712940
South America,,1988,65178870
South America,,1989,68640490
South America,,1990,66532476
South America,,1991,68493970
South America,,1992,67543570
South America,,1993,69189660
South America,,1994,72128600
South America,,1995,75088710
South America,,1996,77781390
South America,,1997,82052984
South America,,1998,83094890
South America,,1999,79242080
South America,,2000,79546744
South America,,2001,73066880
South America,,2002,71574160
South America,,2003,76896550
South America,,2004,76967150
South America,,2005,78636536
South America,,2006,80194150
South America,,2007,83802080
South America,,2008,90679570
South America,,2009,75327016
South America,,2010,93965960
South America,,2011,104611600
South America,,2012,103607390
South America,,2013,116280780
South America,,2014,119223840
South America,,2015,123528020
South America,,2016,116857000
South America,,2017,115330240
South America,,2018,111410320
South America,,2019,121718830
South America,,2020,106800810
South America,,2021,119165360
South America,,2022,101646120
South America,,2023,93438744
South America,,2024,89978730
South Korea,KOR,1905,771
South Korea,KOR,1909,8292
South Korea,KOR,1910,10413
South Korea,KOR,1911,12342
South Korea,KOR,1912,15427
South Korea,KOR,1913,17934
South Korea,KOR,1914,25648
South Korea,KOR,1915,32012
South Korea,KOR,1916,26612
South Korea,KOR,1918,26227
South Korea,KOR,1919,31048
South Korea,KOR,1920,40304
South Korea,KOR,1921,43389
South Korea,KOR,1922,44354
South Korea,KOR,1923,53032
South Korea,KOR,1924,55731
South Korea,KOR,1925,88900
South Korea,KOR,1926,95457
South Korea,KOR,1927,98928
South Korea,KOR,1928,113970
South Korea,KOR,1929,130940.01
South Korea,KOR,1930,123419
South Korea,KOR,1931,130747.01
South Korea,KOR,1932,154081
South Korea,KOR,1933,181657
South Korea,KOR,1934,235846
South Korea,KOR,1935,272100
South Korea,KOR,1936,318759
South Korea,KOR,1937,339586
South Korea,KOR,1938,477477
South Korea,KOR,1939,592016
South Korea,KOR,1940,801645
South Korea,KOR,1941,859883
South Korea,KOR,1942,956111
South Korea,KOR,1943,920042
South Korea,KOR,1944,984454
South Korea,KOR,1946,483620
South Korea,KOR,1947,890322
South Korea,KOR,1948,1663456
South Korea,KOR,1949,2165424
South Korea,KOR,1950,1678959
South Korea,KOR,1951,2363280
South Korea,KOR,1952,2780976
South Korea,KOR,1953,3663196
South Korea,KOR,1954,4067040
South Korea,KOR,1955,5294480
South Korea,KOR,1956,6096896
South Korea,KOR,1957,6697792
South Korea,KOR,1958,7173365
South Korea,KOR,1959,8892528
South Korea,KOR,1960,10240208
South Korea,KOR,1961,11900672
South Korea,KOR,1962,13919536
South Korea,KOR,1963,16770878
South Korea,KOR,1964,18331630
South Korea,KOR,1965,19635376
South Korea,KOR,1966,22526272
South Korea,KOR,1967,23411738
South Korea,KOR,1968,20045744
South Korea,KOR,1969,20031088
South Korea,KOR,1970,23282642
South Korea,KOR,1971,23541200
South Korea,KOR,1972,24517998
South Korea,KOR,1973,28762400
South Korea,KOR,1974,29537736
South Korea,KOR,1975,30678672
South Korea,KOR,1976,33796736
South Korea,KOR,1977,37061360
South Korea,KOR,1978,36350544
South Korea,KOR,1979,46001520
South Korea,KOR,1980,49423696
South Korea,KOR,1981,59926824
South Korea,KOR,1982,60570180
South Korea,KOR,1983,64558052
South Korea,KOR,1984,77640904
South Korea,KOR,1985,87829010
South Korea,KOR,1986,91148650
South Korea,KOR,1987,92276264
South Korea,KOR,1988,98915260
South Korea,KOR,1989,96027960
South Korea,KOR,1990,94307990
South Korea,KOR,1991,94093880
South Korea,KOR,1992,91320430
South Korea,KOR,1993,99619864
South Korea,KOR,1994,101801470
South Korea,KOR,1995,105299910
South Korea,KOR,1996,122689420
South Korea,KOR,1997,133312910
South Korea,KOR,1998,137598380
South Korea,KOR,1999,145634740
South Korea,KOR,2000,163883140
South Korea,KOR,2001,174625620
South Korea,KOR,2002,187636530
South Korea,KOR,2003,195319070
South Korea,KOR,2004,203137980
South Korea,KOR,2005,209293470
South Korea,KOR,2006,216428260
South Korea,KOR,2007,228427150
South Korea,KOR,2008,253041250
South Korea,KOR,2009,262394530
South Korea,KOR,2010,295050340
South Korea,KOR,2011,320169100
South Korea,KOR,2012,316989860
South Korea,KOR,2013,320643620
South Korea,KOR,2014,331303870
South Korea,KOR,2015,335411300
South Korea,KOR,2016,320697340
South Korea,KOR,2017,337668770
South Korea,KOR,2018,340347600
South Korea,KOR,2019,321606080
South Korea,KOR,2020,282883420
South Korea,KOR,2021,283908350
South Korea,KOR,2022,272883970
South Korea,KOR,2023,263885950
South Korea,KOR,2024,247465040
South Sudan,SSD,1950,10950
South Sudan,SSD,1951,12080
South Sudan,SSD,1952,9563
South Sudan,SSD,1953,13724
South Sudan,SSD,1954,5426
South Sudan,SSD,1955,10180
South Sudan,SSD,1956,5631
South Sudan,SSD,1957,6675
South Sudan,SSD,1958,9814
South Sudan,SSD,1959,6469
South Sudan,SSD,1960,2530
South Sudan,SSD,1961,3337
South Sudan,SSD,1962,1955
South Sudan,SSD,1963,3916
South Sudan,SSD,1964,0
South Sudan,SSD,1965,1370
South Sudan,SSD,1966,274
South Sudan,SSD,1967,275
South Sudan,SSD,1968,276
South Sudan,SSD,1969,275
South Sudan,SSD,1970,274
South Sudan,SSD,1971,274
South Sudan,SSD,1972,0
South Sudan,SSD,1973,274
South Sudan,SSD,1974,0
South Sudan,SSD,1975,0
South Sudan,SSD,1976,0
South Sudan,SSD,1977,0
South Sudan,SSD,1978,0
South Sudan,SSD,1979,0
South Sudan,SSD,1980,0
South Sudan,SSD,1981,0
South Sudan,SSD,1982,0
South Sudan,SSD,1983,0
South Sudan,SSD,1984,0
South Sudan,SSD,1985,0
South Sudan,SSD,1986,0
South Sudan,SSD,1987,0
South Sudan,SSD,1988,0
South Sudan,SSD,1989,0
South Sudan,SSD,1990,0
South Sudan,SSD,1991,0
South Sudan,SSD,1992,0
South Sudan,SSD,1993,0
South Sudan,SSD,1994,0
South Sudan,SSD,1995,0
South Sudan,SSD,1996,0
South Sudan,SSD,1997,0
South Sudan,SSD,1998,0
South Sudan,SSD,1999,0
South Sudan,SSD,2000,0
South Sudan,SSD,2001,0
South Sudan,SSD,2002,0
South Sudan,SSD,2003,0
South Sudan,SSD,2004,0
South Sudan,SSD,2005,0
South Sudan,SSD,2006,0
South Sudan,SSD,2007,0
South Sudan,SSD,2008,0
South Sudan,SSD,2009,0
South Sudan,SSD,2010,0
South Sudan,SSD,2011,0
Spain,ESP,1830,3664
Spain,ESP,1831,3664
Spain,ESP,1832,3664
Spain,ESP,1833,3664
Spain,ESP,1834,3664
Spain,ESP,1835,3664
Spain,ESP,1836,21984
Spain,ESP,1837,36640
Spain,ESP,1838,25648
Spain,ESP,1839,47632
Spain,ESP,1840,36640
Spain,ESP,1841,102592
Spain,ESP,1842,142896
Spain,ESP,1843,172208
Spain,ESP,1844,201520
Spain,ESP,1845,274800
Spain,ESP,1846,282128
Spain,ESP,1847,260144
Spain,ESP,1848,293120
Spain,ESP,1849,326096
Spain,ESP,1850,494640
Spain,ESP,1851,509296
Spain,ESP,1852,534944
Spain,ESP,1853,652192
Spain,ESP,1854,549600
Spain,ESP,1855,553264
Spain,ESP,1856,754784
Spain,ESP,1857,850048
Spain,ESP,1858,1150496
Spain,ESP,1859,1630480
Spain,ESP,1860,1930928
Spain,ESP,1861,2004208.1
Spain,ESP,1862,2187408
Spain,ESP,1863,2432896
Spain,ESP,1864,2333968
Spain,ESP,1865,2304656
Spain,ESP,1866,2290000
Spain,ESP,1867,2557472
Spain,ESP,1868,2660064
Spain,ESP,1869,2634416
Spain,ESP,1870,3066768
Spain,ESP,1871,2934864
Spain,ESP,1872,3253632
Spain,ESP,1873,3132720
Spain,ESP,1874,3110736
Spain,ESP,1875,3279280
Spain,ESP,1876,3565076
Spain,ESP,1877,3770256
Spain,ESP,1878,3748279
Spain,ESP,1879,3938800
Spain,ESP,1880,4338176
Spain,ESP,1881,4788848
Spain,ESP,1882,5276160
Spain,ESP,1883,5778128
Spain,ESP,1884,5734160
Spain,ESP,1885,5583936
Spain,ESP,1886,5954084
Spain,ESP,1887,6008960
Spain,ESP,1888,6254346
Spain,ESP,1889,6719831
Spain,ESP,1890,7181440
Spain,ESP,1891,7771344
Spain,ESP,1892,8159728
Spain,ESP,1893,7950880
Spain,ESP,1894,8599408
Spain,ESP,1895,8467504
Spain,ESP,1896,9181984
Spain,ESP,1897,9438464
Spain,ESP,1898,9269960
Spain,ESP,1899,10552320
Spain,ESP,1900,11087264
Spain,ESP,1901,11695488
Spain,ESP,1902,12230432
Spain,ESP,1903,12076544
Spain,ESP,1904,12904608
Spain,ESP,1905,13483520
Spain,ESP,1906,13710688
Spain,ESP,1907,14018464
Spain,ESP,1908,14696304
Spain,ESP,1909,15048048
Spain,ESP,1910,14798896
Spain,ESP,1911,14626688
Spain,ESP,1912,15883440
Spain,ESP,1913,17253776
Spain,ESP,1914,17037600
Spain,ESP,1915,14993088
Spain,ESP,1916,17447968
Spain,ESP,1917,15535360
Spain,ESP,1918,16455025
Spain,ESP,1919,15535450
Spain,ESP,1920,13461536
Spain,ESP,1921,14322576
Spain,ESP,1922,14469252
Spain,ESP,1923,16740816
Spain,ESP,1924,17722768
Spain,ESP,1925,18323524
Spain,ESP,1926,17513920
Spain,ESP,1927,20225488
Spain,ESP,1928,19485152
Spain,ESP,1929,21654240
Spain,ESP,1930,20562846
Spain,ESP,1931,19184704
Spain,ESP,1932,17905968
Spain,ESP,1933,15667264
Spain,ESP,1934,16385408
Spain,ESP,1935,18730368
Spain,ESP,1936,7416227
Spain,ESP,1937,4796176
Spain,ESP,1938,12655456
Spain,ESP,1939,14802560
Spain,ESP,1940,20452448
Spain,ESP,1941,20470768
Spain,ESP,1942,21943696
Spain,ESP,1943,22665504
Spain,ESP,1944,24497688
Spain,ESP,1945,25087408
Spain,ESP,1946,25021456
Spain,ESP,1947,24383920
Spain,ESP,1948,25468464
Spain,ESP,1949,27359950
Spain,ESP,1950,26490720
Spain,ESP,1951,26391792
Spain,ESP,1952,29110480
Spain,ESP,1953,30077776
Spain,ESP,1954,30048464
Spain,ESP,1955,29591436
Spain,ESP,1956,29579472
Spain,ESP,1957,33441326
Spain,ESP,1958,36145360
Spain,ESP,1959,32759822
Spain,ESP,1960,31793810
Spain,ESP,1961,33576896
Spain,ESP,1962,34514880
Spain,ESP,1963,34478240
Spain,ESP,1964,32543648
Spain,ESP,1965,34470910
Spain,ESP,1966,31920768
Spain,ESP,1967,32140610
Spain,ESP,1968,32724418
Spain,ESP,1969,32786712
Spain,ESP,1970,36376190
Spain,ESP,1971,35130430
Spain,ESP,1972,36182000
Spain,ESP,1973,35119440
Spain,ESP,1974,36749920
Spain,ESP,1975,41143056
Spain,ESP,1976,40616190
Spain,ESP,1977,44356384
Spain,ESP,1978,36230292
Spain,ESP,1979,42153560
Spain,ESP,1980,49252330
Spain,ESP,1981,56762690
Spain,ESP,1982,66292756
Spain,ESP,1983,69359520
Spain,ESP,1984,69557380
Spain,ESP,1985,75020400
Spain,ESP,1986,73450790
Spain,ESP,1987,70326820
Spain,ESP,1988,60995732
Spain,ESP,1989,75434430
Spain,ESP,1990,79031736
Spain,ESP,1991,81631016
Spain,ESP,1992,84817420
Spain,ESP,1993,81631656
Spain,ESP,1994,82225340
Spain,ESP,1995,85123730
Spain,ESP,1996,71958810
Spain,ESP,1997,74569780
Spain,ESP,1998,72719736
Spain,ESP,1999,82675520
Spain,ESP,2000,87404296
Spain,ESP,2001,80275870
Spain,ESP,2002,89976530
Spain,ESP,2003,83433440
Spain,ESP,2004,86471860
Spain,ESP,2005,86873390
Spain,ESP,2006,77170616
Spain,ESP,2007,83695736
Spain,ESP,2008,58726310
Spain,ESP,2009,44668460
Spain,ESP,2010,35996900
Spain,ESP,2011,53685244
Spain,ESP,2012,62625732
Spain,ESP,2013,48724268
Spain,ESP,2014,53620924
Spain,ESP,2015,61245884
Spain,ESP,2016,45477588
Spain,ESP,2017,53499160
Spain,ESP,2018,47904416
Spain,ESP,2019,23527954
Spain,ESP,2020,14229510
Spain,ESP,2021,16010509
Spain,ESP,2022,17703386
Spain,ESP,2023,12536197
Spain,ESP,2024,11298894
Sri Lanka,LKA,1950,995185
Sri Lanka,LKA,1951,641200
Sri Lanka,LKA,1952,1002042.06
Sri Lanka,LKA,1953,1033247.94
Sri Lanka,LKA,1954,769440
Sri Lanka,LKA,1955,508176.97
Sri Lanka,LKA,1956,395712
Sri Lanka,LKA,1957,752308
Sri Lanka,LKA,1958,471769
Sri Lanka,LKA,1959,469829
Sri Lanka,LKA,1960,688832
Sri Lanka,LKA,1961,373728
Sri Lanka,LKA,1962,377392
Sri Lanka,LKA,1963,388384
Sri Lanka,LKA,1964,468992
Sri Lanka,LKA,1965,370064
Sri Lanka,LKA,1966,84272
Sri Lanka,LKA,1967,370064
Sri Lanka,LKA,1968,113584
Sri Lanka,LKA,1969,62288
Sri Lanka,LKA,1970,58624
Sri Lanka,LKA,1971,36640
Sri Lanka,LKA,1972,3664
Sri Lanka,LKA,1973,21962
Sri Lanka,LKA,1974,21957
Sri Lanka,LKA,1975,10992
Sri Lanka,LKA,1976,10992
Sri Lanka,LKA,1977,3659
Sri Lanka,LKA,1978,29312
Sri Lanka,LKA,1979,3664
Sri Lanka,LKA,1980,3664
Sri Lanka,LKA,1981,3667
Sri Lanka,LKA,1982,87936
Sri Lanka,LKA,1983,76944
Sri Lanka,LKA,1984,7328
Sri Lanka,LKA,1985,7328
Sri Lanka,LKA,1986,3664
Sri Lanka,LKA,1987,0
Sri Lanka,LKA,1988,0
Sri Lanka,LKA,1989,3664
Sri Lanka,LKA,1990,3661
Sri Lanka,LKA,1991,7328
Sri Lanka,LKA,1992,3664
Sri Lanka,LKA,1993,3664
Sri Lanka,LKA,1994,7328
Sri Lanka,LKA,1995,3664
Sri Lanka,LKA,1996,3666
Sri Lanka,LKA,1997,7328
Sri Lanka,LKA,1998,3664
Sri Lanka,LKA,1999,3666
Sri Lanka,LKA,2000,3665
Sri Lanka,LKA,2001,3664
Sri Lanka,LKA,2002,3664
Sri Lanka,LKA,2003,230832
Sri Lanka,LKA,2004,230832
Sri Lanka,LKA,2005,230832
Sri Lanka,LKA,2006,227168
Sri Lanka,LKA,2007,161264
Sri Lanka,LKA,2008,219840
Sri Lanka,LKA,2009,223441
Sri Lanka,LKA,2010,227168
Sri Lanka,LKA,2011,1132453
Sri Lanka,LKA,2012,1919936
Sri Lanka,LKA,2013,2019372
Sri Lanka,LKA,2014,3877325
Sri Lanka,LKA,2015,5217536
Sri Lanka,LKA,2016,5524433
Sri Lanka,LKA,2017,5722253
Sri Lanka,LKA,2018,5529950
Sri Lanka,LKA,2019,5902704
Sri Lanka,LKA,2020,7093504
Sri Lanka,LKA,2021,6184832
Sri Lanka,LKA,2022,5881795
Sri Lanka,LKA,2023,5281565
Sri Lanka,LKA,2024,6231928
Sudan,SDN,1950,134699
Sudan,SDN,1951,149209
Sudan,SDN,1952,118743
Sudan,SDN,1953,169560
Sudan,SDN,1954,67899
Sudan,SDN,1955,121745
Sudan,SDN,1956,67663
Sudan,SDN,1957,81288
Sudan,SDN,1958,118089
Sudan,SDN,1959,77820
Sudan,SDN,1960,30363
Sudan,SDN,1961,40645
Sudan,SDN,1962,23700
Sudan,SDN,1963,47393
Sudan,SDN,1964,0
Sudan,SDN,1965,16959
Sudan,SDN,1966,3386
Sudan,SDN,1967,3391
Sudan,SDN,1968,3390
Sudan,SDN,1969,3391
Sudan,SDN,1970,3392
Sudan,SDN,1971,3391
Sudan,SDN,1972,0
Sudan,SDN,1973,3391
Sudan,SDN,1974,0
Sudan,SDN,1975,0
Sudan,SDN,1976,0
Sudan,SDN,1977,0
Sudan,SDN,1978,0
Sudan,SDN,1979,0
Sudan,SDN,1980,0
Sudan,SDN,1981,0
Sudan,SDN,1982,0
Sudan,SDN,1983,0
Sudan,SDN,1984,0
Sudan,SDN,1985,0
Sudan,SDN,1986,0
Sudan,SDN,1987,0
Sudan,SDN,1988,0
Sudan,SDN,1989,0
Sudan,SDN,1990,0
Sudan,SDN,1991,0
Sudan,SDN,1992,0
Sudan,SDN,1993,0
Sudan,SDN,1994,0
Sudan,SDN,1995,0
Sudan,SDN,1996,0
Sudan,SDN,1997,0
Sudan,SDN,1998,0
Sudan,SDN,1999,0
Sudan,SDN,2000,0
Sudan,SDN,2001,0
Sudan,SDN,2002,0
Sudan,SDN,2003,0
Sudan,SDN,2004,0
Sudan,SDN,2005,0
Sudan,SDN,2006,0
Sudan,SDN,2007,0
Sudan,SDN,2008,0
Sudan,SDN,2009,0
Sudan,SDN,2010,0
Sudan,SDN,2011,0
Suriname,SUR,1950,3664
Suriname,SUR,1951,3664
Suriname,SUR,1952,7328
Suriname,SUR,1953,0
Suriname,SUR,1954,10992
Suriname,SUR,1955,3664
Suriname,SUR,1956,0
Suriname,SUR,1957,0
Suriname,SUR,1958,0
Suriname,SUR,1959,0
Suriname,SUR,1960,0
Suriname,SUR,1961,0
Suriname,SUR,1962,0
Suriname,SUR,1963,0
Suriname,SUR,1964,14568
Suriname,SUR,1965,21984
Suriname,SUR,1966,51296
Suriname,SUR,1967,43968
Suriname,SUR,1968,65952
Suriname,SUR,1969,69616
Suriname,SUR,1970,80608
Suriname,SUR,1971,84272
Suriname,SUR,1972,84272
Suriname,SUR,1973,91600
Suriname,SUR,1974,95264
Suriname,SUR,1975,87936
Suriname,SUR,1976,80608
Suriname,SUR,1977,80608
Suriname,SUR,1978,76944
Suriname,SUR,1979,76944
Suriname,SUR,1980,69509
Suriname,SUR,1981,55059
Suriname,SUR,1982,43968
Suriname,SUR,1983,43968
Suriname,SUR,1984,29312
Suriname,SUR,2002,0
Suriname,SUR,2003,0
Suriname,SUR,2004,0
Suriname,SUR,2005,0
Suriname,SUR,2006,0
Suriname,SUR,2007,0
Suriname,SUR,2008,0
Suriname,SUR,2009,0
Sweden,SWE,1834,32976
Sweden,SWE,1839,43968
Sweden,SWE,1840,40304
Sweden,SWE,1841,40304
Sweden,SWE,1842,80608
Sweden,SWE,1843,58624
Sweden,SWE,1844,98928
Sweden,SWE,1845,87936
Sweden,SWE,1846,80608
Sweden,SWE,1847,80608
Sweden,SWE,1848,139232
Sweden,SWE,1849,194192
Sweden,SWE,1850,201520
Sweden,SWE,1851,216176
Sweden,SWE,1852,216176
Sweden,SWE,1853,227168
Sweden,SWE,1854,337088
Sweden,SWE,1855,315104
Sweden,SWE,1856,476320
Sweden,SWE,1857,611888
Sweden,SWE,1858,512960.03
Sweden,SWE,1859,754784
Sweden,SWE,1860,751120
Sweden,SWE,1861,967296
Sweden,SWE,1862,985616
Sweden,SWE,1863,985616
Sweden,SWE,1864,1033247.94
Sweden,SWE,1865,1077216
Sweden,SWE,1866,1110180
Sweden,SWE,1867,1033234.94
Sweden,SWE,1868,1212784
Sweden,SWE,1869,1077216
Sweden,SWE,1870,1326368
Sweden,SWE,1871,1414351
Sweden,SWE,1872,1689104
Sweden,SWE,1873,1711088
Sweden,SWE,1874,1843049
Sweden,SWE,1875,2246079
Sweden,SWE,1876,2399876
Sweden,SWE,1877,2539152
Sweden,SWE,1878,2147104
Sweden,SWE,1879,2169088
Sweden,SWE,1880,2791968
Sweden,SWE,1881,2700368
Sweden,SWE,1882,3092416
Sweden,SWE,1883,3158435
Sweden,SWE,1884,3477136
Sweden,SWE,1885,3751936
Sweden,SWE,1886,3667664
Sweden,SWE,1887,3718879
Sweden,SWE,1888,4166037
Sweden,SWE,1889,4818160
Sweden,SWE,1890,4862066
Sweden,SWE,1891,5151495
Sweden,SWE,1892,5122272
Sweden,SWE,1893,5129600
Sweden,SWE,1894,5748727
Sweden,SWE,1895,5774464
Sweden,SWE,1896,5994304
Sweden,SWE,1897,6653824
Sweden,SWE,1898,7100931
Sweden,SWE,1899,8907184
Sweden,SWE,1900,8925504
Sweden,SWE,1901,8284303.5
Sweden,SWE,1902,8669024
Sweden,SWE,1903,9511744
Sweden,SWE,1904,10028368
Sweden,SWE,1905,9841620
Sweden,SWE,1906,10962688
Sweden,SWE,1907,12428387
Sweden,SWE,1908,13201392
Sweden,SWE,1909,12127714
Sweden,SWE,1910,12560192
Sweden,SWE,1911,12146160
Sweden,SWE,1912,13553136
Sweden,SWE,1913,15205600
Sweden,SWE,1914,14403293
Sweden,SWE,1915,14491120
Sweden,SWE,1916,15260444
Sweden,SWE,1917,6606192
Sweden,SWE,1918,7881264
Sweden,SWE,1919,7181202
Sweden,SWE,1920,9819520
Sweden,SWE,1921,5569280
Sweden,SWE,1922,9398160
Sweden,SWE,1923,11428219
Sweden,SWE,1924,13659392
Sweden,SWE,1925,11970288
Sweden,SWE,1926,11522984
Sweden,SWE,1927,16528303
Sweden,SWE,1928,14659664
Sweden,SWE,1929,17616512
Sweden,SWE,1930,16858064
Sweden,SWE,1931,16725731
Sweden,SWE,1932,16305277
Sweden,SWE,1933,16946000
Sweden,SWE,1934,18946544
Sweden,SWE,1935,19642704
Sweden,SWE,1936,21562640
Sweden,SWE,1937,24874896
Sweden,SWE,1938,21547984
Sweden,SWE,1939,24149424
Sweden,SWE,1940,16469681
Sweden,SWE,1941,14319089
Sweden,SWE,1942,12285392
Sweden,SWE,1943,14927347
Sweden,SWE,1944,11497632
Sweden,SWE,1945,3347925
Sweden,SWE,1946,11021312
Sweden,SWE,1947,14820880
Sweden,SWE,1948,19840560
Sweden,SWE,1949,16641888
Sweden,SWE,1950,17697120
Sweden,SWE,1951,19192032
Sweden,SWE,1952,18884256
Sweden,SWE,1953,15561008
Sweden,SWE,1954,14802560
Sweden,SWE,1955,14784240
Sweden,SWE,1956,13783968
Sweden,SWE,1957,11215504
Sweden,SWE,1958,10381016
Sweden,SWE,1959,10039360
Sweden,SWE,1960,10116304
Sweden,SWE,1961,9387168
Sweden,SWE,1962,8679396
Sweden,SWE,1963,8804592
Sweden,SWE,1964,8756429
Sweden,SWE,1965,7866608
Sweden,SWE,1966,7565778
Sweden,SWE,1967,7540512
Sweden,SWE,1968,6617496
Sweden,SWE,1969,6470898
Sweden,SWE,1970,6987248
Sweden,SWE,1971,6316736
Sweden,SWE,1972,5422720
Sweden,SWE,1973,5803776
Sweden,SWE,1974,5782057
Sweden,SWE,1975,7089840
Sweden,SWE,1976,6580271
Sweden,SWE,1977,5375088
Sweden,SWE,1978,5671611
Sweden,SWE,1979,6877328
Sweden,SWE,1980,6408009
Sweden,SWE,1981,5463024
Sweden,SWE,1982,6730768
Sweden,SWE,1983,7848288
Sweden,SWE,1984,9738912
Sweden,SWE,1985,11743120
Sweden,SWE,1986,11768768
Sweden,SWE,1987,11185505
Sweden,SWE,1988,11057952
Sweden,SWE,1989,10797095
Sweden,SWE,1990,11759305
Sweden,SWE,1991,11844697
Sweden,SWE,1992,11100149
Sweden,SWE,1993,11046306
Sweden,SWE,1994,11233016
Sweden,SWE,1995,11220591
Sweden,SWE,1996,12384104
Sweden,SWE,1997,10780400
Sweden,SWE,1998,11104492
Sweden,SWE,1999,10043213
Sweden,SWE,2000,10103796
Sweden,SWE,2001,10944055
Sweden,SWE,2002,11422111
Sweden,SWE,2003,11544638
Sweden,SWE,2004,11811064
Sweden,SWE,2005,10948507
Sweden,SWE,2006,10681264
Sweden,SWE,2007,10764770
Sweden,SWE,2008,10333575
Sweden,SWE,2009,7364700
Sweden,SWE,2010,10311096
Sweden,SWE,2011,9466627
Sweden,SWE,2012,8636577
Sweden,SWE,2013,8735945
Sweden,SWE,2014,8283949
Sweden,SWE,2015,8015628
Sweden,SWE,2016,8020532.5
Sweden,SWE,2017,8307308
Sweden,SWE,2018,8087211.5
Sweden,SWE,2019,8108272.5
Sweden,SWE,2020,6641079
Sweden,SWE,2021,6984026
Sweden,SWE,2022,6540152
Sweden,SWE,2023,6507952
Sweden,SWE,2024,6545659
Switzerland,CHE,1858,146560
Switzerland,CHE,1859,205184
Switzerland,CHE,1860,304112
Switzerland,CHE,1861,425024
Switzerland,CHE,1862,468992
Switzerland,CHE,1863,468992
Switzerland,CHE,1864,571584
Switzerland,CHE,1865,696160
Switzerland,CHE,1866,688832
Switzerland,CHE,1867,674176
Switzerland,CHE,1868,769440
Switzerland,CHE,1869,743792
Switzerland,CHE,1870,850048
Switzerland,CHE,1871,1044240
Switzerland,CHE,1872,1216448
Switzerland,CHE,1873,1154409
Switzerland,CHE,1874,1168816
Switzerland,CHE,1875,1231240
Switzerland,CHE,1876,1439817
Switzerland,CHE,1877,1363008
Switzerland,CHE,1878,1289906
Switzerland,CHE,1879,1381328
Switzerland,CHE,1880,1601168
Switzerland,CHE,1881,1483920
Switzerland,CHE,1882,1644957
Switzerland,CHE,1883,1828497
Switzerland,CHE,1884,1861312
Switzerland,CHE,1885,1960391
Switzerland,CHE,1886,1985888
Switzerland,CHE,1887,2154598
Switzerland,CHE,1888,2194736
Switzerland,CHE,1889,2422078
Switzerland,CHE,1890,2751664
Switzerland,CHE,1891,3385536
Switzerland,CHE,1892,3323248
Switzerland,CHE,1893,2715024
Switzerland,CHE,1894,3422176
Switzerland,CHE,1895,3674992
Switzerland,CHE,1896,4015744.2
Switzerland,CHE,1897,4239248
Switzerland,CHE,1898,4547024
Switzerland,CHE,1899,4909760
Switzerland,CHE,1900,5459220
Switzerland,CHE,1901,4964720
Switzerland,CHE,1902,5008688
Switzerland,CHE,1903,5444704
Switzerland,CHE,1904,5730496
Switzerland,CHE,1905,6016288
Switzerland,CHE,1906,6661152
Switzerland,CHE,1907,7756688
Switzerland,CHE,1908,7752908
Switzerland,CHE,1909,7818976
Switzerland,CHE,1910,7529520
Switzerland,CHE,1911,8342928
Switzerland,CHE,1912,8482160
Switzerland,CHE,1913,8984234
Switzerland,CHE,1914,8254991.5
Switzerland,CHE,1915,8786272
Switzerland,CHE,1916,8361248
Switzerland,CHE,1917,6023616
Switzerland,CHE,1918,5682864
Switzerland,CHE,1919,4605648
Switzerland,CHE,1920,7023888
Switzerland,CHE,1921,4334512
Switzerland,CHE,1922,5891712
Switzerland,CHE,1923,7382960
Switzerland,CHE,1924,6902976
Switzerland,CHE,1925,7265712
Switzerland,CHE,1926,7181440
Switzerland,CHE,1927,8079119.5
Switzerland,CHE,1928,8035152.5
Switzerland,CHE,1929,9185648
Switzerland,CHE,1930,8353458.5
Switzerland,CHE,1931,8727648
Switzerland,CHE,1932,8702000
Switzerland,CHE,1933,8397888
Switzerland,CHE,1934,8273311.5
Switzerland,CHE,1935,8192704
Switzerland,CHE,1936,8441856
Switzerland,CHE,1937,9258928
Switzerland,CHE,1938,8866880
Switzerland,CHE,1939,10548251
Switzerland,CHE,1940,7119152
Switzerland,CHE,1941,5932401
Switzerland,CHE,1942,5353410
Switzerland,CHE,1943,5770561
Switzerland,CHE,1944,4059712
Switzerland,CHE,1945,1326368
Switzerland,CHE,1946,4213600
Switzerland,CHE,1947,6745424
Switzerland,CHE,1948,6998240
Switzerland,CHE,1949,5360432
Switzerland,CHE,1950,6821141
Switzerland,CHE,1951,8548112
Switzerland,CHE,1952,7102182
Switzerland,CHE,1953,5858736
Switzerland,CHE,1954,7036501
Switzerland,CHE,1955,6957936
Switzerland,CHE,1956,8383232
Switzerland,CHE,1957,8832066
Switzerland,CHE,1958,6228800
Switzerland,CHE,1959,6060256
Switzerland,CHE,1960,6891984
Switzerland,CHE,1961,5994304
Switzerland,CHE,1962,6264489
Switzerland,CHE,1963,7423264
Switzerland,CHE,1964,5185235
Switzerland,CHE,1965,4436569
Switzerland,CHE,1966,3572815
Switzerland,CHE,1967,2758992
Switzerland,CHE,1968,2418240
Switzerland,CHE,1969,2322752
Switzerland,CHE,1970,2161957
Switzerland,CHE,1971,1469264
Switzerland,CHE,1972,1304384
Switzerland,CHE,1973,1242096
Switzerland,CHE,1974,1047904
Switzerland,CHE,1975,776768
Switzerland,CHE,1976,736531
Switzerland,CHE,1977,948891
Switzerland,CHE,1978,883024
Switzerland,CHE,1979,890352
Switzerland,CHE,1980,1289845
Switzerland,CHE,1981,1919936
Switzerland,CHE,1982,1872117
Switzerland,CHE,1983,1952912
Switzerland,CHE,1984,2004208.1
Switzerland,CHE,1985,2004023.1
Switzerland,CHE,1986,1721931
Switzerland,CHE,1987,1608496
Switzerland,CHE,1988,1388656
Switzerland,CHE,1989,1377792
Switzerland,CHE,1990,1466628
Switzerland,CHE,1991,1211279
Switzerland,CHE,1992,896490
Switzerland,CHE,1993,763480
Switzerland,CHE,1994,778221
Switzerland,CHE,1995,797068
Switzerland,CHE,1996,575500
Switzerland,CHE,1997,499929
Switzerland,CHE,1998,439439
Switzerland,CHE,1999,453229
Switzerland,CHE,2000,644585
Switzerland,CHE,2001,653786
Switzerland,CHE,2002,594316
Switzerland,CHE,2003,601893
Switzerland,CHE,2004,587733
Switzerland,CHE,2005,633297
Switzerland,CHE,2006,679503
Switzerland,CHE,2007,740519
Switzerland,CHE,2008,680894
Switzerland,CHE,2009,636285
Switzerland,CHE,2010,648868
Switzerland,CHE,2011,608218
Switzerland,CHE,2012,557434
Switzerland,CHE,2013,583454
Switzerland,CHE,2014,602492
Switzerland,CHE,2015,559674
Switzerland,CHE,2016,525239
Switzerland,CHE,2017,502926
Switzerland,CHE,2018,475212
Switzerland,CHE,2019,431415
Switzerland,CHE,2020,414135
Switzerland,CHE,2021,423473
Switzerland,CHE,2022,434471
Switzerland,CHE,2023,354334
Switzerland,CHE,2024,355305
Syria,SYR,1950,3697
Syria,SYR,1951,7328
Syria,SYR,1952,7328
Syria,SYR,1953,7328
Syria,SYR,1954,3687
Syria,SYR,1955,14656
Syria,SYR,1956,14656
Syria,SYR,1957,14656
Syria,SYR,1958,10992
Syria,SYR,1959,11010
Syria,SYR,1960,10992
Syria,SYR,1961,10992
Syria,SYR,1962,10979
Syria,SYR,1963,7328
Syria,SYR,1964,10992
Syria,SYR,1965,10992
Syria,SYR,1966,10992
Syria,SYR,1967,3664
Syria,SYR,1968,3664
Syria,SYR,1969,10992
Syria,SYR,1970,3666
Syria,SYR,1971,18320
Syria,SYR,1972,3666
Syria,SYR,1973,10987
Syria,SYR,1974,3664
Syria,SYR,1975,7328
Syria,SYR,1976,10989
Syria,SYR,1977,10989
Syria,SYR,1978,18320
Syria,SYR,1979,10990
Syria,SYR,1980,10992
Syria,SYR,1981,21984
Syria,SYR,1982,25652
Syria,SYR,1983,18322
Syria,SYR,1984,10991
Syria,SYR,1985,3664
Syria,SYR,1986,3664
Syria,SYR,1987,3664
Syria,SYR,1988,3664
Syria,SYR,1989,0
Syria,SYR,1990,0
Syria,SYR,1991,3664
Syria,SYR,1992,3664
Syria,SYR,1993,3664
Syria,SYR,1994,3664
Syria,SYR,1995,14656
Syria,SYR,1996,10993
Syria,SYR,1997,10992
Syria,SYR,1998,10992
Syria,SYR,1999,10992
Syria,SYR,2000,10991
Syria,SYR,2001,10992
Syria,SYR,2002,7328
Syria,SYR,2003,10992
Syria,SYR,2004,10991
Syria,SYR,2005,10991
Syria,SYR,2006,10991
Syria,SYR,2007,10992
Syria,SYR,2008,10992
Syria,SYR,2009,10991
Syria,SYR,2010,10992
Syria,SYR,2011,10992
Syria,SYR,2012,3664
Syria,SYR,2013,3664
Syria,SYR,2014,3664
Syria,SYR,2015,3664
Syria,SYR,2016,3664
Syria,SYR,2017,3664
Syria,SYR,2018,3664
Syria,SYR,2019,3664
Syria,SYR,2020,3664
Syria,SYR,2021,3664
Syria,SYR,2022,3664
Syria,SYR,2023,6161
Syria,SYR,2024,7278
Taiwan,TWN,1896,3664
Taiwan,TWN,1897,51296
Taiwan,TWN,1898,113584
Taiwan,TWN,1899,80608
Taiwan,TWN,1900,109920
Taiwan,TWN,1901,175872
Taiwan,TWN,1902,256480.02
Taiwan,TWN,1903,216176
Taiwan,TWN,1904,219840
Taiwan,TWN,1905,252815.98
Taiwan,TWN,1906,274800
Taiwan,TWN,1907,359072
Taiwan,TWN,1908,410368
Taiwan,TWN,1909,487312
Taiwan,TWN,1910,615552
Taiwan,TWN,1911,677840
Taiwan,TWN,1912,740128
Taiwan,TWN,1913,853712
Taiwan,TWN,1914,919664
Taiwan,TWN,1915,1014928
Taiwan,TWN,1916,1384992
Taiwan,TWN,1917,1799024
Taiwan,TWN,1918,2143440
Taiwan,TWN,1919,2909216
Taiwan,TWN,1920,3044784
Taiwan,TWN,1921,2755328
Taiwan,TWN,1922,3572400
Taiwan,TWN,1923,3832544
Taiwan,TWN,1924,3993760
Taiwan,TWN,1925,4444468
Taiwan,TWN,1926,4752208
Taiwan,TWN,1927,4928080
Taiwan,TWN,1928,4202608
Taiwan,TWN,1929,4059712
Taiwan,TWN,1930,4242912
Taiwan,TWN,1931,3773920
Taiwan,TWN,1932,3594384
Taiwan,TWN,1933,4067040
Taiwan,TWN,1934,4034063.8
Taiwan,TWN,1935,4235584
Taiwan,TWN,1936,4627632
Taiwan,TWN,1937,5180896
Taiwan,TWN,1938,5833088
Taiwan,TWN,1939,6946944
Taiwan,TWN,1940,7536848
Taiwan,TWN,1941,7657631
Taiwan,TWN,1942,6133373
Taiwan,TWN,1943,6162998
Taiwan,TWN,1944,4385808
Taiwan,TWN,1945,2110464
Taiwan,TWN,1946,2781079
Taiwan,TWN,1947,3469808
Taiwan,TWN,1948,4374949
Taiwan,TWN,1949,4279711
Taiwan,TWN,1950,3154093
Taiwan,TWN,1951,3854528
Taiwan,TWN,1952,5345175
Taiwan,TWN,1953,5155248
Taiwan,TWN,1954,4753188
Taiwan,TWN,1955,5510656
Taiwan,TWN,1956,5639872
Taiwan,TWN,1957,6228800
Taiwan,TWN,1958,7010213
Taiwan,TWN,1959,8108432
Taiwan,TWN,1960,8899856
Taiwan,TWN,1961,9241571
Taiwan,TWN,1962,10464384
Taiwan,TWN,1963,11032304
Taiwan,TWN,1964,12201120
Taiwan,TWN,1965,11673504
Taiwan,TWN,1966,11371532
Taiwan,TWN,1967,11790752
Taiwan,TWN,1968,11913471
Taiwan,TWN,1969,11224395
Taiwan,TWN,1970,10627910
Taiwan,TWN,1971,9475104
Taiwan,TWN,1972,9636320
Taiwan,TWN,1973,8507808
Taiwan,TWN,1974,7950880
Taiwan,TWN,1975,8046143.5
Taiwan,TWN,1976,7906912
Taiwan,TWN,1977,8097925
Taiwan,TWN,1978,9453120
Taiwan,TWN,1979,11823728
Taiwan,TWN,1980,14758592
Taiwan,TWN,1981,13479199
Taiwan,TWN,1982,16056519
Taiwan,TWN,1983,21673262
Taiwan,TWN,1984,25135566
Taiwan,TWN,1985,26633188
Taiwan,TWN,1986,32429634
Taiwan,TWN,1987,35033700
Taiwan,TWN,1988,40613676
Taiwan,TWN,1989,41888136
Taiwan,TWN,1990,42934964
Taiwan,TWN,1991,46533388
Taiwan,TWN,1992,53930212
Taiwan,TWN,1993,59317140
Taiwan,TWN,1994,62469612
Taiwan,TWN,1995,65445310
Taiwan,TWN,1996,73952340
Taiwan,TWN,1997,83914280
Taiwan,TWN,1998,90347064
Taiwan,TWN,1999,94084780
Taiwan,TWN,2000,110894790
Taiwan,TWN,2001,118133336
Taiwan,TWN,2002,125726630
Taiwan,TWN,2003,135620380
Taiwan,TWN,2004,141041330
Taiwan,TWN,2005,145934900
Taiwan,TWN,2006,153556770
Taiwan,TWN,2007,160561600
Taiwan,TWN,2008,154852600
Taiwan,TWN,2009,147445140
Taiwan,TWN,2010,157049140
Taiwan,TWN,2011,162700750
Taiwan,TWN,2012,160364050
Taiwan,TWN,2013,163101140
Taiwan,TWN,2014,164218530
Taiwan,TWN,2015,160696020
Taiwan,TWN,2016,161759860
Taiwan,TWN,2017,164346100
Taiwan,TWN,2018,165841360
Taiwan,TWN,2019,161552400
Taiwan,TWN,2020,156384050
Taiwan,TWN,2021,167939680
Taiwan,TWN,2022,154672370
Taiwan,TWN,2023,147374900
Taiwan,TWN,2024,141108880
Tajikistan,TJK,1830,60
Tajikistan,TJK,1831,72
Tajikistan,TJK,1832,48
Tajikistan,TJK,1833,60
Tajikistan,TJK,1850,371
Tajikistan,TJK,1855,1126
Tajikistan,TJK,1858,1582
Tajikistan,TJK,1859,1678
Tajikistan,TJK,1860,2096
Tajikistan,TJK,1861,2694
Tajikistan,TJK,1862,2419
Tajikistan,TJK,1863,2461
Tajikistan,TJK,1864,2709
Tajikistan,TJK,1865,2542
Tajikistan,TJK,1866,8644
Tajikistan,TJK,1867,9814
Tajikistan,TJK,1868,7674
Tajikistan,TJK,1869,10760
Tajikistan,TJK,1870,11750
Tajikistan,TJK,1871,16326.999
Tajikistan,TJK,1872,16703
Tajikistan,TJK,1873,14659
Tajikistan,TJK,1874,17205
Tajikistan,TJK,1875,18727
Tajikistan,TJK,1876,21844
Tajikistan,TJK,1877,20167
Tajikistan,TJK,1878,27097
Tajikistan,TJK,1879,25949
Tajikistan,TJK,1880,30843
Tajikistan,TJK,1881,28979
Tajikistan,TJK,1882,30084
Tajikistan,TJK,1883,34747
Tajikistan,TJK,1884,28787
Tajikistan,TJK,1885,28122
Tajikistan,TJK,1886,28568
Tajikistan,TJK,1887,25983
Tajikistan,TJK,1888,26149
Tajikistan,TJK,1889,30346
Tajikistan,TJK,1890,32083.002
Tajikistan,TJK,1891,31673
Tajikistan,TJK,1892,34187
Tajikistan,TJK,1893,39703
Tajikistan,TJK,1894,45107
Tajikistan,TJK,1895,43117
Tajikistan,TJK,1896,45158
Tajikistan,TJK,1897,53105
Tajikistan,TJK,1898,59107
Tajikistan,TJK,1899,74784
Tajikistan,TJK,1900,82142
Tajikistan,TJK,1901,76309
Tajikistan,TJK,1902,75621
Tajikistan,TJK,1903,80695
Tajikistan,TJK,1904,95824
Tajikistan,TJK,1905,101579
Tajikistan,TJK,1906,116081
Tajikistan,TJK,1907,136085
Tajikistan,TJK,1908,137422
Tajikistan,TJK,1909,143587
Tajikistan,TJK,1910,134992
Tajikistan,TJK,1911,150181
Tajikistan,TJK,1912,183383
Tajikistan,TJK,1913,213862
Tajikistan,TJK,1914,176392
Tajikistan,TJK,1915,142457
Tajikistan,TJK,1916,151446
Tajikistan,TJK,1917,143407
Tajikistan,TJK,1918,54612
Tajikistan,TJK,1919,33428
Tajikistan,TJK,1920,31792
Tajikistan,TJK,1921,38573
Tajikistan,TJK,1922,46844
Tajikistan,TJK,1923,50968
Tajikistan,TJK,1924,69010
Tajikistan,TJK,1925,63272.996
Tajikistan,TJK,1926,108739
Tajikistan,TJK,1927,138836
Tajikistan,TJK,1928,165645
Tajikistan,TJK,1929,161917
Tajikistan,TJK,1930,167808
Tajikistan,TJK,1931,199999
Tajikistan,TJK,1932,266953
Tajikistan,TJK,1933,326037
Tajikistan,TJK,1934,413775
Tajikistan,TJK,1935,491964
Tajikistan,TJK,1936,582356
Tajikistan,TJK,1937,587185
Tajikistan,TJK,1938,618340
Tajikistan,TJK,1939,628549
Tajikistan,TJK,1940,828334
Tajikistan,TJK,1941,670055
Tajikistan,TJK,1942,223410
Tajikistan,TJK,1943,277623
Tajikistan,TJK,1944,427968
Tajikistan,TJK,1945,707621
Tajikistan,TJK,1946,784290
Tajikistan,TJK,1947,938501
Tajikistan,TJK,1948,972849
Tajikistan,TJK,1949,1093185
Tajikistan,TJK,1950,1210453
Tajikistan,TJK,1951,1313064
Tajikistan,TJK,1952,1368165
Tajikistan,TJK,1953,1411599
Tajikistan,TJK,1954,1525004
Tajikistan,TJK,1955,1696930
Tajikistan,TJK,1956,1784104
Tajikistan,TJK,1957,1878673
Tajikistan,TJK,1958,1897271
Tajikistan,TJK,1959,1903859
Tajikistan,TJK,1960,1864546
Tajikistan,TJK,1961,1787277
Tajikistan,TJK,1962,1722774
Tajikistan,TJK,1963,1764623
Tajikistan,TJK,1964,1802031
Tajikistan,TJK,1965,1851025
Tajikistan,TJK,1966,1898876
Tajikistan,TJK,1967,1877678
Tajikistan,TJK,1968,1825888
Tajikistan,TJK,1969,1828258
Tajikistan,TJK,1970,1934781
Tajikistan,TJK,1971,1952015
Tajikistan,TJK,1972,1986525
Tajikistan,TJK,1973,1977842
Tajikistan,TJK,1974,1951886
Tajikistan,TJK,1975,2000866.9
Tajikistan,TJK,1976,2060121
Tajikistan,TJK,1977,2087306
Tajikistan,TJK,1978,2041138.9
Tajikistan,TJK,1979,2049031
Tajikistan,TJK,1980,2174339
Tajikistan,TJK,1981,1932657
Tajikistan,TJK,1982,1967601
Tajikistan,TJK,1983,1957764
Tajikistan,TJK,1984,1962269
Tajikistan,TJK,1985,2297121
Tajikistan,TJK,1986,2471224
Tajikistan,TJK,1987,2464834
Tajikistan,TJK,1988,2161288
Tajikistan,TJK,1989,2038158
Tajikistan,TJK,1990,1735547
Tajikistan,TJK,1991,1509963
Tajikistan,TJK,1992,934320
Tajikistan,TJK,1993,519918.03
Tajikistan,TJK,1994,113584
Tajikistan,TJK,1995,51296
Tajikistan,TJK,1996,21984
Tajikistan,TJK,1997,62288
Tajikistan,TJK,1998,47632
Tajikistan,TJK,1999,32976
Tajikistan,TJK,2000,43968
Tajikistan,TJK,2001,65952
Tajikistan,TJK,2002,80608
Tajikistan,TJK,2003,106256
Tajikistan,TJK,2004,161216
Tajikistan,TJK,2005,168799
Tajikistan,TJK,2006,175872
Tajikistan,TJK,2007,311440
Tajikistan,TJK,2008,340752
Tajikistan,TJK,2009,307776
Tajikistan,TJK,2010,337580
Tajikistan,TJK,2011,366980
Tajikistan,TJK,2012,703488
Tajikistan,TJK,2013,875696
Tajikistan,TJK,2014,1479058
Tajikistan,TJK,2015,1757485
Tajikistan,TJK,2016,2240905
Tajikistan,TJK,2017,2962138
Tajikistan,TJK,2018,3142242
Tajikistan,TJK,2019,3423659
Tajikistan,TJK,2020,3526180
Tajikistan,TJK,2021,3669803
Tajikistan,TJK,2022,4191616
Tajikistan,TJK,2023,3859132
Tajikistan,TJK,2024,4375108
Tanzania,TZA,1950,153888
Tanzania,TZA,1951,139232
Tanzania,TZA,1952,192880
Tanzania,TZA,1953,153888
Tanzania,TZA,1954,142896
Tanzania,TZA,1955,14656
Tanzania,TZA,1956,21863
Tanzania,TZA,1957,3664
Tanzania,TZA,1958,3664
Tanzania,TZA,1959,3684
Tanzania,TZA,1960,3680
Tanzania,TZA,1961,7328
Tanzania,TZA,1962,10992
Tanzania,TZA,1963,7328
Tanzania,TZA,1964,3664
Tanzania,TZA,1965,3676
Tanzania,TZA,1966,10963
Tanzania,TZA,1967,3664
Tanzania,TZA,1968,10968
Tanzania,TZA,1969,7328
Tanzania,TZA,1970,10992
Tanzania,TZA,1971,10992
Tanzania,TZA,1972,18320
Tanzania,TZA,1973,3664
Tanzania,TZA,1974,7328
Tanzania,TZA,1975,3670
Tanzania,TZA,1976,10992
Tanzania,TZA,1977,10992
Tanzania,TZA,1978,14632
Tanzania,TZA,1979,3664
Tanzania,TZA,1980,3671
Tanzania,TZA,1981,3664
Tanzania,TZA,1982,3664
Tanzania,TZA,1983,10992
Tanzania,TZA,1984,7328
Tanzania,TZA,1985,10992
Tanzania,TZA,1986,10992
Tanzania,TZA,1987,7328
Tanzania,TZA,1988,7328
Tanzania,TZA,1989,7328
Tanzania,TZA,1990,10992
Tanzania,TZA,1991,10974
Tanzania,TZA,1992,10992
Tanzania,TZA,1993,264203
Tanzania,TZA,1994,150224
Tanzania,TZA,1995,113584
Tanzania,TZA,1996,150224
Tanzania,TZA,1997,73280
Tanzania,TZA,1998,120912
Tanzania,TZA,1999,197856
Tanzania,TZA,2000,208848
Tanzania,TZA,2001,205184
Tanzania,TZA,2002,208848
Tanzania,TZA,2003,146560
Tanzania,TZA,2004,172208
Tanzania,TZA,2005,80608
Tanzania,TZA,2006,47632
Tanzania,TZA,2007,73233
Tanzania,TZA,2008,278296
Tanzania,TZA,2009,216176
Tanzania,TZA,2010,263675
Tanzania,TZA,2011,461465
Tanzania,TZA,2012,267660
Tanzania,TZA,2013,168489
Tanzania,TZA,2014,663184
Tanzania,TZA,2015,915739
Tanzania,TZA,2016,894016
Tanzania,TZA,2017,1198128
Tanzania,TZA,2018,1172480
Tanzania,TZA,2019,1384992
Tanzania,TZA,2020,1231384
Tanzania,TZA,2021,1469264
Tanzania,TZA,2022,1711088
Tanzania,TZA,2023,1978398
Tanzania,TZA,2024,2019968
Thailand,THA,1950,44137
Thailand,THA,1951,47632
Thailand,THA,1952,54803
Thailand,THA,1953,98928
Thailand,THA,1954,205551
Thailand,THA,1955,131904
Thailand,THA,1956,117084
Thailand,THA,1957,143075
Thailand,THA,1958,142896
Thailand,THA,1959,146560
Thailand,THA,1960,146560
Thailand,THA,1961,120912
Thailand,THA,1962,150224
Thailand,THA,1963,150224
Thailand,THA,1964,117191
Thailand,THA,1965,146488
Thailand,THA,1966,194192
Thailand,THA,1967,373615
Thailand,THA,1968,348080
Thailand,THA,1969,392048
Thailand,THA,1970,461664
Thailand,THA,1971,527717
Thailand,THA,1972,414032
Thailand,THA,1973,443344
Thailand,THA,1974,611795
Thailand,THA,1975,630113
Thailand,THA,1976,736464
Thailand,THA,1977,630136
Thailand,THA,1978,795005
Thailand,THA,1979,1538880
Thailand,THA,1980,1729408
Thailand,THA,1981,1846656
Thailand,THA,1982,2575543
Thailand,THA,1983,2451004
Thailand,THA,1984,2780754
Thailand,THA,1985,5979648
Thailand,THA,1986,6107888
Thailand,THA,1987,9540210
Thailand,THA,1988,9824300
Thailand,THA,1989,11963850
Thailand,THA,1990,16593670
Thailand,THA,1991,19425130
Thailand,THA,1992,20790340
Thailand,THA,1993,23108700
Thailand,THA,1994,26664380
Thailand,THA,1995,30338570
Thailand,THA,1996,36777280
Thailand,THA,1997,38024020
Thailand,THA,1998,30636800
Thailand,THA,1999,32372970
Thailand,THA,2000,33099590
Thailand,THA,2001,36809860
Thailand,THA,2002,39243670
Thailand,THA,2003,39903270
Thailand,THA,2004,44762740
Thailand,THA,2005,48332650
Thailand,THA,2006,51313092
Thailand,THA,2007,57803000
Thailand,THA,2008,62250800
Thailand,THA,2009,62403380
Thailand,THA,2010,64008430
Thailand,THA,2011,65349670
Thailand,THA,2012,68154790
Thailand,THA,2013,67148730
Thailand,THA,2014,73793780
Thailand,THA,2015,72142490
Thailand,THA,2016,73600140
Thailand,THA,2017,73823980
Thailand,THA,2018,78564264
Thailand,THA,2019,70060380
Thailand,THA,2020,74799200
Thailand,THA,2021,76647530
Thailand,THA,2022,69809370
Thailand,THA,2023,59327092
Thailand,THA,2024,60216340
Togo,TGO,1973,0
Togo,TGO,1974,0
Togo,TGO,1975,0
Togo,TGO,1976,0
Togo,TGO,1977,0
Togo,TGO,1978,0
Togo,TGO,1979,0
Togo,TGO,1980,0
Togo,TGO,1981,0
Togo,TGO,1982,0
Tonga,TON,1970,0
Tonga,TON,1971,0
Tonga,TON,1972,0
Tonga,TON,1973,0
Tonga,TON,1974,0
Tonga,TON,1975,0
Tonga,TON,1976,0
Tonga,TON,1977,0
Tonga,TON,1978,0
Tonga,TON,1979,0
Tonga,TON,1980,0
Tonga,TON,1981,0
Tonga,TON,1982,0
Tonga,TON,1983,0
Tonga,TON,1984,0
Tonga,TON,1985,0
Tonga,TON,1986,0
Tonga,TON,1987,0
Tonga,TON,1988,0
Tonga,TON,1989,0
Trinidad and Tobago,TTO,1909,0
Trinidad and Tobago,TTO,1910,0
Trinidad and Tobago,TTO,1911,0
Trinidad and Tobago,TTO,1912,0
Trinidad and Tobago,TTO,1913,0
Trinidad and Tobago,TTO,1914,0
Trinidad and Tobago,TTO,1915,0
Trinidad and Tobago,TTO,1916,0
Trinidad and Tobago,TTO,1917,0
Trinidad and Tobago,TTO,1918,0
Trinidad and Tobago,TTO,1919,0
Trinidad and Tobago,TTO,1920,0
Trinidad and Tobago,TTO,1921,0
Trinidad and Tobago,TTO,1922,0
Trinidad and Tobago,TTO,1923,0
Trinidad and Tobago,TTO,1924,0
Trinidad and Tobago,TTO,1925,0
Trinidad and Tobago,TTO,1926,0
Trinidad and Tobago,TTO,1927,0
Trinidad and Tobago,TTO,1928,0
Trinidad and Tobago,TTO,1929,0
Trinidad and Tobago,TTO,1930,0
Trinidad and Tobago,TTO,1931,0
Trinidad and Tobago,TTO,1932,0
Trinidad and Tobago,TTO,1933,0
Trinidad and Tobago,TTO,1934,0
Trinidad and Tobago,TTO,1935,0
Trinidad and Tobago,TTO,1936,0
Trinidad and Tobago,TTO,1937,0
Trinidad and Tobago,TTO,1938,0
Trinidad and Tobago,TTO,1939,0
Trinidad and Tobago,TTO,1940,0
Trinidad and Tobago,TTO,1941,0
Trinidad and Tobago,TTO,1942,0
Trinidad and Tobago,TTO,1943,0
Trinidad and Tobago,TTO,1944,0
Trinidad and Tobago,TTO,1945,0
Trinidad and Tobago,TTO,1946,0
Trinidad and Tobago,TTO,1947,0
Trinidad and Tobago,TTO,1948,0
Trinidad and Tobago,TTO,1949,0
Trinidad and Tobago,TTO,1950,51376
Trinidad and Tobago,TTO,1951,47632
Trinidad and Tobago,TTO,1952,51363
Trinidad and Tobago,TTO,1953,32935
Trinidad and Tobago,TTO,1954,10992
Trinidad and Tobago,TTO,1955,3669
Trinidad and Tobago,TTO,1956,3659
Trinidad and Tobago,TTO,1957,3659
Trinidad and Tobago,TTO,1958,0
Trinidad and Tobago,TTO,1959,3664
Trinidad and Tobago,TTO,1960,3669
Trinidad and Tobago,TTO,1961,0
Trinidad and Tobago,TTO,1962,3664
Trinidad and Tobago,TTO,1963,3664
Trinidad and Tobago,TTO,1964,3664
Trinidad and Tobago,TTO,1965,3661
Trinidad and Tobago,TTO,1966,3664
Trinidad and Tobago,TTO,1967,0
Trinidad and Tobago,TTO,1968,0
Trinidad and Tobago,TTO,1969,0
Trinidad and Tobago,TTO,1970,0
Trinidad and Tobago,TTO,1971,0
Trinidad and Tobago,TTO,1972,0
Trinidad and Tobago,TTO,1973,0
Trinidad and Tobago,TTO,1974,0
Trinidad and Tobago,TTO,1975,0
Trinidad and Tobago,TTO,1976,0
Trinidad and Tobago,TTO,1977,3664
Trinidad and Tobago,TTO,1978,0
Trinidad and Tobago,TTO,1979,0
Trinidad and Tobago,TTO,1980,0
Tunisia,TUN,1916,10992
Tunisia,TUN,1917,29312
Tunisia,TUN,1918,40304
Tunisia,TUN,1920,29312
Tunisia,TUN,1921,21984
Tunisia,TUN,1939,3298
Tunisia,TUN,1940,27358
Tunisia,TUN,1941,106256
Tunisia,TUN,1942,131904
Tunisia,TUN,1943,39458
Tunisia,TUN,1944,62288
Tunisia,TUN,1945,65952
Tunisia,TUN,1946,90448
Tunisia,TUN,1947,69616
Tunisia,TUN,1948,65952
Tunisia,TUN,1949,43968
Tunisia,TUN,1950,454336
Tunisia,TUN,1951,564256
Tunisia,TUN,1952,476320
Tunisia,TUN,1953,223504
Tunisia,TUN,1954,194699
Tunisia,TUN,1955,120912
Tunisia,TUN,1956,120912
Tunisia,TUN,1957,234496
Tunisia,TUN,1958,91369
Tunisia,TUN,1959,76767
Tunisia,TUN,1960,113826
Tunisia,TUN,1961,135568
Tunisia,TUN,1962,91787
Tunisia,TUN,1963,98928
Tunisia,TUN,1964,106256
Tunisia,TUN,1965,132101
Tunisia,TUN,1966,212512
Tunisia,TUN,1967,359072
Tunisia,TUN,1968,318443
Tunisia,TUN,1969,322126
Tunisia,TUN,1970,363092
Tunisia,TUN,1971,252595.98
Tunisia,TUN,1972,352016
Tunisia,TUN,1973,274800
Tunisia,TUN,1974,428688
Tunisia,TUN,1975,315104
Tunisia,TUN,1976,289638
Tunisia,TUN,1977,260144
Tunisia,TUN,1978,296784
Tunisia,TUN,1979,373728
Tunisia,TUN,1980,234496
Tunisia,TUN,1981,311440
Tunisia,TUN,1982,186936
Tunisia,TUN,1983,256480.02
Tunisia,TUN,1984,263808
Tunisia,TUN,1985,252815.98
Tunisia,TUN,1986,223572
Tunisia,TUN,1987,252815.98
Tunisia,TUN,1988,307776
Tunisia,TUN,1989,296702
Tunisia,TUN,1990,263880
Tunisia,TUN,1991,271136
Tunisia,TUN,1992,278464
Tunisia,TUN,1993,289390
Tunisia,TUN,1994,263870
Tunisia,TUN,1995,238160
Tunisia,TUN,1996,238214
Tunisia,TUN,1997,260144
Tunisia,TUN,1998,208892
Tunisia,TUN,1999,296784
Tunisia,TUN,2000,278517
Tunisia,TUN,2001,256480.02
Tunisia,TUN,2002,216176
Tunisia,TUN,2003,62288
Tunisia,TUN,2010,54960
Tunisia,TUN,2011,40304
Tunisia,TUN,2012,0
Turkey,TUR,1865,150224
Turkey,TUR,1866,208848
Turkey,TUR,1867,227168
Turkey,TUR,1868,175872
Turkey,TUR,1869,267472
Turkey,TUR,1870,157552
Turkey,TUR,1871,197856
Turkey,TUR,1872,245488
Turkey,TUR,1873,238160
Turkey,TUR,1874,256480.02
Turkey,TUR,1875,351744
Turkey,TUR,1876,274800
Turkey,TUR,1877,447008
Turkey,TUR,1878,326096
Turkey,TUR,1879,124576
Turkey,TUR,1880,139232
Turkey,TUR,1881,183200
Turkey,TUR,1882,153888
Turkey,TUR,1883,161216
Turkey,TUR,1884,175872
Turkey,TUR,1885,194192
Turkey,TUR,1886,135568
Turkey,TUR,1887,245488
Turkey,TUR,1888,267472
Turkey,TUR,1889,403040
Turkey,TUR,1890,366400
Turkey,TUR,1891,403040
Turkey,TUR,1892,410368
Turkey,TUR,1893,425024
Turkey,TUR,1894,392048
Turkey,TUR,1895,373728
Turkey,TUR,1896,443344
Turkey,TUR,1897,315104
Turkey,TUR,1898,523952
Turkey,TUR,1899,670512
Turkey,TUR,1900,1036911.94
Turkey,TUR,1901,948976
Turkey,TUR,1902,1047904
Turkey,TUR,1903,1205456
Turkey,TUR,1904,1366672
Turkey,TUR,1905,1531552
Turkey,TUR,1906,1579184
Turkey,TUR,1907,1879632
Turkey,TUR,1908,1722080
Turkey,TUR,1909,1956576
Turkey,TUR,1910,1883296
Turkey,TUR,1911,2227712
Turkey,TUR,1912,1996880
Turkey,TUR,1913,2037184
Turkey,TUR,1914,1663456
Turkey,TUR,1915,1036911.94
Turkey,TUR,1916,512960.03
Turkey,TUR,1917,392048
Turkey,TUR,1918,458000
Turkey,TUR,1919,937984
Turkey,TUR,1920,1403312
Turkey,TUR,1921,842720
Turkey,TUR,1922,1011263.94
Turkey,TUR,1923,1472928
Turkey,TUR,1924,2451216
Turkey,TUR,1925,2366944
Turkey,TUR,1926,3008144
Turkey,TUR,1927,3279280
Turkey,TUR,1928,3096080
Turkey,TUR,1929,3517440
Turkey,TUR,1930,3942464
Turkey,TUR,1931,3887552
Turkey,TUR,1932,3946178
Turkey,TUR,1933,4605648
Turkey,TUR,1934,5708512
Turkey,TUR,1935,5869728
Turkey,TUR,1936,5796448
Turkey,TUR,1937,4140319.8
Turkey,TUR,1938,4502952
Turkey,TUR,1939,4763200
Turkey,TUR,1940,5338360
Turkey,TUR,1941,5484920
Turkey,TUR,1942,4840144
Turkey,TUR,1943,6034608
Turkey,TUR,1944,6880992
Turkey,TUR,1945,6946944
Turkey,TUR,1946,6862672
Turkey,TUR,1947,7298776
Turkey,TUR,1948,7518528
Turkey,TUR,1949,7745696
Turkey,TUR,1950,7774346
Turkey,TUR,1951,8094528
Turkey,TUR,1952,7903248
Turkey,TUR,1953,10013712
Turkey,TUR,1954,10247338
Turkey,TUR,1955,9884467
Turkey,TUR,1956,10566007
Turkey,TUR,1957,11614880
Turkey,TUR,1958,11936374
Turkey,TUR,1959,11257074
Turkey,TUR,1960,11321760
Turkey,TUR,1961,10621936
Turkey,TUR,1962,11897008
Turkey,TUR,1963,12959568
Turkey,TUR,1964,14361215
Turkey,TUR,1965,14181445
Turkey,TUR,1966,15872448
Turkey,TUR,1967,15031748
Turkey,TUR,1968,15335955
Turkey,TUR,1969,16164042
Turkey,TUR,1970,17480944
Turkey,TUR,1971,17700784
Turkey,TUR,1972,18901288
Turkey,TUR,1973,19243328
Turkey,TUR,1974,19944348
Turkey,TUR,1975,21002048
Turkey,TUR,1976,23625472
Turkey,TUR,1977,23936912
Turkey,TUR,1978,20419472
Turkey,TUR,1979,25025120
Turkey,TUR,1980,24193392
Turkey,TUR,1981,27241840
Turkey,TUR,1982,31141650
Turkey,TUR,1983,34646784
Turkey,TUR,1984,38834736
Turkey,TUR,1985,46798216
Turkey,TUR,1986,52219330
Turkey,TUR,1987,55487616
Turkey,TUR,1988,53726790
Turkey,TUR,1989,58717716
Turkey,TUR,1990,70393290
Turkey,TUR,1991,75122200
Turkey,TUR,1992,75199510
Turkey,TUR,1993,70693464
Turkey,TUR,1994,68714610
Turkey,TUR,1995,71238750
Turkey,TUR,1996,82833760
Turkey,TUR,1997,90689140
Turkey,TUR,1998,94198690
Turkey,TUR,1999,84440910
Turkey,TUR,2000,98746490
Turkey,TUR,2001,84737816
Turkey,TUR,2002,87459950
Turkey,TUR,2003,92222040
Turkey,TUR,2004,93600500
Turkey,TUR,2005,102317020
Turkey,TUR,2006,111845780
Turkey,TUR,2007,126307440
Turkey,TUR,2008,123110390
Turkey,TUR,2009,130556940
Turkey,TUR,2010,129887224
Turkey,TUR,2011,135545460
Turkey,TUR,2012,141930720
Turkey,TUR,2013,125758210
Turkey,TUR,2014,130661640
Turkey,TUR,2015,139511220
Turkey,TUR,2016,152352860
Turkey,TUR,2017,158754240
Turkey,TUR,2018,163516660
Turkey,TUR,2019,166010320
Turkey,TUR,2020,159424350
Turkey,TUR,2021,166275840
Turkey,TUR,2022,166445230
Turkey,TUR,2023,194936770
Turkey,TUR,2024,209284180
Turkmenistan,TKM,1830,155
Turkmenistan,TKM,1831,186
Turkmenistan,TKM,1832,124
Turkmenistan,TKM,1833,155
Turkmenistan,TKM,1850,963
Turkmenistan,TKM,1855,2920
Turkmenistan,TKM,1858,4100
Turkmenistan,TKM,1859,4348
Turkmenistan,TKM,1860,4776
Turkmenistan,TKM,1861,6300
Turkmenistan,TKM,1862,5595
Turkmenistan,TKM,1863,5371
Turkmenistan,TKM,1864,5702
Turkmenistan,TKM,1865,5175
Turkmenistan,TKM,1866,20324
Turkmenistan,TKM,1867,22551
Turkmenistan,TKM,1868,15639
Turkmenistan,TKM,1869,23308
Turkmenistan,TKM,1870,25769
Turkmenistan,TKM,1871,38004
Turkmenistan,TKM,1872,38589
Turkmenistan,TKM,1873,29741
Turkmenistan,TKM,1874,32994
Turkmenistan,TKM,1875,33035
Turkmenistan,TKM,1876,35536
Turkmenistan,TKM,1877,29420
Turkmenistan,TKM,1878,40649
Turkmenistan,TKM,1879,36410
Turkmenistan,TKM,1880,43801
Turkmenistan,TKM,1881,37407
Turkmenistan,TKM,1882,38418
Turkmenistan,TKM,1883,44859
Turkmenistan,TKM,1884,32646
Turkmenistan,TKM,1885,30213
Turkmenistan,TKM,1886,30558
Turkmenistan,TKM,1887,26134
Turkmenistan,TKM,1888,25967
Turkmenistan,TKM,1889,30939
Turkmenistan,TKM,1890,31895.998
Turkmenistan,TKM,1891,30391
Turkmenistan,TKM,1892,33000
Turkmenistan,TKM,1893,38215
Turkmenistan,TKM,1894,45009
Turkmenistan,TKM,1895,40605
Turkmenistan,TKM,1896,42871
Turkmenistan,TKM,1897,50667
Turkmenistan,TKM,1898,56266
Turkmenistan,TKM,1899,73126
Turkmenistan,TKM,1900,79530
Turkmenistan,TKM,1901,71740
Turkmenistan,TKM,1902,71607
Turkmenistan,TKM,1903,78444
Turkmenistan,TKM,1904,95198
Turkmenistan,TKM,1905,107971
Turkmenistan,TKM,1906,123488
Turkmenistan,TKM,1907,147829
Turkmenistan,TKM,1908,149540
Turkmenistan,TKM,1909,155493
Turkmenistan,TKM,1910,143400
Turkmenistan,TKM,1911,164855
Turkmenistan,TKM,1912,209292
Turkmenistan,TKM,1913,254346.02
Turkmenistan,TKM,1914,199244
Turkmenistan,TKM,1915,151231
Turkmenistan,TKM,1916,160592
Turkmenistan,TKM,1917,154022
Turkmenistan,TKM,1918,57468
Turkmenistan,TKM,1919,31370
Turkmenistan,TKM,1920,30190
Turkmenistan,TKM,1921,37839
Turkmenistan,TKM,1922,45917
Turkmenistan,TKM,1923,49744
Turkmenistan,TKM,1924,69966
Turkmenistan,TKM,1925,62107
Turkmenistan,TKM,1926,114262
Turkmenistan,TKM,1927,147925
Turkmenistan,TKM,1928,181604
Turkmenistan,TKM,1929,169333
Turkmenistan,TKM,1930,159433
Turkmenistan,TKM,1931,189025
Turkmenistan,TKM,1932,266489
Turkmenistan,TKM,1933,337026
Turkmenistan,TKM,1934,435936
Turkmenistan,TKM,1935,529404
Turkmenistan,TKM,1936,634778
Turkmenistan,TKM,1937,635375
Turkmenistan,TKM,1938,669100
Turkmenistan,TKM,1939,681752
Turkmenistan,TKM,1940,939198
Turkmenistan,TKM,1941,748613
Turkmenistan,TKM,1942,208517
Turkmenistan,TKM,1943,273000
Turkmenistan,TKM,1944,429904
Turkmenistan,TKM,1945,849966
Turkmenistan,TKM,1946,931740
Turkmenistan,TKM,1947,1109094
Turkmenistan,TKM,1948,1128298
Turkmenistan,TKM,1949,1264227
Turkmenistan,TKM,1950,1382475
Turkmenistan,TKM,1951,1499810
Turkmenistan,TKM,1952,1542039
Turkmenistan,TKM,1953,1567837
Turkmenistan,TKM,1954,1683175
Turkmenistan,TKM,1955,1849784
Turkmenistan,TKM,1956,1886169
Turkmenistan,TKM,1957,1908875
Turkmenistan,TKM,1958,1834123
Turkmenistan,TKM,1959,1775049
Turkmenistan,TKM,1960,1665518
Turkmenistan,TKM,1961,1517579
Turkmenistan,TKM,1962,1398500
Turkmenistan,TKM,1963,1388672
Turkmenistan,TKM,1964,1373715
Turkmenistan,TKM,1965,1379223
Turkmenistan,TKM,1966,1394499
Turkmenistan,TKM,1967,1356353
Turkmenistan,TKM,1968,1296106
Turkmenistan,TKM,1969,1285344
Turkmenistan,TKM,1970,1398578
Turkmenistan,TKM,1971,1381335
Turkmenistan,TKM,1972,1402362
Turkmenistan,TKM,1973,1386277
Turkmenistan,TKM,1974,1356558
Turkmenistan,TKM,1975,1376984
Turkmenistan,TKM,1976,1399282
Turkmenistan,TKM,1977,1404213
Turkmenistan,TKM,1978,1364549
Turkmenistan,TKM,1979,1355178
Turkmenistan,TKM,1980,1438361
Turkmenistan,TKM,1981,1244655
Turkmenistan,TKM,1982,1254987
Turkmenistan,TKM,1983,1228616
Turkmenistan,TKM,1984,1206359
Turkmenistan,TKM,1985,1407711
Turkmenistan,TKM,1986,1414710
Turkmenistan,TKM,1987,1404243
Turkmenistan,TKM,1988,1242160
Turkmenistan,TKM,1989,1443912
Turkmenistan,TKM,1990,1416266
Turkmenistan,TKM,1991,1206644
Turkmenistan,TKM,1992,1590358
Turkmenistan,TKM,1993,359024
Turkmenistan,TKM,1994,0
Turkmenistan,TKM,1995,0
Turkmenistan,TKM,1996,263808
Turkmenistan,TKM,1997,0
Turkmenistan,TKM,1998,0
Turkmenistan,TKM,1999,0
Turkmenistan,TKM,2000,0
Turkmenistan,TKM,2001,0
Turkmenistan,TKM,2002,0
Turkmenistan,TKM,2003,0
Turkmenistan,TKM,2004,0
Turkmenistan,TKM,2005,0
Turkmenistan,TKM,2006,0
Turkmenistan,TKM,2007,0
Turkmenistan,TKM,2008,0
Turkmenistan,TKM,2009,0
Turkmenistan,TKM,2010,0
Turkmenistan,TKM,2011,0
Turkmenistan,TKM,2012,0
Turkmenistan,TKM,2013,0
Turkmenistan,TKM,2014,0
Turkmenistan,TKM,2015,0
Turkmenistan,TKM,2016,0
Turkmenistan,TKM,2017,0
Turkmenistan,TKM,2018,0
Turkmenistan,TKM,2019,0
Turkmenistan,TKM,2020,0
Turkmenistan,TKM,2021,0
Turkmenistan,TKM,2022,4
Turkmenistan,TKM,2023,4
Turkmenistan,TKM,2024,4
Uganda,UGA,2005,0
Uganda,UGA,2006,0
Uganda,UGA,2007,0
Uganda,UGA,2008,0
Uganda,UGA,2009,0
Uganda,UGA,2010,0
Uganda,UGA,2011,0
Uganda,UGA,2012,0
Uganda,UGA,2013,0
Uganda,UGA,2014,0
Uganda,UGA,2015,0
Uganda,UGA,2016,0
Uganda,UGA,2017,0
Uganda,UGA,2018,0
Uganda,UGA,2019,0
Uganda,UGA,2020,0
Uganda,UGA,2021,0
Uganda,UGA,2022,0
Uganda,UGA,2023,0
Uganda,UGA,2024,0
Ukraine,UKR,1830,3554
Ukraine,UKR,1831,4265
Ukraine,UKR,1832,2843
Ukraine,UKR,1833,3554
Ukraine,UKR,1850,22033
Ukraine,UKR,1855,66811
Ukraine,UKR,1858,93819
Ukraine,UKR,1859,99505
Ukraine,UKR,1860,130167.01
Ukraine,UKR,1861,165712
Ukraine,UKR,1862,149359
Ukraine,UKR,1863,155578
Ukraine,UKR,1864,173879
Ukraine,UKR,1865,165610
Ukraine,UKR,1866,530526
Ukraine,UKR,1867,607646
Ukraine,UKR,1868,499675
Ukraine,UKR,1869,682109
Ukraine,UKR,1870,741109
Ukraine,UKR,1871,1005880
Ukraine,UKR,1872,1032004.94
Ukraine,UKR,1873,956431
Ukraine,UKR,1874,1153304
Ukraine,UKR,1875,1312442
Ukraine,UKR,1876,1607933
Ukraine,UKR,1877,1604054
Ukraine,UKR,1878,2109951
Ukraine,UKR,1879,2129840
Ukraine,UKR,1880,2506478
Ukraine,UKR,1881,2565174
Ukraine,UKR,1882,2691599
Ukraine,UKR,1883,3075418
Ukraine,UKR,1884,2947957
Ukraine,UKR,1885,3102657
Ukraine,UKR,1886,3172155
Ukraine,UKR,1887,3185209
Ukraine,UKR,1888,3278958
Ukraine,UKR,1889,3635003
Ukraine,UKR,1890,4015039
Ukraine,UKR,1891,4239301
Ukraine,UKR,1892,4522073
Ukraine,UKR,1893,5281162
Ukraine,UKR,1894,5607858
Ukraine,UKR,1895,5996780
Ukraine,UKR,1896,6176083
Ukraine,UKR,1897,7189924
Ukraine,UKR,1898,8039013
Ukraine,UKR,1899,9649458
Ukraine,UKR,1900,10801459
Ukraine,UKR,1901,10652505
Ukraine,UKR,1902,10397834
Ukraine,UKR,1903,10528798
Ukraine,UKR,1904,12007281
Ukraine,UKR,1905,11386418
Ukraine,UKR,1906,12995649
Ukraine,UKR,1907,14774925
Ukraine,UKR,1908,14883060
Ukraine,UKR,1909,15659080
Ukraine,UKR,1910,15145496
Ukraine,UKR,1911,16066530
Ukraine,UKR,1912,18627226
Ukraine,UKR,1913,20661504
Ukraine,UKR,1914,18157140
Ukraine,UKR,1915,15999028
Ukraine,UKR,1916,17037622
Ukraine,UKR,1917,15828492
Ukraine,UKR,1918,6216357
Ukraine,UKR,1919,4684318
Ukraine,UKR,1920,4345965
Ukraine,UKR,1921,4922924
Ukraine,UKR,1922,5994924
Ukraine,UKR,1923,6584888
Ukraine,UKR,1924,8213802.5
Ukraine,UKR,1925,7885265
Ukraine,UKR,1926,12136346
Ukraine,UKR,1927,15226161
Ukraine,UKR,1928,17251340
Ukraine,UKR,1929,17995710
Ukraine,UKR,1930,22174634
Ukraine,UKR,1931,26548430
Ukraine,UKR,1932,31886058
Ukraine,UKR,1933,36776436
Ukraine,UKR,1934,45183990
Ukraine,UKR,1935,51939276
Ukraine,UKR,1936,60116676
Ukraine,UKR,1937,61211636
Ukraine,UKR,1938,64571304
Ukraine,UKR,1939,65453050
Ukraine,UKR,1940,80713230
Ukraine,UKR,1941,69420510
Ukraine,UKR,1942,31676064
Ukraine,UKR,1943,35446080
Ukraine,UKR,1944,52583544
Ukraine,UKR,1945,63701124
Ukraine,UKR,1946,71275540
Ukraine,UKR,1947,85653340
Ukraine,UKR,1948,90427740
Ukraine,UKR,1949,102498650
Ukraine,UKR,1950,113891660
Ukraine,UKR,1951,123438990
Ukraine,UKR,1952,131172390
Ukraine,UKR,1953,137726690
Ukraine,UKR,1954,149895630
Ukraine,UKR,1955,168938200
Ukraine,UKR,1956,182618480
Ukraine,UKR,1957,196774320
Ukraine,UKR,1958,205357400
Ukraine,UKR,1959,211767100
Ukraine,UKR,1960,214792850
Ukraine,UKR,1961,214271180
Ukraine,UKR,1962,216336500
Ukraine,UKR,1963,226606450
Ukraine,UKR,1964,235559120
Ukraine,UKR,1965,245318690
Ukraine,UKR,1966,255076980
Ukraine,UKR,1967,259507100
Ukraine,UKR,1968,259258580
Ukraine,UKR,1969,264648830
Ukraine,UKR,1970,281369440
Ukraine,UKR,1971,289382700
Ukraine,UKR,1972,299734140
Ukraine,UKR,1973,304964200
Ukraine,UKR,1974,308029300
Ukraine,UKR,1975,318707650
Ukraine,UKR,1976,328093300
Ukraine,UKR,1977,334663970
Ukraine,UKR,1978,335525300
Ukraine,UKR,1979,336876700
Ukraine,UKR,1980,354083330
Ukraine,UKR,1981,326144740
Ukraine,UKR,1982,331057860
Ukraine,UKR,1983,330147170
Ukraine,UKR,1984,329232420
Ukraine,UKR,1985,371361100
Ukraine,UKR,1986,370514200
Ukraine,UKR,1987,364431550
Ukraine,UKR,1988,354715900
Ukraine,UKR,1989,322274100
Ukraine,UKR,1990,263167840
Ukraine,UKR,1991,222622050
Ukraine,UKR,1992,245344370
Ukraine,UKR,1993,235880260
Ukraine,UKR,1994,185817340
Ukraine,UKR,1995,174092620
Ukraine,UKR,1996,146215140
Ukraine,UKR,1997,154304820
Ukraine,UKR,1998,123078690
Ukraine,UKR,1999,123714056
Ukraine,UKR,2000,122877680
Ukraine,UKR,2001,131830640
Ukraine,UKR,2002,136227950
Ukraine,UKR,2003,132443740
Ukraine,UKR,2004,135323420
Ukraine,UKR,2005,135905500
Ukraine,UKR,2006,154040480
Ukraine,UKR,2007,161469340
Ukraine,UKR,2008,154640050
Ukraine,UKR,2009,136610700
Ukraine,UKR,2010,145421090
Ukraine,UKR,2011,153853440
Ukraine,UKR,2012,158981390
Ukraine,UKR,2013,160185140
Ukraine,UKR,2014,138372740
Ukraine,UKR,2015,119392940
Ukraine,UKR,2016,126828010
Ukraine,UKR,2017,112586376
Ukraine,UKR,2018,120544056
Ukraine,UKR,2019,114045900
Ukraine,UKR,2020,102154920
Ukraine,UKR,2021,103680290
Ukraine,UKR,2022,61251090
Ukraine,UKR,2023,54793324
Ukraine,UKR,2024,54555510
United Arab Emirates,ARE,2001,69616
United Arab Emirates,ARE,2002,359056
United Arab Emirates,ARE,2003,421345
United Arab Emirates,ARE,2004,476304
United Arab Emirates,ARE,2005,549600
United Arab Emirates,ARE,2006,1066224
United Arab Emirates,ARE,2007,512960.03
United Arab Emirates,ARE,2008,1374065
United Arab Emirates,ARE,2009,1040576
United Arab Emirates,ARE,2010,2476913
United Arab Emirates,ARE,2011,1678081
United Arab Emirates,ARE,2012,5250605
United Arab Emirates,ARE,2013,6719661
United Arab Emirates,ARE,2014,7485291
United Arab Emirates,ARE,2015,6507158
United Arab Emirates,ARE,2016,6976368
United Arab Emirates,ARE,2017,8068127.5
United Arab Emirates,ARE,2018,7276574
United Arab Emirates,ARE,2019,6734312
United Arab Emirates,ARE,2020,8086447.5
United Arab Emirates,ARE,2021,10053843
United Arab Emirates,ARE,2022,3939756
United Arab Emirates,ARE,2023,4012220.8
United Arab Emirates,ARE,2024,4316828
United Kingdom,GBR,1750,9305937
United Kingdom,GBR,1751,9407229
United Kingdom,GBR,1752,9505168
United Kingdom,GBR,1753,9610490
United Kingdom,GBR,1754,9733580
United Kingdom,GBR,1755,9793468
United Kingdom,GBR,1756,9909914
United Kingdom,GBR,1757,10093936
United Kingdom,GBR,1758,10216358
United Kingdom,GBR,1759,10338854
United Kingdom,GBR,1760,10514331
United Kingdom,GBR,1761,10747885
United Kingdom,GBR,1762,10952198
United Kingdom,GBR,1763,11191592
United Kingdom,GBR,1764,11396982
United Kingdom,GBR,1765,11643486
United Kingdom,GBR,1766,11876080
United Kingdom,GBR,1767,12152509
United Kingdom,GBR,1768,12466936
United Kingdom,GBR,1769,12780074
United Kingdom,GBR,1770,13097216
United Kingdom,GBR,1771,13369488
United Kingdom,GBR,1772,13623507
United Kingdom,GBR,1773,13808138
United Kingdom,GBR,1774,14012415
United Kingdom,GBR,1775,14338920
United Kingdom,GBR,1776,14654124
United Kingdom,GBR,1777,14959537
United Kingdom,GBR,1778,15243483
United Kingdom,GBR,1779,15535235
United Kingdom,GBR,1780,15878726
United Kingdom,GBR,1781,16234383
United Kingdom,GBR,1782,16580954
United Kingdom,GBR,1783,17062752
United Kingdom,GBR,1784,17471092
United Kingdom,GBR,1785,17961464
United Kingdom,GBR,1786,18443832
United Kingdom,GBR,1787,18855466
United Kingdom,GBR,1788,19282564
United Kingdom,GBR,1789,19859760
United Kingdom,GBR,1790,20394430
United Kingdom,GBR,1791,20928086
United Kingdom,GBR,1792,21456558
United Kingdom,GBR,1793,21813614
United Kingdom,GBR,1794,22072648
United Kingdom,GBR,1795,21864574
United Kingdom,GBR,1796,21582768
United Kingdom,GBR,1797,21536814
United Kingdom,GBR,1798,22527018
United Kingdom,GBR,1799,26855000
United Kingdom,GBR,1800,31340080
United Kingdom,GBR,1801,30736626
United Kingdom,GBR,1802,30377368
United Kingdom,GBR,1803,28241450
United Kingdom,GBR,1804,27790074
United Kingdom,GBR,1805,29295006
United Kingdom,GBR,1806,30908602
United Kingdom,GBR,1807,32583656
United Kingdom,GBR,1808,33701640
United Kingdom,GBR,1809,34522536
United Kingdom,GBR,1810,35402028
United Kingdom,GBR,1811,36155070
United Kingdom,GBR,1812,36741616
United Kingdom,GBR,1813,37359772
United Kingdom,GBR,1814,38181804
United Kingdom,GBR,1815,39019170
United Kingdom,GBR,1816,39265496
United Kingdom,GBR,1817,41766344
United Kingdom,GBR,1818,43769000
United Kingdom,GBR,1819,43316496
United Kingdom,GBR,1820,42567188
United Kingdom,GBR,1821,43493436
United Kingdom,GBR,1822,45073956
United Kingdom,GBR,1823,46676420
United Kingdom,GBR,1824,48136788
United Kingdom,GBR,1825,49563788
United Kingdom,GBR,1826,50101644
United Kingdom,GBR,1827,52047628
United Kingdom,GBR,1828,52630228
United Kingdom,GBR,1829,53242880
United Kingdom,GBR,1830,67724220
United Kingdom,GBR,1831,64486136
United Kingdom,GBR,1832,62558720
United Kingdom,GBR,1833,61924740
United Kingdom,GBR,1834,65802124
United Kingdom,GBR,1835,72197420
United Kingdom,GBR,1836,78544550
United Kingdom,GBR,1837,75253620
United Kingdom,GBR,1838,73585960
United Kingdom,GBR,1839,75786170
United Kingdom,GBR,1840,80790880
United Kingdom,GBR,1841,81330410
United Kingdom,GBR,1842,85193130
United Kingdom,GBR,1843,88569550
United Kingdom,GBR,1844,93955130
United Kingdom,GBR,1845,99778424
United Kingdom,GBR,1846,95493680
United Kingdom,GBR,1847,101822930
United Kingdom,GBR,1848,108978020
United Kingdom,GBR,1849,117350130
United Kingdom,GBR,1850,122350150
United Kingdom,GBR,1851,116411176
United Kingdom,GBR,1852,115997620
United Kingdom,GBR,1853,115358070
United Kingdom,GBR,1854,139012290
United Kingdom,GBR,1855,130169360
United Kingdom,GBR,1856,140081200
United Kingdom,GBR,1857,137565950
United Kingdom,GBR,1858,134822450
United Kingdom,GBR,1859,149699280
United Kingdom,GBR,1860,167950430
United Kingdom,GBR,1861,175043940
United Kingdom,GBR,1862,169408700
United Kingdom,GBR,1863,180136900
United Kingdom,GBR,1864,193858580
United Kingdom,GBR,1865,205451470
United Kingdom,GBR,1866,211654620
United Kingdom,GBR,1867,217319170
United Kingdom,GBR,1868,213167860
United Kingdom,GBR,1869,223639570
United Kingdom,GBR,1870,228410100
United Kingdom,GBR,1871,241930260
United Kingdom,GBR,1872,254911800
United Kingdom,GBR,1873,264460210
United Kingdom,GBR,1874,256930670
United Kingdom,GBR,1875,271253280
United Kingdom,GBR,1876,270718300
United Kingdom,GBR,1877,275492480
United Kingdom,GBR,1878,270612060
United Kingdom,GBR,1879,272128930
United Kingdom,GBR,1880,296659420
United Kingdom,GBR,1881,311604900
United Kingdom,GBR,1882,314250270
United Kingdom,GBR,1883,326887420
United Kingdom,GBR,1884,318463870
United Kingdom,GBR,1885,314404160
United Kingdom,GBR,1886,311575550
United Kingdom,GBR,1887,319515460
United Kingdom,GBR,1888,332035330
United Kingdom,GBR,1889,343789470
United Kingdom,GBR,1890,351762300
United Kingdom,GBR,1891,358907140
United Kingdom,GBR,1892,351447200
United Kingdom,GBR,1893,314352860
United Kingdom,GBR,1894,360149220
United Kingdom,GBR,1895,363428480
United Kingdom,GBR,1896,373706000
United Kingdom,GBR,1897,383745380
United Kingdom,GBR,1898,384247360
United Kingdom,GBR,1899,411676060
United Kingdom,GBR,1900,416684740
United Kingdom,GBR,1901,407660320
United Kingdom,GBR,1902,423224960
United Kingdom,GBR,1903,426559200
United Kingdom,GBR,1904,428372900
United Kingdom,GBR,1905,434077760
United Kingdom,GBR,1906,449763330
United Kingdom,GBR,1907,469922660
United Kingdom,GBR,1908,457846100
United Kingdom,GBR,1909,461795900
United Kingdom,GBR,1910,465591800
United Kingdom,GBR,1911,476968540
United Kingdom,GBR,1912,450921150
United Kingdom,GBR,1913,492470900
United Kingdom,GBR,1914,475433300
United Kingdom,GBR,1915,482427870
United Kingdom,GBR,1916,501660220
United Kingdom,GBR,1917,491261730
United Kingdom,GBR,1918,450976100
United Kingdom,GBR,1919,447579600
United Kingdom,GBR,1920,470750720
United Kingdom,GBR,1921,318870600
United Kingdom,GBR,1922,426592200
United Kingdom,GBR,1923,452207170
United Kingdom,GBR,1924,472135700
United Kingdom,GBR,1925,445238240
United Kingdom,GBR,1926,241534540
United Kingdom,GBR,1927,460381600
United Kingdom,GBR,1928,431197860
United Kingdom,GBR,1929,454713380
United Kingdom,GBR,1930,434847230
United Kingdom,GBR,1931,406553760
United Kingdom,GBR,1932,390765660
United Kingdom,GBR,1933,386647260
United Kingdom,GBR,1934,416611460
United Kingdom,GBR,1935,422283330
United Kingdom,GBR,1936,446190850
United Kingdom,GBR,1937,460315700
United Kingdom,GBR,1938,439800830
United Kingdom,GBR,1939,447352420
United Kingdom,GBR,1940,470893630
United Kingdom,GBR,1941,463092900
United Kingdom,GBR,1942,463360450
United Kingdom,GBR,1943,449444500
United Kingdom,GBR,1944,437551170
United Kingdom,GBR,1945,412929150
United Kingdom,GBR,1946,427119800
United Kingdom,GBR,1947,451921500
United Kingdom,GBR,1948,457750850
United Kingdom,GBR,1949,463045300
United Kingdom,GBR,1950,452360740
United Kingdom,GBR,1951,484592930
United Kingdom,GBR,1952,468453800
United Kingdom,GBR,1953,477309280
United Kingdom,GBR,1954,482981150
United Kingdom,GBR,1955,499101400
United Kingdom,GBR,1956,494307070
United Kingdom,GBR,1957,482116450
United Kingdom,GBR,1958,458545920
United Kingdom,GBR,1959,425316030
United Kingdom,GBR,1960,447935000
United Kingdom,GBR,1961,442846600
United Kingdom,GBR,1962,437301120
United Kingdom,GBR,1963,439302850
United Kingdom,GBR,1964,426243000
United Kingdom,GBR,1965,422272350
United Kingdom,GBR,1966,403347780
United Kingdom,GBR,1967,368486200
United Kingdom,GBR,1968,370308060
United Kingdom,GBR,1969,367951400
United Kingdom,GBR,1970,352916480
United Kingdom,GBR,1971,341426180
United Kingdom,GBR,1972,293161950
United Kingdom,GBR,1973,295868000
United Kingdom,GBR,1974,263379300
United Kingdom,GBR,1975,276206980
United Kingdom,GBR,1976,274975870
United Kingdom,GBR,1977,271095700
United Kingdom,GBR,1978,259158380
United Kingdom,GBR,1979,281571070
United Kingdom,GBR,1980,260722900
United Kingdom,GBR,1981,261409920
United Kingdom,GBR,1982,244740370
United Kingdom,GBR,1983,247221070
United Kingdom,GBR,1984,177550720
United Kingdom,GBR,1985,234322260
United Kingdom,GBR,1986,248503940
United Kingdom,GBR,1987,259279300
United Kingdom,GBR,1988,249764720
United Kingdom,GBR,1989,245880370
United Kingdom,GBR,1990,252689660
United Kingdom,GBR,1991,253622510
United Kingdom,GBR,1992,237746930
United Kingdom,GBR,1993,207685860
United Kingdom,GBR,1994,195375630
United Kingdom,GBR,1995,181699260
United Kingdom,GBR,1996,173071520
United Kingdom,GBR,1997,154728660
United Kingdom,GBR,1998,154087840
United Kingdom,GBR,1999,138313400
United Kingdom,GBR,2000,144443090
United Kingdom,GBR,2001,153533660
United Kingdom,GBR,2002,141691090
United Kingdom,GBR,2003,153102780
United Kingdom,GBR,2004,147662290
United Kingdom,GBR,2005,148032660
United Kingdom,GBR,2006,160843760
United Kingdom,GBR,2007,150843500
United Kingdom,GBR,2008,139219100
United Kingdom,GBR,2009,113823150
United Kingdom,GBR,2010,118030370
United Kingdom,GBR,2011,117149670
United Kingdom,GBR,2012,148005460
United Kingdom,GBR,2013,142456580
United Kingdom,GBR,2014,115433544
United Kingdom,GBR,2015,91548020
United Kingdom,GBR,2016,47824616
United Kingdom,GBR,2017,39128800
United Kingdom,GBR,2018,33280250
United Kingdom,GBR,2019,24512704
United Kingdom,GBR,2020,22809404
United Kingdom,GBR,2021,23758472
United Kingdom,GBR,2022,19979088
United Kingdom,GBR,2023,17914284
United Kingdom,GBR,2024,16948006
United States,USA,1800,252815.98
United States,USA,1801,267472
United States,USA,1802,289456
United States,USA,1803,296784
United States,USA,1804,333424
United States,USA,1805,340752
United States,USA,1806,333424
United States,USA,1807,377392
United States,USA,1808,392048
United States,USA,1809,403040
United States,USA,1810,417696
United States,USA,1811,447008
United States,USA,1812,483648
United States,USA,1813,520288
United States,USA,1814,560592
United States,USA,1815,600896
United States,USA,1816,663184
United States,USA,1817,718144
United States,USA,1818,780432
United States,USA,1819,762112
United States,USA,1820,791424
United States,USA,1821,828064
United States,USA,1822,864704
United States,USA,1823,901344
United States,USA,1824,1014928
United States,USA,1825,1135840
United States,USA,1826,1315376
United States,USA,1827,1447280
United States,USA,1828,1593840
United States,USA,1829,1795360
United States,USA,1830,2088480
United States,USA,1831,2264352
United States,USA,1832,3022800
United States,USA,1833,3528432
United States,USA,1834,3381872
United States,USA,1835,4316192
United States,USA,1836,4730224
United States,USA,1837,5305472
United States,USA,1838,5030672
United States,USA,1839,5517984
United States,USA,1840,5873392
United States,USA,1841,6214144
United States,USA,1842,6917632
United States,USA,1843,7764016
United States,USA,1844,9306560
United States,USA,1845,11204512
United States,USA,1846,12710416
United States,USA,1847,15070032
United States,USA,1848,16784784
United States,USA,1849,18221072
United States,USA,1850,19792928
United States,USA,1851,24633072
United States,USA,1852,26791168
United States,USA,1853,30162048
United States,USA,1854,33159198
United States,USA,1855,38160560
United States,USA,1856,40036530
United States,USA,1857,41055120
United States,USA,1858,41648690
United States,USA,1859,45320016
United States,USA,1860,47236270
United States,USA,1861,44818050
United States,USA,1862,46199470
United States,USA,1863,53743550
United States,USA,1864,57792270
United States,USA,1865,57799600
United States,USA,1866,57762960
United States,USA,1867,71499230
United States,USA,1868,80860820
United States,USA,1869,91970060
United States,USA,1870,96572050
United States,USA,1871,101001820
United States,USA,1872,123894500
United States,USA,1873,135655940
United States,USA,1874,129973070
United States,USA,1875,132318040
United States,USA,1876,129335630
United States,USA,1877,141998450
United States,USA,1878,137847000
United States,USA,1879,167606020
United States,USA,1880,188300290
United States,USA,1881,199277630
United States,USA,1882,223262180
United States,USA,1883,244495200
United States,USA,1884,257300750
United States,USA,1885,260312530
United States,USA,1886,269062180
United States,USA,1887,284824700
United States,USA,1888,346574100
United States,USA,1889,309776540
United States,USA,1890,372269980
United States,USA,1891,397225200
United States,USA,1892,423045440
United States,USA,1893,428105440
United States,USA,1894,399375800
United States,USA,1895,452372320
United States,USA,1896,450195940
United States,USA,1897,469464860
United States,USA,1898,515352600
United States,USA,1899,592450500
United States,USA,1900,626544000
United States,USA,1901,681540700
United States,USA,1902,715930940
United States,USA,1903,840041600
United States,USA,1904,818270400
United States,USA,1905,913479200
United States,USA,1906,964049660
United States,USA,1907,1115248500
United States,USA,1908,959762800
United States,USA,1909,1066608800
United States,USA,1910,1160396200
United States,USA,1911,1143127700
United States,USA,1912,1224395300
United States,USA,1913,1304578300
United States,USA,1914,1172135700
United States,USA,1915,1213597400
United States,USA,1916,1345442700
United States,USA,1917,1481644700
United States,USA,1918,1551136100
United States,USA,1919,1261251300
United States,USA,1920,1465534100
United States,USA,1921,1142651400
United States,USA,1922,1112891600
United States,USA,1923,1509469000
United States,USA,1924,1313206900
United States,USA,1925,1340480900
United States,USA,1926,1477932900
United States,USA,1927,1376693000
United States,USA,1928,1330157600
United States,USA,1929,1404589700
United States,USA,1930,1238165500
United States,USA,1931,1021481700
United States,USA,1932,834232960
United States,USA,1933,889861000
United States,USA,1934,963920260
United States,USA,1935,982155970
United States,USA,1936,1143798300
United States,USA,1937,1144951000
United States,USA,1938,906793800
United States,USA,1939,1024987900
United States,USA,1940,1168881900
United States,USA,1941,1294762400
United States,USA,1942,1458596900
United States,USA,1943,1470802800
United States,USA,1944,1545850200
United States,USA,1945,1421423100
United States,USA,1946,1298758100
United States,USA,1947,1449230700
United States,USA,1948,1433190300
United States,USA,1949,1063102300
United States,USA,1950,1257231900
United States,USA,1951,1211591200
United States,USA,1952,1074169700
United States,USA,1953,1065955100
United States,USA,1954,913448500
United States,USA,1955,1026216770
United States,USA,1956,1068352800
United States,USA,1957,1024078400
United States,USA,1958,888344100
United States,USA,1959,910965600
United States,USA,1960,917956600
United States,USA,1961,887431740
United States,USA,1962,920814500
United States,USA,1963,987004600
United States,USA,1964,1049171800
United States,USA,1965,1090611600
United States,USA,1966,1132714600
United States,USA,1967,1163051400
United States,USA,1968,1139606500
United States,USA,1969,1158010900
United States,USA,1970,1168108900
United States,USA,1971,1107424800
United States,USA,1972,1124861700
United States,USA,1973,1218720800
United States,USA,1974,1195945300
United States,USA,1975,1177800400
United States,USA,1976,1246707200
United States,USA,1977,1277582600
United States,USA,1978,1302327300
United States,USA,1979,1398657200
United States,USA,1980,1429848400
United States,USA,1981,1456649500
United States,USA,1982,1404552800
United States,USA,1983,1476306800
United States,USA,1984,1552072800
United States,USA,1985,1598528400
United States,USA,1986,1577180800
United States,USA,1987,1661618400
United States,USA,1988,1737956700
United States,USA,1989,1751781200
United States,USA,1990,1781824100
United States,USA,1991,1764220700
United States,USA,1992,1780598900
United States,USA,1993,1847291900
United States,USA,1994,1855937800
United States,USA,1995,1875786900
United States,USA,1996,1951815000
United States,USA,1997,1992723300
United States,USA,1998,2018609200
United States,USA,1999,2013120000
United States,USA,2000,2122339800
United States,USA,2001,2054728600
United States,USA,2002,2060072100
United States,USA,2003,2100323200
United States,USA,2004,2115292700
United States,USA,2005,2139954300
United States,USA,2006,2103871100
United States,USA,2007,2130169200
United States,USA,2008,2096887900
United States,USA,2009,1842391700
United States,USA,2010,1946510200
United States,USA,2011,1840243000
United States,USA,2012,1625427200
United States,USA,2013,1684671700
United States,USA,2014,1682162200
United States,USA,2015,1446990200
United States,USA,2016,1319993100
United States,USA,2017,1277049000
United States,USA,2018,1224379900
United States,USA,2019,1043896260
United States,USA,2020,853924740
United States,USA,2021,979503550
United States,USA,2022,916343040
United States,USA,2023,758572000
United States,USA,2024,732886300
Upper-middle-income countries,,1830,5978
Upper-middle-income countries,,1831,7172
Upper-middle-income countries,,1832,4781
Upper-middle-income countries,,1833,5978
Upper-middle-income countries,,1850,37054
Upper-middle-income countries,,1855,112361
Upper-middle-income countries,,1856,696783
Upper-middle-income countries,,1857,758224
Upper-middle-income countries,,1858,913958
Upper-middle-income countries,,1859,937885
Upper-middle-income countries,,1860,1056775
Upper-middle-income countries,,1861,1276413
Upper-middle-income countries,,1862,1362367
Upper-middle-income countries,,1863,1223655
Upper-middle-income countries,,1864,1573829
Upper-middle-income countries,,1865,1830519
Upper-middle-income countries,,1866,2729209
Upper-middle-income countries,,1867,2655574
Upper-middle-income countries,,1868,2748443
Upper-middle-income countries,,1869,2980256
Upper-middle-income countries,,1870,3154260
Upper-middle-income countries,,1871,3881911
Upper-middle-income countries,,1872,4205080
Upper-middle-income countries,,1873,4199275
Upper-middle-income countries,,1874,4376139
Upper-middle-income countries,,1875,4533113
Upper-middle-income countries,,1876,4610928
Upper-middle-income countries,,1877,4764208
Upper-middle-income countries,,1878,5571447
Upper-middle-income countries,,1879,5405881
Upper-middle-income countries,,1880,5905881
Upper-middle-income countries,,1881,6188935
Upper-middle-income countries,,1882,6404358
Upper-middle-income countries,,1883,7349156
Upper-middle-income countries,,1884,7499321
Upper-middle-income countries,,1885,7832949
Upper-middle-income countries,,1886,7930459
Upper-middle-income countries,,1887,8738124
Upper-middle-income countries,,1888,9358768
Upper-middle-income countries,,1889,11092224
Upper-middle-income countries,,1890,11342901
Upper-middle-income countries,,1891,12450708
Upper-middle-income countries,,1892,14550318
Upper-middle-income countries,,1893,16536603
Upper-middle-income countries,,1894,18678422
Upper-middle-income countries,,1895,20443472
Upper-middle-income countries,,1896,22075502
Upper-middle-income countries,,1897,24544432
Upper-middle-income countries,,1898,27747820
Upper-middle-income countries,,1899,30965676
Upper-middle-income countries,,1900,29229152
Upper-middle-income countries,,1901,31785884
Upper-middle-income countries,,1902,34115130
Upper-middle-income countries,,1903,37787056
Upper-middle-income countries,,1904,42806620
Upper-middle-income countries,,1905,45374316
Upper-middle-income countries,,1906,51879424
Upper-middle-income countries,,1907,76613060
Upper-middle-income countries,,1908,79531880
Upper-middle-income countries,,1909,84865960
Upper-middle-income countries,,1910,89336110
Upper-middle-income countries,,1911,92582800
Upper-middle-income countries,,1912,88833410
Upper-middle-income countries,,1913,102956040
Upper-middle-income countries,,1914,95249490
Upper-middle-income countries,,1915,84973464
Upper-middle-income countries,,1916,92879040
Upper-middle-income countries,,1917,93708936
Upper-middle-income countries,,1918,81107850
Upper-middle-income countries,,1919,86405580
Upper-middle-income countries,,1920,96595570
Upper-middle-income countries,,1921,91202456
Upper-middle-income countries,,1922,93209550
Upper-middle-income countries,,1923,109551256
Upper-middle-income countries,,1924,119314710
Upper-middle-income countries,,1925,116891944
Upper-middle-income countries,,1926,122454030
Upper-middle-income countries,,1927,132048530
Upper-middle-income countries,,1928,136455860
Upper-middle-income countries,,1929,140682770
Upper-middle-income countries,,1930,145770020
Upper-middle-income countries,,1931,145527840
Upper-middle-income countries,,1932,146416560
Upper-middle-income countries,,1933,160666340
Upper-middle-income countries,,1934,186784560
Upper-middle-income countries,,1935,212289570
Upper-middle-income countries,,1936,230953940
Upper-middle-income countries,,1937,230788960
Upper-middle-income countries,,1938,227404850
Upper-middle-income countries,,1939,241801940
Upper-middle-income countries,,1940,283821250
Upper-middle-income countries,,1941,282538100
Upper-middle-income countries,,1942,235488860
Upper-middle-income countries,,1943,227230270
Upper-middle-income countries,,1944,252173250
Upper-middle-income countries,,1945,231081920
Upper-middle-income countries,,1946,227922910
Upper-middle-income countries,,1947,259802420
Upper-middle-income countries,,1948,268377580
Upper-middle-income countries,,1949,312430370
Upper-middle-income countries,,1950,340823970
Upper-middle-income countries,,1951,383432540
Upper-middle-income countries,,1952,424057470
Upper-middle-income countries,,1953,438474850
Upper-middle-income countries,,1954,487941400
Upper-middle-income countries,,1955,553535940
Upper-middle-income countries,,1956,601777150
Upper-middle-income countries,,1957,665888000
Upper-middle-income countries,,1958,948378050
Upper-middle-income countries,,1959,1146112100
Upper-middle-income countries,,1960,1209631100
Upper-middle-income countries,,1961,986200800
Upper-middle-income countries,,1962,883376800
Upper-middle-income countries,,1963,900798850
Upper-middle-income countries,,1964,921751100
Upper-middle-income countries,,1965,976312800
Upper-middle-income countries,,1966,1027700000
Upper-middle-income countries,,1967,952706500
Upper-middle-income countries,,1968,989891800
Upper-middle-income countries,,1969,1093441700
Upper-middle-income countries,,1970,1293430900
Upper-middle-income countries,,1971,1391301800
Upper-middle-income countries,,1972,1445695900
Upper-middle-income countries,,1973,1472355500
Upper-middle-income countries,,1974,1478259800
Upper-middle-income countries,,1975,1635623200
Upper-middle-income countries,,1976,1665400700
Upper-middle-income countries,,1977,1774816500
Upper-middle-income countries,,1978,1905715000
Upper-middle-income countries,,1979,1970449000
Upper-middle-income countries,,1980,1977566500
Upper-middle-income countries,,1981,1977552000
Upper-middle-income countries,,1982,2124755100
Upper-middle-income countries,,1983,2221782500
Upper-middle-income countries,,1984,2396675800
Upper-middle-income countries,,1985,2623890000
Upper-middle-income countries,,1986,2725960700
Upper-middle-income countries,,1987,2853409000
Upper-middle-income countries,,1988,2988455000
Upper-middle-income countries,,1989,2975550500
Upper-middle-income countries,,1990,2954262300
Upper-middle-income countries,,1991,2992169700
Upper-middle-income countries,,1992,3056200200
Upper-middle-income countries,,1993,3175636200
Upper-middle-income countries,,1994,3261341400
Upper-middle-income countries,,1995,3464508700
Upper-middle-income countries,,1996,3543311600
Upper-middle-income countries,,1997,3513587200
Upper-middle-income countries,,1998,3317801200
Upper-middle-income countries,,1999,3432502300
Upper-middle-income countries,,2000,3513387300
Upper-middle-income countries,,2001,3563375400
Upper-middle-income countries,,2002,3954275600
Upper-middle-income countries,,2003,4629794000
Upper-middle-income countries,,2004,4905913300
Upper-middle-income countries,,2005,5516623000
Upper-middle-income countries,,2006,6065385000
Upper-middle-income countries,,2007,6531558400
Upper-middle-income countries,,2008,6979136500
Upper-middle-income countries,,2009,7248489500
Upper-middle-income countries,,2010,7885269500
Upper-middle-income countries,,2011,8686155000
Upper-middle-income countries,,2012,8872918000
Upper-middle-income countries,,2013,8875052000
Upper-middle-income countries,,2014,8849902000
Upper-middle-income countries,,2015,8673963000
Upper-middle-income countries,,2016,8512407000
Upper-middle-income countries,,2017,8618712000
Upper-middle-income countries,,2018,8859788000
Upper-middle-income countries,,2019,9115272000
Upper-middle-income countries,,2020,9206247000
Upper-middle-income countries,,2021,9484087000
Upper-middle-income countries,,2022,10001110000
Upper-middle-income countries,,2023,10305905000
Upper-middle-income countries,,2024,10508610000
Uruguay,URY,1856,32853
Uruguay,URY,1857,46787
Uruguay,URY,1858,109184
Uruguay,URY,1859,61594
Uruguay,URY,1860,68206
Uruguay,URY,1861,100820
Uruguay,URY,1862,84374
Uruguay,URY,1863,126532
Uruguay,URY,1864,107614
Uruguay,URY,1865,166158
Uruguay,URY,1866,304208
Uruguay,URY,1867,319443
Uruguay,URY,1868,467312
Uruguay,URY,1869,431035
Uruguay,URY,1870,317615
Uruguay,URY,1871,248655
Uruguay,URY,1872,336081
Uruguay,URY,1873,264687
Uruguay,URY,1874,463087
Uruguay,URY,1875,303788
Uruguay,URY,1876,310649
Uruguay,URY,1877,362663
Uruguay,URY,1878,337048
Uruguay,URY,1879,302831
Uruguay,URY,1880,356635
Uruguay,URY,1881,426198
Uruguay,URY,1882,345925
Uruguay,URY,1883,443020
Uruguay,URY,1884,548277
Uruguay,URY,1885,655081
Uruguay,URY,1886,452351
Uruguay,URY,1887,651498
Uruguay,URY,1888,748321
Uruguay,URY,1889,1229904
Uruguay,URY,1890,705199
Uruguay,URY,1891,586852
Uruguay,URY,1892,497138
Uruguay,URY,1893,597786
Uruguay,URY,1894,770032
Uruguay,URY,1895,754985
Uruguay,URY,1896,787278
Uruguay,URY,1897,618717
Uruguay,URY,1898,938460
Uruguay,URY,1899,946793
Uruguay,URY,1900,1217770
Uruguay,URY,1901,1237716
Uruguay,URY,1902,1738606
Uruguay,URY,1903,1513045
Uruguay,URY,1904,1048154
Uruguay,URY,1905,922569
Uruguay,URY,1906,1675332
Uruguay,URY,1907,2186012
Uruguay,URY,1908,2529547
Uruguay,URY,1909,2475355
Uruguay,URY,1910,2598250
Uruguay,URY,1911,2501037
Uruguay,URY,1912,2343055
Uruguay,URY,1913,2123324
Uruguay,URY,1914,1651411
Uruguay,URY,1915,1242910
Uruguay,URY,1916,824301
Uruguay,URY,1917,788909
Uruguay,URY,1918,1028525.94
Uruguay,URY,1919,1059183
Uruguay,URY,1920,999521
Uruguay,URY,1921,821180
Uruguay,URY,1922,1297537
Uruguay,URY,1923,1122885
Uruguay,URY,1924,1254351
Uruguay,URY,1925,904148
Uruguay,URY,1926,829218
Uruguay,URY,1927,754033
Uruguay,URY,1928,621536
Uruguay,URY,1929,873884
Uruguay,URY,1930,729660
Uruguay,URY,1931,852850
Uruguay,URY,1932,650146
Uruguay,URY,1933,725451
Uruguay,URY,1934,689741
Uruguay,URY,1935,780648
Uruguay,URY,1936,836235
Uruguay,URY,1937,719657
Uruguay,URY,1938,650754
Uruguay,URY,1939,757937
Uruguay,URY,1940,857464
Uruguay,URY,1941,681378
Uruguay,URY,1942,482323
Uruguay,URY,1943,738798
Uruguay,URY,1944,608648
Uruguay,URY,1945,746454
Uruguay,URY,1946,375140
Uruguay,URY,1947,283269
Uruguay,URY,1948,313893
Uruguay,URY,1949,313893
Uruguay,URY,1950,333034
Uruguay,URY,1951,304112
Uruguay,URY,1952,260144
Uruguay,URY,1953,179536
Uruguay,URY,1954,194192
Uruguay,URY,1955,201520
Uruguay,URY,1956,223708
Uruguay,URY,1957,208848
Uruguay,URY,1958,223504
Uruguay,URY,1959,120912
Uruguay,URY,1960,172208
Uruguay,URY,1961,124576
Uruguay,URY,1962,109820
Uruguay,URY,1963,117348
Uruguay,URY,1964,84272
Uruguay,URY,1965,109920
Uruguay,URY,1966,98928
Uruguay,URY,1967,106256
Uruguay,URY,1968,87936
Uruguay,URY,1969,80555
Uruguay,URY,1970,58624
Uruguay,URY,1971,95264
Uruguay,URY,1972,87936
Uruguay,URY,1973,73327
Uruguay,URY,1974,76944
Uruguay,URY,1975,76944
Uruguay,URY,1976,69616
Uruguay,URY,1977,65952
Uruguay,URY,1978,7328
Uruguay,URY,1979,14656
Uruguay,URY,1980,10992
Uruguay,URY,1981,7328
Uruguay,URY,1982,7328
Uruguay,URY,1983,3664
Uruguay,URY,1984,3664
Uruguay,URY,1985,3660
Uruguay,URY,1986,3660
Uruguay,URY,1987,3664
Uruguay,URY,1988,3664
Uruguay,URY,1989,0
Uruguay,URY,1990,3661
Uruguay,URY,1991,3661
Uruguay,URY,1992,3664
Uruguay,URY,1993,0
Uruguay,URY,1994,0
Uruguay,URY,1995,0
Uruguay,URY,1996,3661
Uruguay,URY,1997,3666
Uruguay,URY,1998,3666
Uruguay,URY,1999,3662
Uruguay,URY,2000,3664
Uruguay,URY,2001,3664
Uruguay,URY,2002,3664
Uruguay,URY,2003,3667
Uruguay,URY,2004,3664
Uruguay,URY,2005,3666
Uruguay,URY,2006,7324
Uruguay,URY,2007,10992
Uruguay,URY,2008,7325
Uruguay,URY,2009,7328
Uruguay,URY,2010,7324
Uruguay,URY,2011,7328
Uruguay,URY,2012,7328
Uruguay,URY,2013,7332
Uruguay,URY,2014,0
Uruguay,URY,2015,0
Uruguay,URY,2016,0
Uruguay,URY,2017,0
Uruguay,URY,2018,0
Uruguay,URY,2019,0
Uruguay,URY,2020,0
Uruguay,URY,2021,0
Uruguay,URY,2022,7328
Uruguay,URY,2023,8097.9995
Uruguay,URY,2024,8190.9995
Uzbekistan,UZB,1830,477
Uzbekistan,UZB,1831,572
Uzbekistan,UZB,1832,381
Uzbekistan,UZB,1833,477
Uzbekistan,UZB,1850,2956
Uzbekistan,UZB,1855,8964
Uzbekistan,UZB,1858,12588
Uzbekistan,UZB,1859,13351
Uzbekistan,UZB,1860,16147.999
Uzbekistan,UZB,1861,20900
Uzbekistan,UZB,1862,18710
Uzbekistan,UZB,1863,18746
Uzbekistan,UZB,1864,20428
Uzbekistan,UZB,1865,18989
Uzbekistan,UZB,1866,67148
Uzbekistan,UZB,1867,75785
Uzbekistan,UZB,1868,57339
Uzbekistan,UZB,1869,81781
Uzbekistan,UZB,1870,89610
Uzbekistan,UZB,1871,126502.01
Uzbekistan,UZB,1872,129163
Uzbekistan,UZB,1873,109391
Uzbekistan,UZB,1874,126289.99
Uzbekistan,UZB,1875,133971
Uzbekistan,UZB,1876,152208
Uzbekistan,UZB,1877,135313
Uzbekistan,UZB,1878,183627
Uzbekistan,UZB,1879,171663
Uzbekistan,UZB,1880,204942
Uzbekistan,UZB,1881,185759
Uzbekistan,UZB,1882,192039
Uzbekistan,UZB,1883,222747
Uzbekistan,UZB,1884,175142
Uzbekistan,UZB,1885,167209
Uzbekistan,UZB,1886,169538
Uzbekistan,UZB,1887,150071
Uzbekistan,UZB,1888,150164
Uzbekistan,UZB,1889,176335
Uzbekistan,UZB,1890,184338
Uzbekistan,UZB,1891,179065
Uzbekistan,UZB,1892,193810
Uzbekistan,UZB,1893,224785
Uzbekistan,UZB,1894,259595.98
Uzbekistan,UZB,1895,241664
Uzbekistan,UZB,1896,254051
Uzbekistan,UZB,1897,299448
Uzbekistan,UZB,1898,332942
Uzbekistan,UZB,1899,426465
Uzbekistan,UZB,1900,466317
Uzbekistan,UZB,1901,427361
Uzbekistan,UZB,1902,424924
Uzbekistan,UZB,1903,458943
Uzbekistan,UZB,1904,550394
Uzbekistan,UZB,1905,601178
Uzbekistan,UZB,1906,687250
Uzbekistan,UZB,1907,812995
Uzbekistan,UZB,1908,821593
Uzbekistan,UZB,1909,856667
Uzbekistan,UZB,1910,798717
Uzbekistan,UZB,1911,901229
Uzbekistan,UZB,1912,1118696
Uzbekistan,UZB,1913,1326982
Uzbekistan,UZB,1914,1071408
Uzbekistan,UZB,1915,842647
Uzbekistan,UZB,1916,895374
Uzbekistan,UZB,1917,852553
Uzbekistan,UZB,1918,321797
Uzbekistan,UZB,1919,187052
Uzbekistan,UZB,1920,178879
Uzbekistan,UZB,1921,219471
Uzbekistan,UZB,1922,266694
Uzbekistan,UZB,1923,289898
Uzbekistan,UZB,1924,394844
Uzbekistan,UZB,1925,353901
Uzbekistan,UZB,1926,628064
Uzbekistan,UZB,1927,809002
Uzbekistan,UZB,1928,943756
Uzbekistan,UZB,1929,900504
Uzbekistan,UZB,1930,903449
Uzbekistan,UZB,1931,1072334
Uzbekistan,UZB,1932,1461255
Uzbekistan,UZB,1933,1820322
Uzbekistan,UZB,1934,2318277
Uzbekistan,UZB,1935,2766059
Uzbekistan,UZB,1936,3267565
Uzbekistan,UZB,1937,3290763
Uzbekistan,UZB,1938,3471787
Uzbekistan,UZB,1939,3534541
Uzbekistan,UZB,1940,4710110
Uzbekistan,UZB,1941,3944073
Uzbekistan,UZB,1942,1246967
Uzbekistan,UZB,1943,1587236
Uzbekistan,UZB,1944,2470431
Uzbekistan,UZB,1945,4097084
Uzbekistan,UZB,1946,4488312
Uzbekistan,UZB,1947,5340470
Uzbekistan,UZB,1948,5459665
Uzbekistan,UZB,1949,6155948
Uzbekistan,UZB,1950,6686278
Uzbekistan,UZB,1951,7233823
Uzbekistan,UZB,1952,7518880
Uzbekistan,UZB,1953,7699265
Uzbekistan,UZB,1954,8275717
Uzbekistan,UZB,1955,9128341
Uzbekistan,UZB,1956,9373913
Uzbekistan,UZB,1957,9435168
Uzbekistan,UZB,1958,9019582
Uzbekistan,UZB,1959,8697414
Uzbekistan,UZB,1960,8129103.5
Uzbekistan,UZB,1961,7363679
Uzbekistan,UZB,1962,6782169
Uzbekistan,UZB,1963,6700024
Uzbekistan,UZB,1964,6571718
Uzbekistan,UZB,1965,6552264
Uzbekistan,UZB,1966,6607435
Uzbekistan,UZB,1967,6450795
Uzbekistan,UZB,1968,6178127
Uzbekistan,UZB,1969,6146895
Uzbekistan,UZB,1970,6805210
Uzbekistan,UZB,1971,6623028
Uzbekistan,UZB,1972,6772809
Uzbekistan,UZB,1973,6716837
Uzbekistan,UZB,1974,6595635
Uzbekistan,UZB,1975,6675857
Uzbekistan,UZB,1976,6731254
Uzbekistan,UZB,1977,6733971
Uzbekistan,UZB,1978,6582146
Uzbekistan,UZB,1979,6542307
Uzbekistan,UZB,1980,6926150
Uzbekistan,UZB,1981,5972582
Uzbekistan,UZB,1982,5990667
Uzbekistan,UZB,1983,5816836
Uzbekistan,UZB,1984,5641490
Uzbekistan,UZB,1985,6505099
Uzbekistan,UZB,1986,7400874
Uzbekistan,UZB,1987,6121764
Uzbekistan,UZB,1988,6949465
Uzbekistan,UZB,1989,7805431
Uzbekistan,UZB,1990,7023130
Uzbekistan,UZB,1991,6257697
Uzbekistan,UZB,1992,9691600
Uzbekistan,UZB,1993,7386624
Uzbekistan,UZB,1994,7478224
Uzbekistan,UZB,1995,4209936
Uzbekistan,UZB,1996,4722896
Uzbekistan,UZB,1997,3883840
Uzbekistan,UZB,1998,4056173.8
Uzbekistan,UZB,1999,4026735.8
Uzbekistan,UZB,2000,4916939
Uzbekistan,UZB,2001,5048992
Uzbekistan,UZB,2002,5041809
Uzbekistan,UZB,2003,3876625
Uzbekistan,UZB,2004,4583530
Uzbekistan,UZB,2005,4426112
Uzbekistan,UZB,2006,4752062
Uzbekistan,UZB,2007,5034490
Uzbekistan,UZB,2008,4924416
Uzbekistan,UZB,2009,5305472
Uzbekistan,UZB,2010,5151403
Uzbekistan,UZB,2011,5415392
Uzbekistan,UZB,2012,5470520
Uzbekistan,UZB,2013,8016832.5
Uzbekistan,UZB,2014,7434256
Uzbekistan,UZB,2015,5994515
Uzbekistan,UZB,2016,7097404
Uzbekistan,UZB,2017,6693903
Uzbekistan,UZB,2018,9665632
Uzbekistan,UZB,2019,8291631.5
Uzbekistan,UZB,2020,11520001
Uzbekistan,UZB,2021,10240880
Uzbekistan,UZB,2022,11900672
Uzbekistan,UZB,2023,18110842
Uzbekistan,UZB,2024,19764794
Vanuatu,VUT,1962,10992
Vanuatu,VUT,1963,6595
Vanuatu,VUT,1964,31144
Vanuatu,VUT,1965,14656
Vanuatu,VUT,1966,40304
Vanuatu,VUT,1967,43968
Vanuatu,VUT,1968,7328
Vanuatu,VUT,1969,0
Vanuatu,VUT,1970,0
Vanuatu,VUT,1971,0
Vanuatu,VUT,1972,0
Venezuela,VEN,1870,1016.00006
Venezuela,VEN,1871,769
Venezuela,VEN,1872,505
Venezuela,VEN,1873,1316
Venezuela,VEN,1874,1924
Venezuela,VEN,1875,657
Venezuela,VEN,1876,1670
Venezuela,VEN,1877,2675
Venezuela,VEN,1878,2811
Venezuela,VEN,1879,2793
Venezuela,VEN,1880,3134
Venezuela,VEN,1881,2680
Venezuela,VEN,1882,1675
Venezuela,VEN,1883,1436
Venezuela,VEN,1884,3439
Venezuela,VEN,1885,31645
Venezuela,VEN,1886,25738
Venezuela,VEN,1887,44489
Venezuela,VEN,1888,61063
Venezuela,VEN,1889,73051
Venezuela,VEN,1890,89329
Venezuela,VEN,1891,97732
Venezuela,VEN,1892,78108
Venezuela,VEN,1893,84995
Venezuela,VEN,1894,71201
Venezuela,VEN,1895,71694
Venezuela,VEN,1896,63033
Venezuela,VEN,1897,67898
Venezuela,VEN,1898,52024
Venezuela,VEN,1899,53527
Venezuela,VEN,1900,37679
Venezuela,VEN,1901,50398
Venezuela,VEN,1902,51352
Venezuela,VEN,1903,34945
Venezuela,VEN,1904,63294
Venezuela,VEN,1905,45948
Venezuela,VEN,1906,35235
Venezuela,VEN,1907,47862
Venezuela,VEN,1908,37284
Venezuela,VEN,1909,36579
Venezuela,VEN,1910,29929
Venezuela,VEN,1911,41837
Venezuela,VEN,1912,58862
Venezuela,VEN,1913,67985
Venezuela,VEN,1914,79052
Venezuela,VEN,1915,75264
Venezuela,VEN,1916,90460
Venezuela,VEN,1917,66426
Venezuela,VEN,1918,80006
Venezuela,VEN,1919,74795
Venezuela,VEN,1920,52106
Venezuela,VEN,1921,85236
Venezuela,VEN,1922,96303
Venezuela,VEN,1923,102277
Venezuela,VEN,1924,91602
Venezuela,VEN,1925,122587
Venezuela,VEN,1926,94626
Venezuela,VEN,1927,74728
Venezuela,VEN,1928,85816
Venezuela,VEN,1929,114388
Venezuela,VEN,1930,60198
Venezuela,VEN,1931,57700
Venezuela,VEN,1932,47444
Venezuela,VEN,1933,66280
Venezuela,VEN,1934,53186
Venezuela,VEN,1935,41360
Venezuela,VEN,1936,56351
Venezuela,VEN,1937,67039
Venezuela,VEN,1938,68903
Venezuela,VEN,1939,57421
Venezuela,VEN,1940,57421
Venezuela,VEN,1941,49765
Venezuela,VEN,1942,65077
Venezuela,VEN,1943,65077
Venezuela,VEN,1944,49765
Venezuela,VEN,1945,45936
Venezuela,VEN,1946,42109
Venezuela,VEN,1947,42109
Venezuela,VEN,1948,45936
Venezuela,VEN,1949,61247
Venezuela,VEN,1950,68903
Venezuela,VEN,1951,76944
Venezuela,VEN,1952,69616
Venezuela,VEN,1953,80608
Venezuela,VEN,1954,87930
Venezuela,VEN,1955,84272
Venezuela,VEN,1956,84267
Venezuela,VEN,1957,95264
Venezuela,VEN,1958,98921
Venezuela,VEN,1959,91605
Venezuela,VEN,1960,95264
Venezuela,VEN,1961,113584
Venezuela,VEN,1962,377418
Venezuela,VEN,1963,450672
Venezuela,VEN,1964,531314
Venezuela,VEN,1965,567954
Venezuela,VEN,1966,472656
Venezuela,VEN,1967,597265
Venezuela,VEN,1968,982007
Venezuela,VEN,1969,809701
Venezuela,VEN,1970,923328
Venezuela,VEN,1971,494611
Venezuela,VEN,1972,545904
Venezuela,VEN,1973,982006
Venezuela,VEN,1974,703522
Venezuela,VEN,1975,670551
Venezuela,VEN,1976,538574
Venezuela,VEN,1977,1069950
Venezuela,VEN,1978,373728
Venezuela,VEN,1979,600925
Venezuela,VEN,1980,732800
Venezuela,VEN,1981,271147
Venezuela,VEN,1982,381041
Venezuela,VEN,1983,501988
Venezuela,VEN,1984,633872
Venezuela,VEN,1985,326108
Venezuela,VEN,1986,337088
Venezuela,VEN,1987,399376
Venezuela,VEN,1988,663184
Venezuela,VEN,1989,1025920.06
Venezuela,VEN,1990,1216448
Venezuela,VEN,1991,1139504
Venezuela,VEN,1992,1231104
Venezuela,VEN,1993,1003966
Venezuela,VEN,1994,762134
Venezuela,VEN,1995,18320
Venezuela,VEN,1996,58624
Venezuela,VEN,1997,124579
Venezuela,VEN,1998,3517539
Venezuela,VEN,1999,131907
Venezuela,VEN,2000,479984
Venezuela,VEN,2001,175872
Venezuela,VEN,2002,65952
Venezuela,VEN,2003,157552
Venezuela,VEN,2004,0
Venezuela,VEN,2005,139232
Venezuela,VEN,2006,648528
Venezuela,VEN,2007,403040
Venezuela,VEN,2008,512960.03
Venezuela,VEN,2009,861060
Venezuela,VEN,2010,754798
Venezuela,VEN,2011,776768
Venezuela,VEN,2012,798752
Venezuela,VEN,2013,795088
Venezuela,VEN,2014,747471
Venezuela,VEN,2015,699824
Venezuela,VEN,2016,582576
Venezuela,VEN,2017,490976
Venezuela,VEN,2018,392060
Venezuela,VEN,2019,285792
Venezuela,VEN,2020,197856
Venezuela,VEN,2021,201520
Venezuela,VEN,2022,217430
Venezuela,VEN,2023,267352
Venezuela,VEN,2024,292380
Vietnam,VNM,1892,212512
Vietnam,VNM,1893,663184
Vietnam,VNM,1894,304112
Vietnam,VNM,1895,179536
Vietnam,VNM,1896,362736
Vietnam,VNM,1897,523952
Vietnam,VNM,1898,655856
Vietnam,VNM,1899,732800
Vietnam,VNM,1900,512960.03
Vietnam,VNM,1901,501968.03
Vietnam,VNM,1902,399376
Vietnam,VNM,1903,556928
Vietnam,VNM,1904,802416
Vietnam,VNM,1905,791424
Vietnam,VNM,1906,835392
Vietnam,VNM,1907,850048
Vietnam,VNM,1908,919664
Vietnam,VNM,1909,1018592
Vietnam,VNM,1910,1322704
Vietnam,VNM,1911,1157824
Vietnam,VNM,1912,1139504
Vietnam,VNM,1913,1352016
Vietnam,VNM,1914,1645136
Vietnam,VNM,1915,1707424
Vietnam,VNM,1916,1817344
Vietnam,VNM,1917,1736736
Vietnam,VNM,1918,1689104
Vietnam,VNM,1919,1766048
Vietnam,VNM,1920,1857648
Vietnam,VNM,1921,2443888
Vietnam,VNM,1922,2627088
Vietnam,VNM,1923,2802960
Vietnam,VNM,1924,3279280
Vietnam,VNM,1925,3616368
Vietnam,VNM,1926,3422176
Vietnam,VNM,1927,3957120
Vietnam,VNM,1928,5217536
Vietnam,VNM,1929,5232192
Vietnam,VNM,1930,5188224
Vietnam,VNM,1931,4580000
Vietnam,VNM,1932,4543360
Vietnam,VNM,1933,4220928
Vietnam,VNM,1934,4224592
Vietnam,VNM,1935,4708240
Vietnam,VNM,1936,5800112
Vietnam,VNM,1937,6122544
Vietnam,VNM,1938,6221472
Vietnam,VNM,1939,6939616
Vietnam,VNM,1940,6631840
Vietnam,VNM,1941,6177504
Vietnam,VNM,1942,3297600
Vietnam,VNM,1943,2707696
Vietnam,VNM,1944,1425296
Vietnam,VNM,1945,611888
Vietnam,VNM,1946,696160
Vietnam,VNM,1947,692401
Vietnam,VNM,1948,952640
Vietnam,VNM,1949,1000272.06
Vietnam,VNM,1950,1039485
Vietnam,VNM,1951,622880
Vietnam,VNM,1952,1000272.06
Vietnam,VNM,1953,622880
Vietnam,VNM,1954,1395984
Vietnam,VNM,1955,2198400
Vietnam,VNM,1956,1586512
Vietnam,VNM,1957,1357615
Vietnam,VNM,1958,3107072
Vietnam,VNM,1959,4609312
Vietnam,VNM,1960,5488672
Vietnam,VNM,1961,5726832
Vietnam,VNM,1962,7122816
Vietnam,VNM,1963,6690464
Vietnam,VNM,1964,7258384
Vietnam,VNM,1965,7687072
Vietnam,VNM,1966,8073333.5
Vietnam,VNM,1967,6822368
Vietnam,VNM,1968,7221744
Vietnam,VNM,1969,7232736
Vietnam,VNM,1970,7287696
Vietnam,VNM,1971,6763744
Vietnam,VNM,1972,5100288
Vietnam,VNM,1973,7349984
Vietnam,VNM,1974,8780921
Vietnam,VNM,1975,12177088
Vietnam,VNM,1976,11391376
Vietnam,VNM,1977,12567520
Vietnam,VNM,1978,12124176
Vietnam,VNM,1979,12615152
Vietnam,VNM,1980,12736064
Vietnam,VNM,1981,13266424
Vietnam,VNM,1982,13528453
Vietnam,VNM,1983,13890224
Vietnam,VNM,1984,11673504
Vietnam,VNM,1985,14839200
Vietnam,VNM,1986,14091744
Vietnam,VNM,1987,16062977
Vietnam,VNM,1988,13951055
Vietnam,VNM,1989,8537120
Vietnam,VNM,1990,11057952
Vietnam,VNM,1991,11997983
Vietnam,VNM,1992,10981008
Vietnam,VNM,1993,8896192
Vietnam,VNM,1994,10911392
Vietnam,VNM,1995,12550791
Vietnam,VNM,1996,14747600
Vietnam,VNM,1997,21527760
Vietnam,VNM,1998,21681868
Vietnam,VNM,1999,20031088
Vietnam,VNM,2000,20716256
Vietnam,VNM,2001,24953354
Vietnam,VNM,2002,27490992
Vietnam,VNM,2003,31975728
Vietnam,VNM,2004,34791910
Vietnam,VNM,2005,39457616
Vietnam,VNM,2006,42744224
Vietnam,VNM,2007,36464130
Vietnam,VNM,2008,43640510
Vietnam,VNM,2009,45488560
Vietnam,VNM,2010,47463456
Vietnam,VNM,2011,59550990
Vietnam,VNM,2012,52314590
Vietnam,VNM,2013,56561170
Vietnam,VNM,2014,78149460
Vietnam,VNM,2015,97898420
Vietnam,VNM,2016,106904530
Vietnam,VNM,2017,108302344
Vietnam,VNM,2018,122273224
Vietnam,VNM,2019,191608880
Vietnam,VNM,2020,215959820
Vietnam,VNM,2021,172612560
Vietnam,VNM,2022,177248100
Vietnam,VNM,2023,209114370
Vietnam,VNM,2024,229185540
World,OWID_WRL,1750,9305937
World,OWID_WRL,1751,9407229
World,OWID_WRL,1752,9505168
World,OWID_WRL,1753,9610490
World,OWID_WRL,1754,9733580
World,OWID_WRL,1755,9793468
World,OWID_WRL,1756,9909914
World,OWID_WRL,1757,10093936
World,OWID_WRL,1758,10216358
World,OWID_WRL,1759,10338854
World,OWID_WRL,1760,10514331
World,OWID_WRL,1761,10747885
World,OWID_WRL,1762,10952198
World,OWID_WRL,1763,11191592
World,OWID_WRL,1764,11396982
World,OWID_WRL,1765,11643486
World,OWID_WRL,1766,11876080
World,OWID_WRL,1767,12152509
World,OWID_WRL,1768,12466936
World,OWID_WRL,1769,12780074
World,OWID_WRL,1770,13097216
World,OWID_WRL,1771,13369488
World,OWID_WRL,1772,13623507
World,OWID_WRL,1773,13808138
World,OWID_WRL,1774,14012415
World,OWID_WRL,1775,14338920
World,OWID_WRL,1776,14654124
World,OWID_WRL,1777,14959537
World,OWID_WRL,1778,15243483
World,OWID_WRL,1779,15535235
World,OWID_WRL,1780,15878726
World,OWID_WRL,1781,16234383
World,OWID_WRL,1782,16580954
World,OWID_WRL,1783,17062752
World,OWID_WRL,1784,17471092
World,OWID_WRL,1785,17965128
World,OWID_WRL,1786,18447496
World,OWID_WRL,1787,18859130
World,OWID_WRL,1788,19286228
World,OWID_WRL,1789,19863424
World,OWID_WRL,1790,20398094
World,OWID_WRL,1791,20931750
World,OWID_WRL,1792,21929214
World,OWID_WRL,1793,22297260
World,OWID_WRL,1794,22519656
World,OWID_WRL,1795,22315246
World,OWID_WRL,1796,22121374
World,OWID_WRL,1797,22090078
World,OWID_WRL,1798,23105928
World,OWID_WRL,1799,27485206
World,OWID_WRL,1800,32798352
World,OWID_WRL,1801,31986050
World,OWID_WRL,1802,40310476
World,OWID_WRL,1803,29538506
World,OWID_WRL,1804,31769176
World,OWID_WRL,1805,31251818
World,OWID_WRL,1806,32704620
World,OWID_WRL,1807,36200652
World,OWID_WRL,1808,35497788
World,OWID_WRL,1809,36333812
World,OWID_WRL,1810,39492310
World,OWID_WRL,1811,40176680
World,OWID_WRL,1812,40814520
World,OWID_WRL,1813,41206140
World,OWID_WRL,1814,42226650
World,OWID_WRL,1815,43587264
World,OWID_WRL,1816,45496580
World,OWID_WRL,1817,49275920
World,OWID_WRL,1818,51392010
World,OWID_WRL,1819,50930170
World,OWID_WRL,1820,50733076
World,OWID_WRL,1821,52059348
World,OWID_WRL,1822,54021710
World,OWID_WRL,1823,56357760
World,OWID_WRL,1824,57583636
World,OWID_WRL,1825,60730864
World,OWID_WRL,1826,61382130
World,OWID_WRL,1827,65738572
World,OWID_WRL,1828,66681790
World,OWID_WRL,1829,66307412
World,OWID_WRL,1830,88988500
World,OWID_WRL,1831,83250904
World,OWID_WRL,1832,82091750
World,OWID_WRL,1833,83248940
World,OWID_WRL,1834,88763100
World,OWID_WRL,1835,97399600
World,OWID_WRL,1836,106894500
World,OWID_WRL,1837,106199420
World,OWID_WRL,1838,105845260
World,OWID_WRL,1839,109653030
World,OWID_WRL,1840,118808510
World,OWID_WRL,1841,122165550
World,OWID_WRL,1842,129388790
World,OWID_WRL,1843,132369384
World,OWID_WRL,1844,141966450
World,OWID_WRL,1845,155073400
World,OWID_WRL,1846,157701780
World,OWID_WRL,1847,170796750
World,OWID_WRL,1848,173643470
World,OWID_WRL,1849,185048030
World,OWID_WRL,1850,196847600
World,OWID_WRL,1851,198778540
World,OWID_WRL,1852,207595090
World,OWID_WRL,1853,217236980
World,OWID_WRL,1854,255038560
World,OWID_WRL,1855,260223200
World,OWID_WRL,1856,278205300
World,OWID_WRL,1857,281129760
World,OWID_WRL,1858,285486080
World,OWID_WRL,1859,302517220
World,OWID_WRL,1860,332025020
World,OWID_WRL,1861,348249180
World,OWID_WRL,1862,354592450
World,OWID_WRL,1863,378241820
World,OWID_WRL,1864,408415520
World,OWID_WRL,1865,433531620
World,OWID_WRL,1866,447115230
World,OWID_WRL,1867,478829120
World,OWID_WRL,1868,492205060
World,OWID_WRL,1869,522117060
World,OWID_WRL,1870,532990460
World,OWID_WRL,1871,566494800
World,OWID_WRL,1872,627263600
World,OWID_WRL,1873,664798340
World,OWID_WRL,1874,622420100
World,OWID_WRL,1875,675214100
World,OWID_WRL,1876,684048400
World,OWID_WRL,1877,695211100
World,OWID_WRL,1878,699611840
World,OWID_WRL,1879,747137800
World,OWID_WRL,1880,842695000
World,OWID_WRL,1881,870726000
World,OWID_WRL,1882,918787400
World,OWID_WRL,1883,980635650
World,OWID_WRL,1884,989938050
World,OWID_WRL,1885,994472960
World,OWID_WRL,1886,1003116540
World,OWID_WRL,1887,1048460500
World,OWID_WRL,1888,1159448800
World,OWID_WRL,1889,1160884600
World,OWID_WRL,1890,1260254300
World,OWID_WRL,1891,1319138200
World,OWID_WRL,1892,1331829200
World,OWID_WRL,1893,1312682800
World,OWID_WRL,1894,1363137000
World,OWID_WRL,1895,1439659400
World,OWID_WRL,1896,1485243800
World,OWID_WRL,1897,1554677000
World,OWID_WRL,1898,1640331000
World,OWID_WRL,1899,1792204000
World,OWID_WRL,1900,1882644500
World,OWID_WRL,1901,1936355600
World,OWID_WRL,1902,1980298800
World,OWID_WRL,1903,2161955300
World,OWID_WRL,1904,2174434300
World,OWID_WRL,1905,2320898600
World,OWID_WRL,1906,2425449000
World,OWID_WRL,1907,2758979300
World,OWID_WRL,1908,2635282400
World,OWID_WRL,1909,2740823300
World,OWID_WRL,1910,2871834000
World,OWID_WRL,1911,2909143600
World,OWID_WRL,1912,3058476300
World,OWID_WRL,1913,3302354200
World,OWID_WRL,1914,2971225600
World,OWID_WRL,1915,2908266200
World,OWID_WRL,1916,3135505400
World,OWID_WRL,1917,3265621500
World,OWID_WRL,1918,3215897300
World,OWID_WRL,1919,2720155000
World,OWID_WRL,1920,3132616200
World,OWID_WRL,1921,2672104400
World,OWID_WRL,1922,2773434000
World,OWID_WRL,1923,3149714700
World,OWID_WRL,1924,3155952000
World,OWID_WRL,1925,3153677300
World,OWID_WRL,1926,3084044000
World,OWID_WRL,1927,3364399000
World,OWID_WRL,1928,3307581000
World,OWID_WRL,1929,3523883500
World,OWID_WRL,1930,3216250600
World,OWID_WRL,1931,2833195500
World,OWID_WRL,1932,2522369800
World,OWID_WRL,1933,2638807000
World,OWID_WRL,1934,2880470300
World,OWID_WRL,1935,2998368800
World,OWID_WRL,1936,3287720700
World,OWID_WRL,1937,3465992000
World,OWID_WRL,1938,3230585600
World,OWID_WRL,1939,3435781000
World,OWID_WRL,1940,3795503000
World,OWID_WRL,1941,3885963000
World,OWID_WRL,1942,3910556200
World,OWID_WRL,1943,3926686000
World,OWID_WRL,1944,3869107200
World,OWID_WRL,1945,2999876000
World,OWID_WRL,1946,3236010500
World,OWID_WRL,1947,3623153700
World,OWID_WRL,1948,3740726800
World,OWID_WRL,1949,3547274000
World,OWID_WRL,1950,3879954700
World,OWID_WRL,1951,4084146000
World,OWID_WRL,1952,4030055700
World,OWID_WRL,1953,4061100800
World,OWID_WRL,1954,4053675800
World,OWID_WRL,1955,4386082300
World,OWID_WRL,1956,4608297000
World,OWID_WRL,1957,4691582500
World,OWID_WRL,1958,4761458700
World,OWID_WRL,1959,4953932300
World,OWID_WRL,1960,5158322700
World,OWID_WRL,1961,4944186000
World,OWID_WRL,1962,4928587300
World,OWID_WRL,1963,5107930600
World,OWID_WRL,1964,5213214700
World,OWID_WRL,1965,5289088500
World,OWID_WRL,1966,5349977600
World,OWID_WRL,1967,5261868000
World,OWID_WRL,1968,5319658500
World,OWID_WRL,1969,5518273500
World,OWID_WRL,1970,5698858500
World,OWID_WRL,1971,5700055000
World,OWID_WRL,1972,5691283500
World,OWID_WRL,1973,5860898300
World,OWID_WRL,1974,5857693000
World,OWID_WRL,1975,6018315000
World,OWID_WRL,1976,6226340000
World,OWID_WRL,1977,6375023600
World,OWID_WRL,1978,6510128000
World,OWID_WRL,1979,6799881700
World,OWID_WRL,1980,6984989700
World,OWID_WRL,1981,6942941000
World,OWID_WRL,1982,7066996700
World,OWID_WRL,1983,7269239300
World,OWID_WRL,1984,7586115000
World,OWID_WRL,1985,8144824300
World,OWID_WRL,1986,8261465600
World,OWID_WRL,1987,8549229600
World,OWID_WRL,1988,8836429000
World,OWID_WRL,1989,8827798000
World,OWID_WRL,1990,8659787000
World,OWID_WRL,1991,8574089700
World,OWID_WRL,1992,8361174000
World,OWID_WRL,1993,8470028300
World,OWID_WRL,1994,8513747000
World,OWID_WRL,1995,8758441000
World,OWID_WRL,1996,8976964000
World,OWID_WRL,1997,8927300000
World,OWID_WRL,1998,8689001000
World,OWID_WRL,1999,8809093000
World,OWID_WRL,2000,9156638000
World,OWID_WRL,2001,9208429000
World,OWID_WRL,2002,9630181000
World,OWID_WRL,2003,10466565000
World,OWID_WRL,2004,10813392000
World,OWID_WRL,2005,11498500000
World,OWID_WRL,2006,12136238000
World,OWID_WRL,2007,12724451000
World,OWID_WRL,2008,13149669000
World,OWID_WRL,2009,13003172000
World,OWID_WRL,2010,13918223000
World,OWID_WRL,2011,14704222000
World,OWID_WRL,2012,14867802000
World,OWID_WRL,2013,14953154000
World,OWID_WRL,2014,15014883000
World,OWID_WRL,2015,14655017000
World,OWID_WRL,2016,14322989000
World,OWID_WRL,2017,14494168000
World,OWID_WRL,2018,14762695000
World,OWID_WRL,2019,14702957000
World,OWID_WRL,2020,14267036000
World,OWID_WRL,2021,14969249000
World,OWID_WRL,2022,15449177000
World,OWID_WRL,2023,15636374000
World,OWID_WRL,2024,15805254000
Yemen,YEM,2008,128240.01
Yemen,YEM,2009,238160
Yemen,YEM,2010,450672
Yemen,YEM,2011,406704
Yemen,YEM,2012,414106
Yemen,YEM,2013,436016
Yemen,YEM,2014,436016
Yemen,YEM,2015,315104
Yemen,YEM,2016,285792
Yemen,YEM,2017,271029
Yemen,YEM,2018,271136
Yemen,YEM,2019,278378
Yemen,YEM,2020,252815.98
Yemen,YEM,2021,252730.02
Yemen,YEM,2022,256390.98
Yemen,YEM,2023,431179
Yemen,YEM,2024,509365.03
Zambia,ZMB,1950,2210712
Zambia,ZMB,1951,2392840
Zambia,ZMB,1952,2679026
Zambia,ZMB,1953,2902225
Zambia,ZMB,1954,3182145
Zambia,ZMB,1955,3758531
Zambia,ZMB,1956,4046614.2
Zambia,ZMB,1957,4152185
Zambia,ZMB,1958,3594121
Zambia,ZMB,1959,4115148
Zambia,ZMB,1960,3888224
Zambia,ZMB,1961,3254802
Zambia,ZMB,1962,3109374
Zambia,ZMB,1963,2966964
Zambia,ZMB,1964,2751664
Zambia,ZMB,1965,3220656
Zambia,ZMB,1966,2835936
Zambia,ZMB,1967,3675844
Zambia,ZMB,1968,3324246
Zambia,ZMB,1969,2887232
Zambia,ZMB,1970,2436560
Zambia,ZMB,1971,2172752
Zambia,ZMB,1972,2337632
Zambia,ZMB,1973,2247901
Zambia,ZMB,1974,1985888
Zambia,ZMB,1975,1857648
Zambia,ZMB,1976,1795360
Zambia,ZMB,1977,1590176
Zambia,ZMB,1978,1403312
Zambia,ZMB,1979,1342390
Zambia,ZMB,1980,1352016
Zambia,ZMB,1981,1132176
Zambia,ZMB,1982,1352016
Zambia,ZMB,1983,1011263.94
Zambia,ZMB,1984,1128512
Zambia,ZMB,1985,1106528
Zambia,ZMB,1986,1223776
Zambia,ZMB,1987,1024530.06
Zambia,ZMB,1988,1382942
Zambia,ZMB,1989,875696
Zambia,ZMB,1990,831728
Zambia,ZMB,1991,839056
Zambia,ZMB,1992,872032
Zambia,ZMB,1993,883024
Zambia,ZMB,1994,839056
Zambia,ZMB,1995,329760
Zambia,ZMB,1996,421360
Zambia,ZMB,1997,484397
Zambia,ZMB,1998,461664
Zambia,ZMB,1999,278464
Zambia,ZMB,2000,289456
Zambia,ZMB,2001,300448
Zambia,ZMB,2002,304112
Zambia,ZMB,2003,322432
Zambia,ZMB,2004,238573
Zambia,ZMB,2005,315104
Zambia,ZMB,2006,131904
Zambia,ZMB,2007,293120
Zambia,ZMB,2008,315104
Zambia,ZMB,2009,403538
Zambia,ZMB,2010,384274
Zambia,ZMB,2011,271136
Zambia,ZMB,2012,359072
Zambia,ZMB,2013,465711
Zambia,ZMB,2014,890352
Zambia,ZMB,2015,949601
Zambia,ZMB,2016,967296
Zambia,ZMB,2017,2513504
Zambia,ZMB,2018,3982768
Zambia,ZMB,2019,3442746
Zambia,ZMB,2020,4424061
Zambia,ZMB,2021,3511487
Zambia,ZMB,2022,5081968
Zambia,ZMB,2023,5875886
Zambia,ZMB,2024,5999348
Zimbabwe,ZWE,1903,113584
Zimbabwe,ZWE,1904,142896
Zimbabwe,ZWE,1905,234496
Zimbabwe,ZWE,1906,252815.98
Zimbabwe,ZWE,1907,278464
Zimbabwe,ZWE,1908,395712
Zimbabwe,ZWE,1909,410368
Zimbabwe,ZWE,1910,432352
Zimbabwe,ZWE,1911,512960.03
Zimbabwe,ZWE,1912,520288
Zimbabwe,ZWE,1913,582576
Zimbabwe,ZWE,1914,842720
Zimbabwe,ZWE,1915,985616
Zimbabwe,ZWE,1916,1183472
Zimbabwe,ZWE,1917,1322704
Zimbabwe,ZWE,1918,1179808
Zimbabwe,ZWE,1919,1227440
Zimbabwe,ZWE,1920,1388656
Zimbabwe,ZWE,1921,1384992
Zimbabwe,ZWE,1922,1242096
Zimbabwe,ZWE,1923,1483920
Zimbabwe,ZWE,1924,1568192
Zimbabwe,ZWE,1925,1828336
Zimbabwe,ZWE,1926,2322976
Zimbabwe,ZWE,1927,2410912
Zimbabwe,ZWE,1928,2905552
Zimbabwe,ZWE,1929,2751664
Zimbabwe,ZWE,1930,2491520
Zimbabwe,ZWE,1931,1557200
Zimbabwe,ZWE,1932,1161488
Zimbabwe,ZWE,1933,1282400
Zimbabwe,ZWE,1934,1707424
Zimbabwe,ZWE,1935,1842992
Zimbabwe,ZWE,1936,1868640
Zimbabwe,ZWE,1937,2733344
Zimbabwe,ZWE,1938,2769984
Zimbabwe,ZWE,1939,2967840
Zimbabwe,ZWE,1940,3425840
Zimbabwe,ZWE,1941,3744608
Zimbabwe,ZWE,1942,4140319.8
Zimbabwe,ZWE,1943,4719232
Zimbabwe,ZWE,1944,4796176
Zimbabwe,ZWE,1945,4429776
Zimbabwe,ZWE,1946,4279552
Zimbabwe,ZWE,1947,4001088.2
Zimbabwe,ZWE,1948,4499392
Zimbabwe,ZWE,1949,5089296
Zimbabwe,ZWE,1950,2859943
Zimbabwe,ZWE,1951,3034779
Zimbabwe,ZWE,1952,3389709
Zimbabwe,ZWE,1953,3656211
Zimbabwe,ZWE,1954,4003289.2
Zimbabwe,ZWE,1955,4739632
Zimbabwe,ZWE,1956,5043926
Zimbabwe,ZWE,1957,5170127
Zimbabwe,ZWE,1958,4364494
Zimbabwe,ZWE,1959,5085185
Zimbabwe,ZWE,1960,4766616
Zimbabwe,ZWE,1961,3914846
Zimbabwe,ZWE,1962,3698499
Zimbabwe,ZWE,1963,3504777
Zimbabwe,ZWE,1964,3186628
Zimbabwe,ZWE,1965,3401464
Zimbabwe,ZWE,1966,4990368
Zimbabwe,ZWE,1967,4176960
Zimbabwe,ZWE,1968,4957392
Zimbabwe,ZWE,1969,5191888
Zimbabwe,ZWE,1970,6551232
Zimbabwe,ZWE,1971,7002631
Zimbabwe,ZWE,1972,6294752
Zimbabwe,ZWE,1973,7185104
Zimbabwe,ZWE,1974,6796720
Zimbabwe,ZWE,1975,5869728
Zimbabwe,ZWE,1976,8940160
Zimbabwe,ZWE,1977,7357312
Zimbabwe,ZWE,1978,7380049
Zimbabwe,ZWE,1979,7738368
Zimbabwe,ZWE,1980,7712720
Zimbabwe,ZWE,1981,7214416
Zimbabwe,ZWE,1982,7067856
Zimbabwe,ZWE,1983,8335600
Zimbabwe,ZWE,1984,7766886
Zimbabwe,ZWE,1985,8049807.5
Zimbabwe,ZWE,1986,10849104
Zimbabwe,ZWE,1987,13003001
Zimbabwe,ZWE,1988,13402912
Zimbabwe,ZWE,1989,13611760
Zimbabwe,ZWE,1990,13414412
Zimbabwe,ZWE,1991,12772704
Zimbabwe,ZWE,1992,13515790
Zimbabwe,ZWE,1993,12556528
Zimbabwe,ZWE,1994,13553136
Zimbabwe,ZWE,1995,10610944
Zimbabwe,ZWE,1996,10497360
Zimbabwe,ZWE,1997,9493424
Zimbabwe,ZWE,1998,9731584
Zimbabwe,ZWE,1999,10599952
Zimbabwe,ZWE,2000,10123632
Zimbabwe,ZWE,2001,9538268
Zimbabwe,ZWE,2002,9123360
Zimbabwe,ZWE,2003,8182553.5
Zimbabwe,ZWE,2004,7416723
Zimbabwe,ZWE,2005,8474832
Zimbabwe,ZWE,2006,8185376
Zimbabwe,ZWE,2007,7807984
Zimbabwe,ZWE,2008,5954843
Zimbabwe,ZWE,2009,6338720
Zimbabwe,ZWE,2010,6507264
Zimbabwe,ZWE,2011,6719776
Zimbabwe,ZWE,2012,6998240
Zimbabwe,ZWE,2013,7104496
Zimbabwe,ZWE,2014,7732336
Zimbabwe,ZWE,2015,7676080
Zimbabwe,ZWE,2016,6722095
Zimbabwe,ZWE,2017,6003064
Zimbabwe,ZWE,2018,6488944
Zimbabwe,ZWE,2019,6010487
Zimbabwe,ZWE,2020,4931744
Zimbabwe,ZWE,2021,5935680
Zimbabwe,ZWE,2022,7165461
Zimbabwe,ZWE,2023,8284867.5
Zimbabwe,ZWE,2024,8458947